block_geoid,block_group_geoid,precinct_id,municipality,ward,precinct,precinct_name,population_2020,housing_units_2020,land_area_sq_m_2020,water_area_sq_m_2020,internal_lon,internal_lat,assignment_method,overlap_area_sq_m,block_geometry_area_sq_m,overlap_pct_of_block,boundary_review_flag
250173571002025,250173571002,BEL-00-01,Belmont,,1,Belmont Precinct 1,85,36,12045,0,-071.1569088,+42.3984515,largest_overlap,12035.084,12044.101,99.925,False
250173571002026,250173571002,BEL-00-01,Belmont,,1,Belmont Precinct 1,544,285,26262,0,-071.1565298,+42.3972266,largest_overlap,26236.536,26260.397,99.909,False
250173571002027,250173571002,BEL-00-01,Belmont,,1,Belmont Precinct 1,113,45,17867,0,-071.1580609,+42.3977688,largest_overlap,17839.149,17866.088,99.849,False
250173571002028,250173571002,BEL-00-01,Belmont,,1,Belmont Precinct 1,65,25,10373,0,-071.1582140,+42.3968529,largest_overlap,10365.741,10371.991,99.94,False
250173571002029,250173571002,BEL-00-01,Belmont,,1,Belmont Precinct 1,0,0,13927,0,-071.1573294,+42.3962688,largest_overlap,13857.342,13925.568,99.51,False
250173571002030,250173571002,BEL-00-01,Belmont,,1,Belmont Precinct 1,0,0,2712,0,-071.1575358,+42.3959180,largest_overlap,2709.847,2711.898,99.924,False
250173572001000,250173572001,BEL-00-01,Belmont,,1,Belmont Precinct 1,0,0,8718,0,-071.1576963,+42.3956369,largest_overlap,8653.441,8717.006,99.271,False
250173572001001,250173572001,BEL-00-01,Belmont,,1,Belmont Precinct 1,17,1,15628,0,-071.1599511,+42.3954801,covered,15626.807,15626.807,100.0,False
250173572001002,250173572001,BEL-00-01,Belmont,,1,Belmont Precinct 1,0,0,202996,48597,-071.1631183,+42.3927245,covered,251578.161,251578.161,100.0,False
250173572001003,250173572001,BEL-00-01,Belmont,,1,Belmont Precinct 1,0,0,23355,0,-071.1732450,+42.3955771,covered,23353.273,23353.273,100.0,False
250173572001004,250173572001,BEL-00-01,Belmont,,1,Belmont Precinct 1,172,82,31675,0,-071.1604639,+42.3932727,covered,31672.623,31672.623,100.0,False
250173572001005,250173572001,BEL-00-01,Belmont,,1,Belmont Precinct 1,155,59,40466,0,-071.1593623,+42.3934236,covered,40463.47,40463.47,100.0,False
250173572001006,250173572001,BEL-00-01,Belmont,,1,Belmont Precinct 1,0,0,5504,0,-071.1580588,+42.3951188,largest_overlap,5401.002,5503.699,98.134,False
250173572001007,250173572001,BEL-00-01,Belmont,,1,Belmont Precinct 1,50,15,12256,0,-071.1636826,+42.3915280,covered,12255.453,12255.453,100.0,False
250173572001008,250173572001,BEL-00-01,Belmont,,1,Belmont Precinct 1,46,17,13764,0,-071.1645298,+42.3916965,covered,13763.153,13763.153,100.0,False
250173572001009,250173572001,BEL-00-01,Belmont,,1,Belmont Precinct 1,41,17,12432,0,-071.1653042,+42.3919153,covered,12431.083,12431.083,100.0,False
250173572001010,250173572001,BEL-00-01,Belmont,,1,Belmont Precinct 1,235,76,100772,0,-071.1650719,+42.3895223,largest_overlap,100704.709,100765.686,99.939,False
250173572001011,250173572001,BEL-00-01,Belmont,,1,Belmont Precinct 1,34,10,9449,0,-071.1648331,+42.3902824,covered,9448.496,9448.496,100.0,False
250173572001012,250173572001,BEL-00-01,Belmont,,1,Belmont Precinct 1,0,0,2453,0,-071.1670571,+42.3921542,covered,2453.009,2453.009,100.0,False
250173572001013,250173572001,BEL-00-01,Belmont,,1,Belmont Precinct 1,56,20,23909,0,-071.1670571,+42.3906545,covered,23907.243,23907.243,100.0,False
250173572001014,250173572001,BEL-00-01,Belmont,,1,Belmont Precinct 1,84,29,21444,0,-071.1624000,+42.3878034,largest_overlap,21380.758,21442.936,99.71,False
250173572001015,250173572001,BEL-00-01,Belmont,,1,Belmont Precinct 1,39,13,12251,0,-071.1628903,+42.3894334,covered,12250.58,12250.58,100.0,False
250173572001016,250173572001,BEL-00-01,Belmont,,1,Belmont Precinct 1,53,21,20670,0,-071.1632443,+42.3901830,covered,20669.191,20669.191,100.0,False
250173572001017,250173572001,BEL-00-01,Belmont,,1,Belmont Precinct 1,51,19,10841,0,-071.1625008,+42.3908995,covered,10840.575,10840.575,100.0,False
250173572001018,250173572001,BEL-00-01,Belmont,,1,Belmont Precinct 1,49,15,10053,0,-071.1624777,+42.3916484,covered,10052.697,10052.697,100.0,False
250173572001019,250173572001,BEL-00-01,Belmont,,1,Belmont Precinct 1,139,61,26880,0,-071.1615081,+42.3932207,covered,26878.096,26878.096,100.0,False
250173572001020,250173572001,BEL-00-01,Belmont,,1,Belmont Precinct 1,82,34,21144,0,-071.1613772,+42.3903426,covered,21142.909,21142.909,100.0,False
250173572001021,250173572001,BEL-00-01,Belmont,,1,Belmont Precinct 1,106,46,61763,0,-071.1587679,+42.3901127,largest_overlap,61724.868,61759.594,99.944,False
250173572001022,250173572001,BEL-00-01,Belmont,,1,Belmont Precinct 1,95,35,14545,0,-071.1583907,+42.3914505,covered,14543.789,14543.789,100.0,False
250173572001023,250173572001,BEL-00-01,Belmont,,1,Belmont Precinct 1,114,46,22055,0,-071.1584005,+42.3927035,covered,22054.217,22054.217,100.0,False
250173572001024,250173572001,BEL-00-01,Belmont,,1,Belmont Precinct 1,53,18,17817,0,-071.1604897,+42.3897939,covered,17816.089,17816.089,100.0,False
250173572001025,250173572001,BEL-00-01,Belmont,,1,Belmont Precinct 1,66,26,71598,0,-071.1594201,+42.3877949,largest_overlap,71289.17,71593.835,99.574,False
250173572001026,250173572001,BEL-00-01,Belmont,,1,Belmont Precinct 1,61,24,19574,0,-071.1615310,+42.3877449,largest_overlap,19506.626,19572.955,99.661,False
250173572001027,250173572001,BEL-00-01,Belmont,,1,Belmont Precinct 1,50,17,20130,0,-071.1643503,+42.3868505,largest_overlap,19981.985,20128.324,99.273,False
250173572002000,250173572002,BEL-00-01,Belmont,,1,Belmont Precinct 1,55,21,24182,0,-071.1678302,+42.3923234,covered,24180.214,24180.214,100.0,False
250173572002001,250173572002,BEL-00-01,Belmont,,1,Belmont Precinct 1,57,18,18091,0,-071.1688122,+42.3927560,covered,18090.202,18090.202,100.0,False
250173572002002,250173572002,BEL-00-01,Belmont,,1,Belmont Precinct 1,43,19,15764,0,-071.1696654,+42.3930856,covered,15762.585,15762.585,100.0,False
250173572002003,250173572002,BEL-00-01,Belmont,,1,Belmont Precinct 1,91,28,18791,0,-071.1705885,+42.3934096,covered,18790.167,18790.167,100.0,False
250173572002004,250173572002,BEL-00-01,Belmont,,1,Belmont Precinct 1,0,0,15138,1806,-071.1716533,+42.3937522,covered,16942.882,16942.882,100.0,False
250173572002005,250173572002,BEL-00-01,Belmont,,1,Belmont Precinct 1,51,25,89741,0,-071.1741925,+42.3942658,largest_overlap,89571.347,89736.062,99.816,False
250173572002006,250173572002,BEL-00-01,Belmont,,1,Belmont Precinct 1,48,14,41289,0,-071.1719795,+42.3921241,largest_overlap,41254.079,41287.483,99.919,False
250173572002007,250173572002,BEL-00-01,Belmont,,1,Belmont Precinct 1,11,3,2295,0,-071.1717567,+42.3929670,covered,2294.592,2294.592,100.0,False
250173572002008,250173572002,BEL-00-01,Belmont,,1,Belmont Precinct 1,83,28,33070,0,-071.1713775,+42.3907938,largest_overlap,32751.959,33068.007,99.044,False
250173572002009,250173572002,BEL-00-01,Belmont,,1,Belmont Precinct 1,38,11,11472,0,-071.1723561,+42.3914545,largest_overlap,11469.704,11471.583,99.984,False
250173572002011,250173572002,BEL-00-01,Belmont,,1,Belmont Precinct 1,37,14,12648,0,-071.1687737,+42.3906375,largest_overlap,12504.833,12647.217,98.874,False
250173572002012,250173572002,BEL-00-01,Belmont,,1,Belmont Precinct 1,29,12,10142,0,-071.1689123,+42.3913314,covered,10141.248,10141.248,100.0,False
250173572002013,250173572002,BEL-00-01,Belmont,,1,Belmont Precinct 1,42,17,17350,0,-071.1674096,+42.3891420,largest_overlap,17348.342,17349.111,99.996,False
250173572002014,250173572002,BEL-00-01,Belmont,,1,Belmont Precinct 1,51,14,14480,0,-071.1667128,+42.3880317,covered,14479.011,14479.011,100.0,False
250173572002015,250173572002,BEL-00-01,Belmont,,1,Belmont Precinct 1,56,20,17659,0,-071.1682401,+42.3881454,largest_overlap,17630.376,17658.392,99.841,False
250173572002025,250173572002,BEL-00-01,Belmont,,1,Belmont Precinct 1,80,31,30824,0,-071.1662785,+42.3868412,largest_overlap,30575.358,30822.209,99.199,False
250173572002026,250173572002,BEL-00-01,Belmont,,1,Belmont Precinct 1,40,11,11342,0,-071.1667375,+42.3873159,covered,11341.385,11341.385,100.0,False
250173571001000,250173571001,BEL-00-02,Belmont,,2,Belmont Precinct 2,0,0,9871,0,-071.1698495,+42.4077537,largest_overlap,9863.97,9870.902,99.93,False
250173571001001,250173571001,BEL-00-02,Belmont,,2,Belmont Precinct 2,0,0,1553,0,-071.1768252,+42.4099736,covered,1552.772,1552.772,100.0,False
250173571001002,250173571001,BEL-00-02,Belmont,,2,Belmont Precinct 2,139,49,76678,0,-071.1677013,+42.4055470,largest_overlap,76579.744,76673.477,99.878,False
250173571001003,250173571001,BEL-00-02,Belmont,,2,Belmont Precinct 2,60,19,35263,0,-071.1738082,+42.4078445,covered,35261.307,35261.307,100.0,False
250173571001004,250173571001,BEL-00-02,Belmont,,2,Belmont Precinct 2,55,20,23696,0,-071.1708143,+42.4070266,covered,23694.157,23694.157,100.0,False
250173571001005,250173571001,BEL-00-02,Belmont,,2,Belmont Precinct 2,0,0,26198,0,-071.1676771,+42.4067662,largest_overlap,26175.927,26196.452,99.922,False
250173571001006,250173571001,BEL-00-02,Belmont,,2,Belmont Precinct 2,0,0,1111,0,-071.1645548,+42.4052123,largest_overlap,1017.411,1110.981,91.578,True
250173571001007,250173571001,BEL-00-02,Belmont,,2,Belmont Precinct 2,40,12,16167,0,-071.1674402,+42.4040835,covered,16166.484,16166.484,100.0,False
250173571001008,250173571001,BEL-00-02,Belmont,,2,Belmont Precinct 2,109,42,39631,0,-071.1688081,+42.4048574,covered,39628.6,39628.6,100.0,False
250173571001009,250173571001,BEL-00-02,Belmont,,2,Belmont Precinct 2,28,11,8604,0,-071.1697088,+42.4057246,covered,8603.815,8603.815,100.0,False
250173571001010,250173571001,BEL-00-02,Belmont,,2,Belmont Precinct 2,57,16,25726,0,-071.1717044,+42.4059914,covered,25724.397,25724.397,100.0,False
250173571001011,250173571001,BEL-00-02,Belmont,,2,Belmont Precinct 2,31,13,31847,0,-071.1740830,+42.4067055,covered,31845.302,31845.302,100.0,False
250173571001012,250173571001,BEL-00-02,Belmont,,2,Belmont Precinct 2,97,31,32369,0,-071.1706579,+42.4029374,covered,32367.072,32367.072,100.0,False
250173571001013,250173571001,BEL-00-02,Belmont,,2,Belmont Precinct 2,46,12,21904,0,-071.1710816,+42.4045025,covered,21903.001,21903.001,100.0,False
250173571001014,250173571001,BEL-00-02,Belmont,,2,Belmont Precinct 2,19,11,9261,0,-071.1703169,+42.4053008,covered,9260.649,9260.649,100.0,False
250173571001015,250173571001,BEL-00-02,Belmont,,2,Belmont Precinct 2,40,16,14179,0,-071.1699370,+42.4040168,covered,14178.229,14178.229,100.0,False
250173571001016,250173571001,BEL-00-02,Belmont,,2,Belmont Precinct 2,24,9,30024,0,-071.1730593,+42.4049706,covered,30022.25,30022.25,100.0,False
250173571001017,250173571001,BEL-00-02,Belmont,,2,Belmont Precinct 2,28,10,37412,0,-071.1749052,+42.4051625,covered,37409.547,37409.547,100.0,False
250173571001018,250173571001,BEL-00-02,Belmont,,2,Belmont Precinct 2,177,65,139870,0,-071.1736679,+42.4022846,covered,139862.292,139862.292,100.0,False
250173571004000,250173571004,BEL-00-02,Belmont,,2,Belmont Precinct 2,83,34,37143,0,-071.1672334,+42.4028973,largest_overlap,36999.628,37140.462,99.621,False
250173571004001,250173571004,BEL-00-02,Belmont,,2,Belmont Precinct 2,93,32,28790,0,-071.1710319,+42.4010672,largest_overlap,28519.151,28788.737,99.064,False
250173571004003,250173571004,BEL-00-02,Belmont,,2,Belmont Precinct 2,39,15,12148,0,-071.1679404,+42.4020541,largest_overlap,11981.759,12147.657,98.634,False
250173571004013,250173571004,BEL-00-02,Belmont,,2,Belmont Precinct 2,28,13,24699,0,-071.1734927,+42.3993830,largest_overlap,24572.224,24697.902,99.491,False
250173571004014,250173571004,BEL-00-02,Belmont,,2,Belmont Precinct 2,15,5,17947,0,-071.1747819,+42.3974496,largest_overlap,17789.086,17945.563,99.128,False
250173577001000,250173577001,BEL-00-02,Belmont,,2,Belmont Precinct 2,0,0,232661,12733,-071.2035937,+42.4102748,largest_overlap,244988.808,245381.133,99.84,False
250173577001003,250173577001,BEL-00-02,Belmont,,2,Belmont Precinct 2,37,11,21506,0,-071.2004154,+42.4064514,largest_overlap,21375.597,21504.977,99.398,False
250173577001004,250173577001,BEL-00-02,Belmont,,2,Belmont Precinct 2,35,9,13136,0,-071.1992238,+42.4069196,covered,13135.364,13135.364,100.0,False
250173577001005,250173577001,BEL-00-02,Belmont,,2,Belmont Precinct 2,20,8,26860,0,-071.2008883,+42.4075647,largest_overlap,26805.581,26858.288,99.804,False
250173577001006,250173577001,BEL-00-02,Belmont,,2,Belmont Precinct 2,59,20,33438,0,-071.1983606,+42.4052254,largest_overlap,33165.934,33436.01,99.192,False
250173578001000,250173578001,BEL-00-02,Belmont,,2,Belmont Precinct 2,51,13,23808,0,-071.1760367,+42.4090788,covered,23806.193,23806.193,100.0,False
250173578001001,250173578001,BEL-00-02,Belmont,,2,Belmont Precinct 2,82,36,62045,0,-071.1782348,+42.4089138,covered,62040.963,62040.963,100.0,False
250173578001002,250173578001,BEL-00-02,Belmont,,2,Belmont Precinct 2,0,0,8273,0,-071.1797024,+42.4103531,covered,8273.011,8273.011,100.0,False
250173578001003,250173578001,BEL-00-02,Belmont,,2,Belmont Precinct 2,4,4,41312,0,-071.1897751,+42.4132673,covered,41309.158,41309.158,100.0,False
250173578001004,250173578001,BEL-00-02,Belmont,,2,Belmont Precinct 2,0,0,10631,0,-071.1820054,+42.4109302,covered,10629.948,10629.948,100.0,False
250173578001005,250173578001,BEL-00-02,Belmont,,2,Belmont Precinct 2,0,0,3069,0,-071.1796713,+42.4105033,covered,3069.237,3069.237,100.0,False
250173578001006,250173578001,BEL-00-02,Belmont,,2,Belmont Precinct 2,29,11,9984,0,-071.1805692,+42.4100193,covered,9983.799,9983.799,100.0,False
250173578001007,250173578001,BEL-00-02,Belmont,,2,Belmont Precinct 2,19,6,13393,0,-071.1817787,+42.4095428,covered,13392.068,13392.068,100.0,False
250173578001008,250173578001,BEL-00-02,Belmont,,2,Belmont Precinct 2,31,9,12292,0,-071.1826400,+42.4099604,covered,12291.397,12291.397,100.0,False
250173578001009,250173578001,BEL-00-02,Belmont,,2,Belmont Precinct 2,36,7,10063,0,-071.1834933,+42.4103464,covered,10062.453,10062.453,100.0,False
250173578001010,250173578001,BEL-00-02,Belmont,,2,Belmont Precinct 2,53,18,39073,0,-071.1846464,+42.4098405,covered,39070.717,39070.717,100.0,False
250173578001011,250173578001,BEL-00-02,Belmont,,2,Belmont Precinct 2,143,46,168536,0,-071.1887499,+42.4112416,covered,168526.537,168526.537,100.0,False
250173578001012,250173578001,BEL-00-02,Belmont,,2,Belmont Precinct 2,63,17,33448,0,-071.1919970,+42.4121164,covered,33445.686,33445.686,100.0,False
250173578001013,250173578001,BEL-00-02,Belmont,,2,Belmont Precinct 2,59,19,44878,0,-071.1864137,+42.4092113,covered,44875.748,44875.748,100.0,False
250173578001014,250173578001,BEL-00-02,Belmont,,2,Belmont Precinct 2,45,17,35866,0,-071.1933222,+42.4123732,covered,35863.729,35863.729,100.0,False
250173578001015,250173578001,BEL-00-02,Belmont,,2,Belmont Precinct 2,65,21,50152,0,-071.1916498,+42.4100890,covered,50149.497,50149.497,100.0,False
250173578001016,250173578001,BEL-00-02,Belmont,,2,Belmont Precinct 2,71,22,51355,0,-071.1915790,+42.4087218,covered,51351.673,51351.673,100.0,False
250173578001017,250173578001,BEL-00-02,Belmont,,2,Belmont Precinct 2,15,4,4466,0,-071.1794408,+42.4099301,covered,4465.446,4465.446,100.0,False
250173578001018,250173578001,BEL-00-02,Belmont,,2,Belmont Precinct 2,77,32,133661,0,-071.1780246,+42.4067704,covered,133652.623,133652.623,100.0,False
250173578001019,250173578001,BEL-00-02,Belmont,,2,Belmont Precinct 2,84,29,75688,0,-071.1841038,+42.4080508,covered,75682.136,75682.136,100.0,False
250173578001020,250173578001,BEL-00-02,Belmont,,2,Belmont Precinct 2,22,8,18396,0,-071.1878327,+42.4076707,covered,18395.275,18395.275,100.0,False
250173578003000,250173578003,BEL-00-02,Belmont,,2,Belmont Precinct 2,7,1,2501,0,-071.1948984,+42.4149167,largest_overlap,2470.654,2500.942,98.789,False
250173578003001,250173578003,BEL-00-02,Belmont,,2,Belmont Precinct 2,19,6,315576,1495,-071.1987136,+42.4119518,largest_overlap,317007.269,317052.461,99.986,False
250173578003002,250173578003,BEL-00-02,Belmont,,2,Belmont Precinct 2,213,63,213725,0,-071.1919975,+42.4080552,covered,213712.597,213712.597,100.0,False
250173578003003,250173578003,BEL-00-02,Belmont,,2,Belmont Precinct 2,20,8,23421,0,-071.1968513,+42.4083914,covered,23420.09,23420.09,100.0,False
250173578003004,250173578003,BEL-00-02,Belmont,,2,Belmont Precinct 2,10,1,1553,0,-071.1972321,+42.4084354,covered,1552.785,1552.785,100.0,False
250173578003005,250173578003,BEL-00-02,Belmont,,2,Belmont Precinct 2,7,7,13952,0,-071.1980301,+42.4084489,covered,13950.702,13950.702,100.0,False
250173578003006,250173578003,BEL-00-02,Belmont,,2,Belmont Precinct 2,57,18,31932,0,-071.1981977,+42.4075055,covered,31930.349,31930.349,100.0,False
250173578003007,250173578003,BEL-00-02,Belmont,,2,Belmont Precinct 2,16,2,392082,2225,-071.1879680,+42.4031190,largest_overlap,394036.581,394283.904,99.937,False
250173578003008,250173578003,BEL-00-02,Belmont,,2,Belmont Precinct 2,165,64,306236,0,-071.1918782,+42.4045941,largest_overlap,305841.492,306218.254,99.877,False
250173578003009,250173578003,BEL-00-02,Belmont,,2,Belmont Precinct 2,27,5,9775,0,-071.1953195,+42.4045711,covered,9774.53,9774.53,100.0,False
250173578003010,250173578003,BEL-00-02,Belmont,,2,Belmont Precinct 2,42,18,26854,0,-071.1969518,+42.4052552,covered,26851.971,26851.971,100.0,False
250173578003011,250173578003,BEL-00-02,Belmont,,2,Belmont Precinct 2,0,0,4569,0,-071.1878037,+42.4001379,largest_overlap,4540.9,4568.464,99.397,False
250173578003012,250173578003,BEL-00-02,Belmont,,2,Belmont Precinct 2,64,17,68662,0,-071.1829076,+42.4031525,covered,68658.22,68658.22,100.0,False
250173578003013,250173578003,BEL-00-02,Belmont,,2,Belmont Precinct 2,56,16,32652,0,-071.1799502,+42.4046330,covered,32649.878,32649.878,100.0,False
250173578003014,250173578003,BEL-00-02,Belmont,,2,Belmont Precinct 2,73,25,67925,0,-071.1779372,+42.4036678,covered,67920.572,67920.572,100.0,False
250173578003015,250173578003,BEL-00-02,Belmont,,2,Belmont Precinct 2,177,57,176473,687,-071.1769709,+42.4008594,covered,177150.094,177150.094,100.0,False
250173578003016,250173578003,BEL-00-02,Belmont,,2,Belmont Precinct 2,39,15,39282,0,-071.1770268,+42.3982225,largest_overlap,39247.279,39279.927,99.917,False
250173578003017,250173578003,BEL-00-02,Belmont,,2,Belmont Precinct 2,103,38,225090,1445,-071.1819920,+42.3994248,largest_overlap,225745.558,226521.713,99.657,False
250173578003019,250173578003,BEL-00-02,Belmont,,2,Belmont Precinct 2,36,13,24691,0,-071.1757816,+42.3977956,largest_overlap,24644.411,24690.384,99.814,False
250173578003020,250173578003,BEL-00-02,Belmont,,2,Belmont Precinct 2,14,6,10267,0,-071.1747054,+42.3991225,covered,10266.521,10266.521,100.0,False
250173578003022,250173578003,BEL-00-02,Belmont,,2,Belmont Precinct 2,0,0,11979,0,-071.1768364,+42.3966734,largest_overlap,11834.236,11978.131,98.799,False
250173581003018,250173581003,BEL-00-02,Belmont,,2,Belmont Precinct 2,0,0,306461,2822,-071.2072023,+42.4140431,largest_overlap,377.156,309265.236,0.122,True
250173577001001,250173577001,BEL-00-03,Belmont,,3,Belmont Precinct 3,0,0,205625,0,-071.2044348,+42.4062737,largest_overlap,205332.271,205612.617,99.864,False
250173577001002,250173577001,BEL-00-03,Belmont,,3,Belmont Precinct 3,0,0,102679,0,-071.2080741,+42.4062686,largest_overlap,102212.281,102673.029,99.551,False
250173577001007,250173577001,BEL-00-03,Belmont,,3,Belmont Precinct 3,8,1,209956,0,-071.1994915,+42.4023552,largest_overlap,209795.774,209943.681,99.93,False
250173577001008,250173577001,BEL-00-03,Belmont,,3,Belmont Precinct 3,98,28,72391,5995,-071.1965383,+42.3927989,largest_overlap,77863.4,78382.327,99.338,False
250173577001009,250173577001,BEL-00-03,Belmont,,3,Belmont Precinct 3,31,14,11458,0,-071.1967177,+42.3967348,covered,11457.411,11457.411,100.0,False
250173577001010,250173577001,BEL-00-03,Belmont,,3,Belmont Precinct 3,24,11,10231,0,-071.1974403,+42.3971411,covered,10230.416,10230.416,100.0,False
250173577001011,250173577001,BEL-00-03,Belmont,,3,Belmont Precinct 3,47,12,11761,0,-071.1982783,+42.3977400,covered,11760.284,11760.284,100.0,False
250173577001012,250173577001,BEL-00-03,Belmont,,3,Belmont Precinct 3,68,29,22701,0,-071.1963866,+42.3982496,covered,22699.901,22699.901,100.0,False
250173577001013,250173577001,BEL-00-03,Belmont,,3,Belmont Precinct 3,0,0,1087,0,-071.1964677,+42.3984593,covered,1086.808,1086.808,100.0,False
250173577001014,250173577001,BEL-00-03,Belmont,,3,Belmont Precinct 3,10,3,126972,0,-071.1965653,+42.4003309,covered,126964.556,126964.556,100.0,False
250173577001015,250173577001,BEL-00-03,Belmont,,3,Belmont Precinct 3,71,24,554375,0,-071.1886726,+42.3960168,covered,554343.08,554343.08,100.0,False
250173577001016,250173577001,BEL-00-03,Belmont,,3,Belmont Precinct 3,76,33,162231,0,-071.1920160,+42.3964030,covered,162221.168,162221.168,100.0,False
250173577001017,250173577001,BEL-00-03,Belmont,,3,Belmont Precinct 3,34,11,15010,0,-071.1957753,+42.3975194,covered,15009.258,15009.258,100.0,False
250173577001018,250173577001,BEL-00-03,Belmont,,3,Belmont Precinct 3,31,18,48694,0,-071.1940271,+42.3954075,covered,48691.31,48691.31,100.0,False
250173577001019,250173577001,BEL-00-03,Belmont,,3,Belmont Precinct 3,12,6,8245,0,-071.1953904,+42.3965918,covered,8244.87,8244.87,100.0,False
250173577001020,250173577001,BEL-00-03,Belmont,,3,Belmont Precinct 3,6,2,3094,0,-071.1954805,+42.3958136,covered,3094.11,3094.11,100.0,False
250173577001021,250173577001,BEL-00-03,Belmont,,3,Belmont Precinct 3,44,25,35286,0,-071.1934080,+42.3928240,covered,35283.639,35283.639,100.0,False
250173577001022,250173577001,BEL-00-03,Belmont,,3,Belmont Precinct 3,79,36,59617,0,-071.1950144,+42.3927110,covered,59613.227,59613.227,100.0,False
250173577001023,250173577001,BEL-00-03,Belmont,,3,Belmont Precinct 3,163,112,31447,0,-071.1941054,+42.3898828,largest_overlap,31233.013,31445.905,99.323,False
250173577001024,250173577001,BEL-00-03,Belmont,,3,Belmont Precinct 3,0,0,9066,0,-071.1946319,+42.3907331,covered,9065.789,9065.789,100.0,False
250173577001025,250173577001,BEL-00-03,Belmont,,3,Belmont Precinct 3,109,43,156744,0,-071.1821569,+42.3953963,covered,156735.437,156735.437,100.0,False
250173577001026,250173577001,BEL-00-03,Belmont,,3,Belmont Precinct 3,39,7,13534,0,-071.1837151,+42.3961820,covered,13532.921,13532.921,100.0,False
250173577001027,250173577001,BEL-00-03,Belmont,,3,Belmont Precinct 3,0,0,20223,0,-071.1917994,+42.3919750,covered,20221.721,20221.721,100.0,False
250173577001028,250173577001,BEL-00-03,Belmont,,3,Belmont Precinct 3,4,1,133983,0,-071.1900532,+42.3932386,covered,133974.996,133974.996,100.0,False
250173577001029,250173577001,BEL-00-03,Belmont,,3,Belmont Precinct 3,17,1,10974,0,-071.1937238,+42.3914333,covered,10973.113,10973.113,100.0,False
250173577003000,250173577003,BEL-00-03,Belmont,,3,Belmont Precinct 3,0,0,90225,0,-071.1866187,+42.3903021,largest_overlap,90003.958,90218.706,99.762,False
250173577003001,250173577003,BEL-00-03,Belmont,,3,Belmont Precinct 3,208,79,61055,0,-071.1845279,+42.3895634,covered,61051.264,61051.264,100.0,False
250173577003002,250173577003,BEL-00-03,Belmont,,3,Belmont Precinct 3,82,26,11422,0,-071.1868201,+42.3889633,covered,11421.637,11421.637,100.0,False
250173577003003,250173577003,BEL-00-03,Belmont,,3,Belmont Precinct 3,36,20,17635,0,-071.1886998,+42.3881942,largest_overlap,17516.444,17633.909,99.334,False
250173577003004,250173577003,BEL-00-03,Belmont,,3,Belmont Precinct 3,174,74,32709,0,-071.1869755,+42.3879126,largest_overlap,32675.499,32706.659,99.905,False
250173577003005,250173577003,BEL-00-03,Belmont,,3,Belmont Precinct 3,48,18,7672,0,-071.1845089,+42.3878200,covered,7671.302,7671.302,100.0,False
250173577003006,250173577003,BEL-00-03,Belmont,,3,Belmont Precinct 3,122,43,17708,0,-071.1832131,+42.3882654,covered,17706.589,17706.589,100.0,False
250173577003007,250173577003,BEL-00-03,Belmont,,3,Belmont Precinct 3,121,52,23541,0,-071.1847156,+42.3867964,largest_overlap,23411.61,23540.035,99.454,False
250173577003008,250173577003,BEL-00-03,Belmont,,3,Belmont Precinct 3,128,52,21374,0,-071.1863031,+42.3871779,largest_overlap,21222.206,21372.298,99.298,False
250173577004001,250173577004,BEL-00-03,Belmont,,3,Belmont Precinct 3,72,33,8702,0,-071.1823443,+42.3876734,largest_overlap,8620.475,8701.048,99.074,False
250173577004007,250173577004,BEL-00-03,Belmont,,3,Belmont Precinct 3,124,53,15911,0,-071.1836436,+42.3864401,largest_overlap,15714.147,15909.737,98.771,False
250173578002000,250173578002,BEL-00-03,Belmont,,3,Belmont Precinct 3,67,17,19185,0,-071.1747643,+42.3915841,covered,19184.059,19184.059,100.0,False
250173578002001,250173578002,BEL-00-03,Belmont,,3,Belmont Precinct 3,115,53,33306,0,-071.1771986,+42.3905312,largest_overlap,33134.98,33303.519,99.494,False
250173578002002,250173578002,BEL-00-03,Belmont,,3,Belmont Precinct 3,0,0,23291,0,-071.1802831,+42.3899684,largest_overlap,23155.165,23289.689,99.422,False
250173578002003,250173578002,BEL-00-03,Belmont,,3,Belmont Precinct 3,72,29,18697,0,-071.1817928,+42.3888868,largest_overlap,18621.87,18696.062,99.603,False
250173578002004,250173578002,BEL-00-03,Belmont,,3,Belmont Precinct 3,30,8,9566,0,-071.1762173,+42.3895490,largest_overlap,9449.53,9565.432,98.788,False
250173578002005,250173578002,BEL-00-03,Belmont,,3,Belmont Precinct 3,61,20,19802,0,-071.1746740,+42.3904167,largest_overlap,19798.277,19800.434,99.989,False
250173578002006,250173578002,BEL-00-03,Belmont,,3,Belmont Precinct 3,23,5,12137,0,-071.1746341,+42.3894969,largest_overlap,12000.969,12136.761,98.881,False
250173578003018,250173578003,BEL-00-03,Belmont,,3,Belmont Precinct 3,68,21,69314,0,-071.1803531,+42.3974449,largest_overlap,69280.877,69310.136,99.958,False
250173578003021,250173578003,BEL-00-03,Belmont,,3,Belmont Precinct 3,21,4,25862,0,-071.1780958,+42.3956628,largest_overlap,25859.74,25860.574,99.997,False
250173578003023,250173578003,BEL-00-03,Belmont,,3,Belmont Precinct 3,0,0,13818,0,-071.1779036,+42.3952070,largest_overlap,13813.844,13817.609,99.973,False
250173578004000,250173578004,BEL-00-03,Belmont,,3,Belmont Precinct 3,53,15,18146,0,-071.1774515,+42.3949396,largest_overlap,18054.031,18145.483,99.496,False
250173578004001,250173578004,BEL-00-03,Belmont,,3,Belmont Precinct 3,68,22,34734,0,-071.1772586,+42.3938479,covered,34731.511,34731.511,100.0,False
250173578004002,250173578004,BEL-00-03,Belmont,,3,Belmont Precinct 3,101,32,27976,0,-071.1784048,+42.3928680,covered,27973.986,27973.986,100.0,False
250173578004003,250173578004,BEL-00-03,Belmont,,3,Belmont Precinct 3,24,8,9612,0,-071.1773504,+42.3917935,covered,9611.724,9611.724,100.0,False
250173578004004,250173578004,BEL-00-03,Belmont,,3,Belmont Precinct 3,409,149,87651,0,-071.1825795,+42.3906355,covered,87646.042,87646.042,100.0,False
250173578004005,250173578004,BEL-00-03,Belmont,,3,Belmont Precinct 3,60,24,8933,0,-071.1793511,+42.3913507,covered,8932.478,8932.478,100.0,False
250173578004006,250173578004,BEL-00-03,Belmont,,3,Belmont Precinct 3,76,28,8254,0,-071.1803277,+42.3924262,covered,8253.957,8253.957,100.0,False
250173578004007,250173578004,BEL-00-03,Belmont,,3,Belmont Precinct 3,67,28,8790,0,-071.1812023,+42.3919665,covered,8789.538,8789.538,100.0,False
250173578004008,250173578004,BEL-00-03,Belmont,,3,Belmont Precinct 3,38,14,26329,0,-071.1757478,+42.3922893,covered,26327.59,26327.59,100.0,False
250173578004009,250173578004,BEL-00-03,Belmont,,3,Belmont Precinct 3,47,14,15745,0,-071.1772977,+42.3926553,covered,15744.27,15744.27,100.0,False
250173576001000,250173576001,BEL-00-04,Belmont,,4,Belmont Precinct 4,108,48,11501,0,-071.1845343,+42.3850721,covered,11500.435,11500.435,100.0,False
250173576001001,250173576001,BEL-00-04,Belmont,,4,Belmont Precinct 4,56,15,9598,0,-071.1851345,+42.3856327,covered,9597.877,9597.877,100.0,False
250173576001002,250173576001,BEL-00-04,Belmont,,4,Belmont Precinct 4,130,52,15008,0,-071.1841253,+42.3845813,covered,15007.503,15007.503,100.0,False
250173576001003,250173576001,BEL-00-04,Belmont,,4,Belmont Precinct 4,242,107,82188,0,-071.1831737,+42.3832202,largest_overlap,82029.635,82183.47,99.813,False
250173576001005,250173576001,BEL-00-04,Belmont,,4,Belmont Precinct 4,139,54,18028,0,-071.1830331,+42.3814865,largest_overlap,17892.277,18026.958,99.253,False
250173576001006,250173576001,BEL-00-04,Belmont,,4,Belmont Precinct 4,81,40,12698,0,-071.1839768,+42.3812450,largest_overlap,12632.86,12697.451,99.491,False
250173576001007,250173576001,BEL-00-04,Belmont,,4,Belmont Precinct 4,88,31,10655,0,-071.1847865,+42.3811518,largest_overlap,10589.282,10654.046,99.392,False
250173576002000,250173576002,BEL-00-04,Belmont,,4,Belmont Precinct 4,111,51,29238,0,-071.1873501,+42.3857361,covered,29236.943,29236.943,100.0,False
250173576002001,250173576002,BEL-00-04,Belmont,,4,Belmont Precinct 4,151,76,35662,0,-071.1891563,+42.3852292,covered,35659.969,35659.969,100.0,False
250173576002002,250173576002,BEL-00-04,Belmont,,4,Belmont Precinct 4,139,67,27715,0,-071.1910514,+42.3844388,largest_overlap,27665.644,27713.614,99.827,False
250173576002003,250173576002,BEL-00-04,Belmont,,4,Belmont Precinct 4,91,37,31000,0,-071.1883850,+42.3832010,covered,30997.959,30997.959,100.0,False
250173576002004,250173576002,BEL-00-04,Belmont,,4,Belmont Precinct 4,216,92,24652,0,-071.1866208,+42.3842006,covered,24650.321,24650.321,100.0,False
250173576002005,250173576002,BEL-00-04,Belmont,,4,Belmont Precinct 4,57,24,10504,0,-071.1863141,+42.3853740,covered,10503.413,10503.413,100.0,False
250173576002006,250173576002,BEL-00-04,Belmont,,4,Belmont Precinct 4,172,58,27361,0,-071.1881343,+42.3813113,largest_overlap,27193.166,27359.277,99.393,False
250173576002007,250173576002,BEL-00-04,Belmont,,4,Belmont Precinct 4,57,17,13462,0,-071.1898576,+42.3823884,largest_overlap,13432.588,13461.157,99.788,False
250173576002008,250173576002,BEL-00-04,Belmont,,4,Belmont Precinct 4,44,15,11249,0,-071.1897396,+42.3833893,covered,11248.111,11248.111,100.0,False
250173576002009,250173576002,BEL-00-04,Belmont,,4,Belmont Precinct 4,72,27,13114,0,-071.1909782,+42.3834046,largest_overlap,13043.509,13113.125,99.469,False
250173576002010,250173576002,BEL-00-04,Belmont,,4,Belmont Precinct 4,8,1,1104,0,-071.1908795,+42.3826593,largest_overlap,1069.28,1103.851,96.868,False
250173576002011,250173576002,BEL-00-04,Belmont,,4,Belmont Precinct 4,65,37,11857,0,-071.1863787,+42.3827962,covered,11856.229,11856.229,100.0,False
250173576002012,250173576002,BEL-00-04,Belmont,,4,Belmont Precinct 4,93,35,11467,0,-071.1864587,+42.3833528,covered,11466.292,11466.292,100.0,False
250173576002013,250173576002,BEL-00-04,Belmont,,4,Belmont Precinct 4,14,3,1356,0,-071.1893538,+42.3811230,largest_overlap,1320.058,1355.692,97.372,False
250173576002014,250173576002,BEL-00-04,Belmont,,4,Belmont Precinct 4,28,9,5011,0,-071.1895911,+42.3816281,largest_overlap,4965.437,5010.559,99.099,False
250173576002015,250173576002,BEL-00-04,Belmont,,4,Belmont Precinct 4,36,17,5666,0,-071.1866869,+42.3816190,covered,5665.278,5665.278,100.0,False
250173576002016,250173576002,BEL-00-04,Belmont,,4,Belmont Precinct 4,50,24,9387,0,-071.1857229,+42.3821945,covered,9386.714,9386.714,100.0,False
250173576002017,250173576002,BEL-00-04,Belmont,,4,Belmont Precinct 4,35,14,5144,0,-071.1868056,+42.3821140,covered,5143.795,5143.795,100.0,False
250173576002018,250173576002,BEL-00-04,Belmont,,4,Belmont Precinct 4,97,37,14931,0,-071.1859795,+42.3810796,largest_overlap,14877.879,14930.335,99.649,False
250173576002019,250173576002,BEL-00-04,Belmont,,4,Belmont Precinct 4,31,8,5129,0,-071.1864676,+42.3805902,largest_overlap,5027.677,5128.798,98.028,False
250173577002000,250173577002,BEL-00-04,Belmont,,4,Belmont Precinct 4,282,66,55767,1128,-071.1941914,+42.3882980,largest_overlap,56684.633,56891.145,99.637,False
250173577002001,250173577002,BEL-00-04,Belmont,,4,Belmont Precinct 4,100,44,16220,0,-071.1929716,+42.3885294,covered,16219.348,16219.348,100.0,False
250173577002002,250173577002,BEL-00-04,Belmont,,4,Belmont Precinct 4,98,36,19830,0,-071.1927666,+42.3872234,largest_overlap,19814.397,19828.996,99.926,False
250173577002003,250173577002,BEL-00-04,Belmont,,4,Belmont Precinct 4,50,30,15281,0,-071.1927819,+42.3866282,largest_overlap,15231.135,15280.256,99.679,False
250173577002004,250173577002,BEL-00-04,Belmont,,4,Belmont Precinct 4,38,21,8518,0,-071.1913626,+42.3862603,covered,8517.706,8517.706,100.0,False
250173577002005,250173577002,BEL-00-04,Belmont,,4,Belmont Precinct 4,89,52,11132,0,-071.1924392,+42.3859764,covered,11131.477,11131.477,100.0,False
250173577002006,250173577002,BEL-00-04,Belmont,,4,Belmont Precinct 4,63,53,6271,0,-071.1934061,+42.3857281,largest_overlap,6236.579,6270.186,99.464,False
250173577002007,250173577002,BEL-00-04,Belmont,,4,Belmont Precinct 4,108,54,19284,0,-071.1918137,+42.3852479,largest_overlap,19238.514,19283.246,99.768,False
250173577003009,250173577003,BEL-00-04,Belmont,,4,Belmont Precinct 4,39,14,7605,0,-071.1881208,+42.3867632,covered,7604.096,7604.096,100.0,False
250173577003010,250173577003,BEL-00-04,Belmont,,4,Belmont Precinct 4,31,14,12624,0,-071.1899727,+42.3870084,covered,12623.669,12623.669,100.0,False
250173577003011,250173577003,BEL-00-04,Belmont,,4,Belmont Precinct 4,0,0,7133,0,-071.1907761,+42.3875186,covered,7131.698,7131.698,100.0,False
250173577003012,250173577003,BEL-00-04,Belmont,,4,Belmont Precinct 4,91,40,12450,0,-071.1897405,+42.3864210,covered,12448.774,12448.774,100.0,False
250173575002000,250173575002,BEL-00-05,Belmont,,5,Belmont Precinct 5,195,103,32670,0,-071.1769297,+42.3817755,largest_overlap,32668.27,32668.335,100.0,False
250173575002001,250173575002,BEL-00-05,Belmont,,5,Belmont Precinct 5,105,47,14835,0,-071.1795612,+42.3811589,largest_overlap,14766.535,14834.405,99.542,False
250173575002002,250173575002,BEL-00-05,Belmont,,5,Belmont Precinct 5,123,54,18572,0,-071.1804242,+42.3812733,largest_overlap,18505.141,18571.23,99.644,False
250173575002003,250173575002,BEL-00-05,Belmont,,5,Belmont Precinct 5,83,31,14429,0,-071.1787237,+42.3809554,largest_overlap,14368.66,14428.525,99.585,False
250173575002004,250173575002,BEL-00-05,Belmont,,5,Belmont Precinct 5,81,31,17818,0,-071.1770619,+42.3809853,covered,17817.239,17817.239,100.0,False
250173575002005,250173575002,BEL-00-05,Belmont,,5,Belmont Precinct 5,12,115,9416,0,-071.1753740,+42.3804297,largest_overlap,9375.911,9415.892,99.575,False
250173575002006,250173575002,BEL-00-05,Belmont,,5,Belmont Precinct 5,63,24,23874,0,-071.1769693,+42.3800811,largest_overlap,23589.495,23872.284,98.815,False
250173575003000,250173575003,BEL-00-05,Belmont,,5,Belmont Precinct 5,127,52,19717,0,-071.1790680,+42.3862975,covered,19715.801,19715.801,100.0,False
250173575003001,250173575003,BEL-00-05,Belmont,,5,Belmont Precinct 5,117,36,29888,0,-071.1767668,+42.3855388,largest_overlap,29864.392,29885.927,99.928,False
250173575003002,250173575003,BEL-00-05,Belmont,,5,Belmont Precinct 5,191,61,44614,0,-071.1766495,+42.3840431,largest_overlap,44610.072,44611.075,99.998,False
250173575003003,250173575003,BEL-00-05,Belmont,,5,Belmont Precinct 5,74,22,17121,0,-071.1768808,+42.3830726,covered,17120.071,17120.071,100.0,False
250173575003004,250173575003,BEL-00-05,Belmont,,5,Belmont Precinct 5,100,41,19093,0,-071.1778185,+42.3835160,covered,19091.434,19091.434,100.0,False
250173575003005,250173575003,BEL-00-05,Belmont,,5,Belmont Precinct 5,24,10,5634,0,-071.1784487,+42.3851453,covered,5634.2,5634.2,100.0,False
250173575003006,250173575003,BEL-00-05,Belmont,,5,Belmont Precinct 5,133,53,18170,0,-071.1787165,+42.3837936,covered,18168.624,18168.624,100.0,False
250173575003007,250173575003,BEL-00-05,Belmont,,5,Belmont Precinct 5,132,70,23166,0,-071.1796050,+42.3836737,covered,23164.154,23164.155,100.0,False
250173576001004,250173576001,BEL-00-05,Belmont,,5,Belmont Precinct 5,123,49,17021,0,-071.1821470,+42.3814231,largest_overlap,16965.91,17019.499,99.685,False
250173576001008,250173576001,BEL-00-05,Belmont,,5,Belmont Precinct 5,131,46,16236,0,-071.1813193,+42.3813220,largest_overlap,16160.757,16234.996,99.543,False
250173577004000,250173577004,BEL-00-05,Belmont,,5,Belmont Precinct 5,121,55,17861,0,-071.1810512,+42.3878851,covered,17860.146,17860.146,100.0,False
250173577004002,250173577004,BEL-00-05,Belmont,,5,Belmont Precinct 5,116,49,15210,0,-071.1805346,+42.3862810,covered,15208.594,15208.594,100.0,False
250173577004003,250173577004,BEL-00-05,Belmont,,5,Belmont Precinct 5,86,37,12407,0,-071.1801097,+42.3869500,covered,12406.179,12406.179,100.0,False
250173577004004,250173577004,BEL-00-05,Belmont,,5,Belmont Precinct 5,93,30,11554,0,-071.1796375,+42.3877065,covered,11553.266,11553.266,100.0,False
250173577004005,250173577004,BEL-00-05,Belmont,,5,Belmont Precinct 5,43,18,6473,0,-071.1815331,+42.3862200,covered,6472.504,6472.504,100.0,False
250173577004006,250173577004,BEL-00-05,Belmont,,5,Belmont Precinct 5,98,52,11622,0,-071.1824506,+42.3865139,covered,11621.777,11621.777,100.0,False
250173577004008,250173577004,BEL-00-05,Belmont,,5,Belmont Precinct 5,119,38,23285,0,-071.1822303,+42.3848758,largest_overlap,23067.457,23283.265,99.073,False
250173577004009,250173577004,BEL-00-05,Belmont,,5,Belmont Precinct 5,104,43,11802,0,-071.1816740,+42.3854238,covered,11801.067,11801.067,100.0,False
250173577004010,250173577004,BEL-00-05,Belmont,,5,Belmont Precinct 5,133,61,25730,0,-071.1805399,+42.3844050,largest_overlap,25655.118,25728.125,99.716,False
250173578002007,250173578002,BEL-00-05,Belmont,,5,Belmont Precinct 5,84,31,30116,0,-071.1763516,+42.3883758,largest_overlap,30098.563,30113.699,99.95,False
250173578002008,250173578002,BEL-00-05,Belmont,,5,Belmont Precinct 5,41,11,10599,0,-071.1770986,+42.3893514,covered,10598.479,10598.479,100.0,False
250173578002009,250173578002,BEL-00-05,Belmont,,5,Belmont Precinct 5,34,14,8950,0,-071.1778820,+42.3891131,covered,8949.723,8949.723,100.0,False
250173578002010,250173578002,BEL-00-05,Belmont,,5,Belmont Precinct 5,47,17,6824,0,-071.1788347,+42.3897009,covered,6823.632,6823.632,100.0,False
250173578002011,250173578002,BEL-00-05,Belmont,,5,Belmont Precinct 5,89,38,15320,0,-071.1788964,+42.3889457,covered,15318.641,15318.641,100.0,False
250173578002012,250173578002,BEL-00-05,Belmont,,5,Belmont Precinct 5,81,43,13974,0,-071.1794210,+42.3885180,covered,13973.067,13973.067,100.0,False
250173578002013,250173578002,BEL-00-05,Belmont,,5,Belmont Precinct 5,44,16,20536,0,-071.1749726,+42.3873698,largest_overlap,20451.231,20535.239,99.591,False
250173578002014,250173578002,BEL-00-05,Belmont,,5,Belmont Precinct 5,23,9,12372,0,-071.1758608,+42.3878636,covered,12370.785,12370.785,100.0,False
250173578002015,250173578002,BEL-00-05,Belmont,,5,Belmont Precinct 5,28,10,11282,0,-071.1766016,+42.3872625,covered,11281.398,11281.398,100.0,False
250173578002016,250173578002,BEL-00-05,Belmont,,5,Belmont Precinct 5,59,28,24780,0,-071.1764367,+42.3863402,largest_overlap,24746.649,24778.543,99.871,False
250173572002010,250173572002,BEL-00-06,Belmont,,6,Belmont Precinct 6,118,41,40374,0,-071.1690586,+42.3886333,largest_overlap,40287.545,40371.846,99.791,False
250173572002016,250173572002,BEL-00-06,Belmont,,6,Belmont Precinct 6,113,33,34796,0,-071.1718546,+42.3877982,covered,34794.303,34794.303,100.0,False
250173572002017,250173572002,BEL-00-06,Belmont,,6,Belmont Precinct 6,91,23,37699,0,-071.1720017,+42.3886949,covered,37697.224,37697.224,100.0,False
250173572002018,250173572002,BEL-00-06,Belmont,,6,Belmont Precinct 6,23,8,9500,0,-071.1730130,+42.3896812,covered,9499.318,9499.318,100.0,False
250173572002019,250173572002,BEL-00-06,Belmont,,6,Belmont Precinct 6,24,7,9948,0,-071.1729609,+42.3903548,covered,9947.168,9947.168,100.0,False
250173572002020,250173572002,BEL-00-06,Belmont,,6,Belmont Precinct 6,46,16,24019,0,-071.1711214,+42.3896398,covered,24017.394,24017.394,100.0,False
250173572002021,250173572002,BEL-00-06,Belmont,,6,Belmont Precinct 6,52,14,17398,0,-071.1730897,+42.3869849,covered,17397.36,17397.36,100.0,False
250173572002022,250173572002,BEL-00-06,Belmont,,6,Belmont Precinct 6,35,10,7807,0,-071.1713689,+42.3870092,covered,7806.163,7806.163,100.0,False
250173572002023,250173572002,BEL-00-06,Belmont,,6,Belmont Precinct 6,29,10,7354,0,-071.1705490,+42.3870337,covered,7353.076,7353.076,100.0,False
250173572002024,250173572002,BEL-00-06,Belmont,,6,Belmont Precinct 6,23,7,6165,0,-071.1697573,+42.3868613,covered,6164.14,6164.14,100.0,False
250173572002027,250173572002,BEL-00-06,Belmont,,6,Belmont Precinct 6,29,9,9096,0,-071.1741481,+42.3865956,covered,9095.498,9095.498,100.0,False
250173574001000,250173574001,BEL-00-06,Belmont,,6,Belmont Precinct 6,75,32,36320,0,-071.1657370,+42.3838554,covered,36318.197,36318.197,100.0,False
250173574001001,250173574001,BEL-00-06,Belmont,,6,Belmont Precinct 6,59,18,20225,0,-071.1654322,+42.3814678,largest_overlap,20220.272,20223.675,99.983,False
250173574001002,250173574001,BEL-00-06,Belmont,,6,Belmont Precinct 6,71,20,19959,0,-071.1648319,+42.3828372,largest_overlap,19932.015,19958.025,99.87,False
250173574001005,250173574001,BEL-00-06,Belmont,,6,Belmont Precinct 6,64,28,13019,0,-071.1646716,+42.3800748,largest_overlap,12996.477,13018.301,99.832,False
250173574001006,250173574001,BEL-00-06,Belmont,,6,Belmont Precinct 6,17,5,4628,0,-071.1653377,+42.3804221,covered,4627.595,4627.595,100.0,False
250173574001007,250173574001,BEL-00-06,Belmont,,6,Belmont Precinct 6,0,0,8595,0,-071.1661178,+42.3805197,covered,8594.625,8594.625,100.0,False
250173574001008,250173574001,BEL-00-06,Belmont,,6,Belmont Precinct 6,0,0,1435,0,-071.1663239,+42.3810515,covered,1435.373,1435.373,100.0,False
250173574001009,250173574001,BEL-00-06,Belmont,,6,Belmont Precinct 6,28,6,5000,0,-071.1655656,+42.3796347,covered,4999.59,4999.59,100.0,False
250173574001010,250173574001,BEL-00-06,Belmont,,6,Belmont Precinct 6,31,9,7707,0,-071.1664095,+42.3796907,covered,7706.462,7706.462,100.0,False
250173574001011,250173574001,BEL-00-06,Belmont,,6,Belmont Precinct 6,69,19,14575,0,-071.1662141,+42.3781666,largest_overlap,14515.274,14574.033,99.597,False
250173574001012,250173574001,BEL-00-06,Belmont,,6,Belmont Precinct 6,67,21,15488,0,-071.1654651,+42.3781773,largest_overlap,15418.003,15487.044,99.554,False
250173574001013,250173574001,BEL-00-06,Belmont,,6,Belmont Precinct 6,71,37,16633,0,-071.1647088,+42.3781272,largest_overlap,16603.718,16631.524,99.833,False
250173574001014,250173574001,BEL-00-06,Belmont,,6,Belmont Precinct 6,86,48,18164,0,-071.1638869,+42.3779784,largest_overlap,18056.893,18162.791,99.417,False
250173574001015,250173574001,BEL-00-06,Belmont,,6,Belmont Precinct 6,0,0,701,0,-071.1666545,+42.3819353,covered,701.132,701.132,100.0,False
250173574002000,250173574002,BEL-00-06,Belmont,,6,Belmont Precinct 6,151,60,35262,0,-071.1679802,+42.3809695,covered,35259.997,35259.997,100.0,False
250173574002001,250173574002,BEL-00-06,Belmont,,6,Belmont Precinct 6,44,10,7243,0,-071.1680946,+42.3800168,covered,7242.81,7242.81,100.0,False
250173574002002,250173574002,BEL-00-06,Belmont,,6,Belmont Precinct 6,18,8,6478,0,-071.1688637,+42.3800299,covered,6477.24,6477.24,100.0,False
250173574002003,250173574002,BEL-00-06,Belmont,,6,Belmont Precinct 6,72,35,15458,0,-071.1703367,+42.3811289,covered,15457.162,15457.162,100.0,False
250173574002004,250173574002,BEL-00-06,Belmont,,6,Belmont Precinct 6,23,11,6220,0,-071.1712508,+42.3815736,covered,6219.779,6219.779,100.0,False
250173574002005,250173574002,BEL-00-06,Belmont,,6,Belmont Precinct 6,33,11,6692,0,-071.1712967,+42.3807510,covered,6691.662,6691.662,100.0,False
250173574002006,250173574002,BEL-00-06,Belmont,,6,Belmont Precinct 6,60,21,13940,0,-071.1712747,+42.3794738,covered,13939.605,13939.605,100.0,False
250173574002007,250173574002,BEL-00-06,Belmont,,6,Belmont Precinct 6,98,39,23124,0,-071.1702015,+42.3790924,covered,23122.934,23122.934,100.0,False
250173574002008,250173574002,BEL-00-06,Belmont,,6,Belmont Precinct 6,27,6,4744,0,-071.1695876,+42.3799298,covered,4743.65,4743.65,100.0,False
250173574002009,250173574002,BEL-00-06,Belmont,,6,Belmont Precinct 6,32,8,6351,0,-071.1693985,+42.3806947,covered,6350.141,6350.141,100.0,False
250173574002010,250173574002,BEL-00-06,Belmont,,6,Belmont Precinct 6,45,19,14248,0,-071.1682209,+42.3792805,covered,14247.5,14247.5,100.0,False
250173574002011,250173574002,BEL-00-06,Belmont,,6,Belmont Precinct 6,65,26,17075,0,-071.1680394,+42.3786841,covered,17073.563,17073.563,100.0,False
250173574002012,250173574002,BEL-00-06,Belmont,,6,Belmont Precinct 6,104,38,23090,0,-071.1679274,+42.3779116,covered,23088.404,23088.404,100.0,False
250173574002013,250173574002,BEL-00-06,Belmont,,6,Belmont Precinct 6,0,0,2351,0,-071.1683705,+42.3775274,largest_overlap,2058.048,2351.347,87.526,True
250173574002014,250173574002,BEL-00-06,Belmont,,6,Belmont Precinct 6,0,0,2297,0,-071.1705425,+42.3782615,largest_overlap,2208.26,2296.611,96.153,False
250173574002015,250173574002,BEL-00-06,Belmont,,6,Belmont Precinct 6,29,6,5385,0,-071.1671976,+42.3812348,covered,5384.767,5384.767,100.0,False
250173574003000,250173574003,BEL-00-06,Belmont,,6,Belmont Precinct 6,197,75,60043,0,-071.1664998,+42.3851663,largest_overlap,60031.815,60039.14,99.988,False
250173574003001,250173574003,BEL-00-06,Belmont,,6,Belmont Precinct 6,73,30,18560,0,-071.1683932,+42.3854271,covered,18559.291,18559.291,100.0,False
250173574003002,250173574003,BEL-00-06,Belmont,,6,Belmont Precinct 6,24,5,4548,0,-071.1679965,+42.3842312,covered,4547.666,4547.666,100.0,False
250173574003003,250173574003,BEL-00-06,Belmont,,6,Belmont Precinct 6,74,22,17504,0,-071.1680547,+42.3860556,covered,17502.86,17502.86,100.0,False
250173574003004,250173574003,BEL-00-06,Belmont,,6,Belmont Precinct 6,0,0,27994,26346,-071.1676590,+42.3823595,covered,54337.015,54337.015,100.0,False
250173574003005,250173574003,BEL-00-06,Belmont,,6,Belmont Precinct 6,0,0,1280,0,-071.1702277,+42.3834567,covered,1280.381,1280.381,100.0,False
250173574003006,250173574003,BEL-00-06,Belmont,,6,Belmont Precinct 6,47,24,11040,0,-071.1703248,+42.3825868,covered,11039.171,11039.171,100.0,False
250173574003007,250173574003,BEL-00-06,Belmont,,6,Belmont Precinct 6,32,15,8889,0,-071.1712076,+42.3825373,covered,8888.605,8888.605,100.0,False
250173574003008,250173574003,BEL-00-06,Belmont,,6,Belmont Precinct 6,111,57,35102,0,-071.1734024,+42.3820373,largest_overlap,35074.779,35100.312,99.927,False
250173574003009,250173574003,BEL-00-06,Belmont,,6,Belmont Precinct 6,25,8,6907,0,-071.1731432,+42.3812784,covered,6906.333,6906.333,100.0,False
250173574003010,250173574003,BEL-00-06,Belmont,,6,Belmont Precinct 6,33,18,15149,0,-071.1735294,+42.3805298,covered,15148.408,15148.408,100.0,False
250173574003011,250173574003,BEL-00-06,Belmont,,6,Belmont Precinct 6,73,43,23928,0,-071.1722229,+42.3806401,covered,23926.342,23926.342,100.0,False
250173574003012,250173574003,BEL-00-06,Belmont,,6,Belmont Precinct 6,83,46,30977,0,-071.1734408,+42.3793928,largest_overlap,30647.043,30974.969,98.941,False
250173575001000,250173575001,BEL-00-06,Belmont,,6,Belmont Precinct 6,101,37,55556,0,-071.1712346,+42.3852922,covered,55553.309,55553.309,100.0,False
250173575001001,250173575001,BEL-00-06,Belmont,,6,Belmont Precinct 6,54,18,8032,0,-071.1726094,+42.3859678,covered,8031.911,8031.911,100.0,False
250173575001002,250173575001,BEL-00-06,Belmont,,6,Belmont Precinct 6,41,18,10743,0,-071.1733740,+42.3856257,covered,10741.894,10741.894,100.0,False
250173575001003,250173575001,BEL-00-06,Belmont,,6,Belmont Precinct 6,21,8,6217,0,-071.1744711,+42.3859380,covered,6216.635,6216.635,100.0,False
250173575001004,250173575001,BEL-00-06,Belmont,,6,Belmont Precinct 6,64,24,14229,0,-071.1744851,+42.3851221,covered,14228.56,14228.56,100.0,False
250173575001005,250173575001,BEL-00-06,Belmont,,6,Belmont Precinct 6,102,32,16765,0,-071.1740212,+42.3844203,covered,16763.802,16763.802,100.0,False
250173575001006,250173575001,BEL-00-06,Belmont,,6,Belmont Precinct 6,109,53,16776,0,-071.1739062,+42.3838135,largest_overlap,16773.03,16774.724,99.99,False
250173575001007,250173575001,BEL-00-06,Belmont,,6,Belmont Precinct 6,203,90,43857,0,-071.1727921,+42.3832657,largest_overlap,43837.566,43854.148,99.962,False
250173575001008,250173575001,BEL-00-06,Belmont,,6,Belmont Precinct 6,0,0,947,0,-071.1748906,+42.3820951,largest_overlap,942.976,947.419,99.531,False
250173573001000,250173573001,BEL-00-07,Belmont,,7,Belmont Precinct 7,69,28,24999,0,-071.1613150,+42.3859210,covered,24997.138,24997.138,100.0,False
250173573001001,250173573001,BEL-00-07,Belmont,,7,Belmont Precinct 7,51,13,13279,0,-071.1642762,+42.3857720,largest_overlap,13272.248,13278.059,99.956,False
250173573001002,250173573001,BEL-00-07,Belmont,,7,Belmont Precinct 7,39,10,8824,0,-071.1612961,+42.3853591,covered,8823.323,8823.323,100.0,False
250173573001003,250173573001,BEL-00-07,Belmont,,7,Belmont Precinct 7,30,10,9228,0,-071.1622004,+42.3852632,covered,9227.252,9227.252,100.0,False
250173573001004,250173573001,BEL-00-07,Belmont,,7,Belmont Precinct 7,23,10,8785,0,-071.1630276,+42.3851138,covered,8784.363,8784.363,100.0,False
250173573001005,250173573001,BEL-00-07,Belmont,,7,Belmont Precinct 7,31,10,8138,0,-071.1638266,+42.3849565,covered,8137.398,8137.398,100.0,False
250173573001006,250173573001,BEL-00-07,Belmont,,7,Belmont Precinct 7,26,9,7522,0,-071.1646119,+42.3848033,largest_overlap,7488.391,7521.523,99.56,False
250173573001007,250173573001,BEL-00-07,Belmont,,7,Belmont Precinct 7,54,17,14581,0,-071.1632961,+42.3841747,largest_overlap,14549.138,14579.7,99.79,False
250173573001008,250173573001,BEL-00-07,Belmont,,7,Belmont Precinct 7,41,18,15626,0,-071.1607330,+42.3845869,covered,15624.787,15624.787,100.0,False
250173573001009,250173573001,BEL-00-07,Belmont,,7,Belmont Precinct 7,9,2,4944,0,-071.1590084,+42.3842715,largest_overlap,4942.07,4943.268,99.976,False
250173573001010,250173573001,BEL-00-07,Belmont,,7,Belmont Precinct 7,29,10,9339,0,-071.1593676,+42.3839261,covered,9338.892,9338.892,100.0,False
250173573001011,250173573001,BEL-00-07,Belmont,,7,Belmont Precinct 7,0,0,44220,0,-071.1591355,+42.3822879,covered,44217.359,44217.359,100.0,False
250173573001012,250173573001,BEL-00-07,Belmont,,7,Belmont Precinct 7,21,6,2534,0,-071.1599547,+42.3818735,covered,2533.998,2533.998,100.0,False
250173573001013,250173573001,BEL-00-07,Belmont,,7,Belmont Precinct 7,36,10,9506,0,-071.1602235,+42.3837352,covered,9505.543,9505.543,100.0,False
250173573001014,250173573001,BEL-00-07,Belmont,,7,Belmont Precinct 7,33,12,10011,0,-071.1610409,+42.3835688,covered,10009.973,10009.973,100.0,False
250173573001015,250173573001,BEL-00-07,Belmont,,7,Belmont Precinct 7,78,25,21384,0,-071.1618887,+42.3831572,covered,21382.586,21382.586,100.0,False
250173573001016,250173573001,BEL-00-07,Belmont,,7,Belmont Precinct 7,47,18,15955,0,-071.1633035,+42.3827752,largest_overlap,15947.652,15954.311,99.958,False
250173573001017,250173573001,BEL-00-07,Belmont,,7,Belmont Precinct 7,35,14,11819,0,-071.1622974,+42.3826216,covered,11818.258,11818.258,100.0,False
250173573001018,250173573001,BEL-00-07,Belmont,,7,Belmont Precinct 7,34,11,8084,0,-071.1586979,+42.3807636,covered,8083.5,8083.5,100.0,False
250173573001019,250173573001,BEL-00-07,Belmont,,7,Belmont Precinct 7,52,27,10683,0,-071.1599787,+42.3811456,covered,10682.512,10682.512,100.0,False
250173573001020,250173573001,BEL-00-07,Belmont,,7,Belmont Precinct 7,93,34,14078,0,-071.1602858,+42.3797378,covered,14076.713,14076.713,100.0,False
250173573001021,250173573001,BEL-00-07,Belmont,,7,Belmont Precinct 7,77,38,14763,0,-071.1593267,+42.3796637,covered,14762.373,14762.373,100.0,False
250173573001022,250173573001,BEL-00-07,Belmont,,7,Belmont Precinct 7,55,28,9874,0,-071.1584293,+42.3799436,covered,9873.845,9873.845,100.0,False
250173573002000,250173573002,BEL-00-07,Belmont,,7,Belmont Precinct 7,0,0,55674,0,-071.1567422,+42.3805743,largest_overlap,55564.797,55671.323,99.809,False
250173573002001,250173573002,BEL-00-07,Belmont,,7,Belmont Precinct 7,98,47,11167,0,-071.1559527,+42.3780960,covered,11165.848,11165.848,100.0,False
250173573002002,250173573002,BEL-00-07,Belmont,,7,Belmont Precinct 7,92,48,12473,0,-071.1567452,+42.3783474,covered,12472.176,12472.176,100.0,False
250173573002003,250173573002,BEL-00-07,Belmont,,7,Belmont Precinct 7,92,43,10521,0,-071.1576269,+42.3784984,covered,10520.393,10520.393,100.0,False
250173573002004,250173573002,BEL-00-07,Belmont,,7,Belmont Precinct 7,79,32,8315,0,-071.1584522,+42.3786623,covered,8314.798,8314.798,100.0,False
250173573002005,250173573002,BEL-00-07,Belmont,,7,Belmont Precinct 7,29,8,3997,0,-071.1579438,+42.3794923,covered,3997.233,3997.233,100.0,False
250173573002006,250173573002,BEL-00-07,Belmont,,7,Belmont Precinct 7,118,45,14353,0,-071.1566460,+42.3765953,covered,14352.537,14352.537,100.0,False
250173573002007,250173573002,BEL-00-07,Belmont,,7,Belmont Precinct 7,192,92,22186,0,-071.1577478,+42.3771015,covered,22185.132,22185.132,100.0,False
250173573002008,250173573002,BEL-00-07,Belmont,,7,Belmont Precinct 7,55,27,6887,0,-071.1583731,+42.3768764,covered,6886.527,6886.527,100.0,False
250173573002009,250173573002,BEL-00-07,Belmont,,7,Belmont Precinct 7,106,52,16223,0,-071.1592346,+42.3771621,covered,16222.269,16222.269,100.0,False
250173573002010,250173573002,BEL-00-07,Belmont,,7,Belmont Precinct 7,0,0,1208,0,-071.1593081,+42.3763447,largest_overlap,1071.364,1207.699,88.711,True
250173573002011,250173573002,BEL-00-07,Belmont,,7,Belmont Precinct 7,0,0,1720,0,-071.1574196,+42.3758184,largest_overlap,1562.666,1719.765,90.865,True
250173573002012,250173573002,BEL-00-07,Belmont,,7,Belmont Precinct 7,111,61,18244,0,-071.1557136,+42.3763991,largest_overlap,18169.135,18242.774,99.596,False
250173573002013,250173573002,BEL-00-07,Belmont,,7,Belmont Precinct 7,43,10,3405,0,-071.1555097,+42.3770037,covered,3404.606,3404.606,100.0,False
250173573002014,250173573002,BEL-00-07,Belmont,,7,Belmont Precinct 7,57,33,8656,0,-071.1551607,+42.3756521,largest_overlap,8588.12,8655.866,99.217,False
250173573002015,250173573002,BEL-00-07,Belmont,,7,Belmont Precinct 7,30,5,1705,0,-071.1546037,+42.3754380,largest_overlap,1685.451,1704.716,98.87,False
250173573003000,250173573003,BEL-00-07,Belmont,,7,Belmont Precinct 7,82,39,18731,0,-071.1619806,+42.3815664,covered,18730.11,18730.11,100.0,False
250173573003001,250173573003,BEL-00-07,Belmont,,7,Belmont Precinct 7,81,41,14273,0,-071.1610279,+42.3806100,covered,14272.125,14272.125,100.0,False
250173573003002,250173573003,BEL-00-07,Belmont,,7,Belmont Precinct 7,101,37,11824,0,-071.1619162,+42.3804961,covered,11823.642,11823.642,100.0,False
250173573003003,250173573003,BEL-00-07,Belmont,,7,Belmont Precinct 7,71,26,9657,0,-071.1627983,+42.3803914,covered,9656.158,9656.158,100.0,False
250173573003004,250173573003,BEL-00-07,Belmont,,7,Belmont Precinct 7,136,52,17057,0,-071.1621089,+42.3793841,covered,17055.484,17055.484,100.0,False
250173573003005,250173573003,BEL-00-07,Belmont,,7,Belmont Precinct 7,106,48,13435,0,-071.1608881,+42.3780090,covered,13434.37,13434.37,100.0,False
250173573003006,250173573003,BEL-00-07,Belmont,,7,Belmont Precinct 7,70,24,8242,0,-071.1597351,+42.3785739,covered,8241.983,8241.983,100.0,False
250173573003007,250173573003,BEL-00-07,Belmont,,7,Belmont Precinct 7,96,57,15322,0,-071.1601534,+42.3774523,largest_overlap,15262.447,15321.325,99.616,False
250173573003008,250173573003,BEL-00-07,Belmont,,7,Belmont Precinct 7,115,49,15754,0,-071.1615981,+42.3778429,largest_overlap,15689.619,15753.218,99.596,False
250173573003009,250173573003,BEL-00-07,Belmont,,7,Belmont Precinct 7,101,41,15067,0,-071.1623362,+42.3778746,largest_overlap,15006.321,15066.302,99.602,False
250173573003010,250173573003,BEL-00-07,Belmont,,7,Belmont Precinct 7,93,46,15608,0,-071.1630731,+42.3779121,largest_overlap,15530.069,15607.027,99.507,False
250173574001003,250173574001,BEL-00-07,Belmont,,7,Belmont Precinct 7,65,19,19424,0,-071.1638848,+42.3820286,largest_overlap,19404.02,19422.635,99.904,False
250173574001004,250173574001,BEL-00-07,Belmont,,7,Belmont Precinct 7,96,42,14549,0,-071.1637741,+42.3799746,largest_overlap,14478.165,14547.905,99.521,False
250173571002000,250173571002,BEL-00-08,Belmont,,8,Belmont Precinct 8,93,34,58448,0,-071.1548865,+42.4016733,largest_overlap,58440.202,58445.638,99.991,False
250173571002001,250173571002,BEL-00-08,Belmont,,8,Belmont Precinct 8,0,0,11760,307,-071.1532210,+42.4002127,largest_overlap,11949.139,12067.401,99.02,False
250173571002002,250173571002,BEL-00-08,Belmont,,8,Belmont Precinct 8,0,0,717,0,-071.1538393,+42.4005290,covered,716.683,716.683,100.0,False
250173571002003,250173571002,BEL-00-08,Belmont,,8,Belmont Precinct 8,40,12,9724,0,-071.1615815,+42.4009847,covered,9722.94,9722.94,100.0,False
250173571002004,250173571002,BEL-00-08,Belmont,,8,Belmont Precinct 8,27,8,7595,0,-071.1588254,+42.4019558,covered,7594.996,7594.996,100.0,False
250173571002005,250173571002,BEL-00-08,Belmont,,8,Belmont Precinct 8,52,14,11509,0,-071.1593255,+42.4027446,covered,11508.698,11508.698,100.0,False
250173571002006,250173571002,BEL-00-08,Belmont,,8,Belmont Precinct 8,27,10,9090,0,-071.1606204,+42.4032961,largest_overlap,9080.382,9089.765,99.897,False
250173571002007,250173571002,BEL-00-08,Belmont,,8,Belmont Precinct 8,0,0,1366,0,-071.1615324,+42.4042020,covered,1365.612,1365.612,100.0,False
250173571002008,250173571002,BEL-00-08,Belmont,,8,Belmont Precinct 8,0,0,1442,0,-071.1636383,+42.4050398,largest_overlap,1437.074,1441.131,99.718,False
250173571002009,250173571002,BEL-00-08,Belmont,,8,Belmont Precinct 8,136,45,47794,0,-071.1642948,+42.4040811,largest_overlap,47717.758,47790.932,99.847,False
250173571002010,250173571002,BEL-00-08,Belmont,,8,Belmont Precinct 8,53,16,15446,0,-071.1618437,+42.4038409,covered,15444.936,15444.936,100.0,False
250173571002011,250173571002,BEL-00-08,Belmont,,8,Belmont Precinct 8,65,22,17877,0,-071.1629981,+42.4025897,covered,17876.249,17876.249,100.0,False
250173571002012,250173571002,BEL-00-08,Belmont,,8,Belmont Precinct 8,43,11,8054,0,-071.1638804,+42.4031280,covered,8053.711,8053.711,100.0,False
250173571002013,250173571002,BEL-00-08,Belmont,,8,Belmont Precinct 8,28,8,8348,0,-071.1645308,+42.4027253,largest_overlap,8338.452,8347.388,99.893,False
250173571002014,250173571002,BEL-00-08,Belmont,,8,Belmont Precinct 8,47,15,11117,0,-071.1607685,+42.4018864,covered,11116.581,11116.581,100.0,False
250173571002015,250173571002,BEL-00-08,Belmont,,8,Belmont Precinct 8,59,16,12582,0,-071.1600328,+42.4021723,covered,12581.223,12581.223,100.0,False
250173571002016,250173571002,BEL-00-08,Belmont,,8,Belmont Precinct 8,33,12,9029,0,-071.1627484,+42.4006927,covered,9028.272,9028.272,100.0,False
250173571002017,250173571002,BEL-00-08,Belmont,,8,Belmont Precinct 8,63,25,19624,0,-071.1624629,+42.4020928,covered,19622.393,19622.393,100.0,False
250173571002018,250173571002,BEL-00-08,Belmont,,8,Belmont Precinct 8,50,14,9812,0,-071.1619345,+42.4015882,covered,9811.302,9811.302,100.0,False
250173571002019,250173571002,BEL-00-08,Belmont,,8,Belmont Precinct 8,643,417,37334,0,-071.1546513,+42.3994222,largest_overlap,37242.329,37331.318,99.762,False
250173571002020,250173571002,BEL-00-08,Belmont,,8,Belmont Precinct 8,107,62,38229,0,-071.1563041,+42.3999918,largest_overlap,38212.826,38226.539,99.964,False
250173571002021,250173571002,BEL-00-08,Belmont,,8,Belmont Precinct 8,0,0,19772,0,-071.1559520,+42.4014543,covered,19770.659,19770.659,100.0,False
250173571002022,250173571002,BEL-00-08,Belmont,,8,Belmont Precinct 8,0,0,0,80748,-071.1586604,+42.3999232,largest_overlap,80731.288,80743.378,99.985,False
250173571002023,250173571002,BEL-00-08,Belmont,,8,Belmont Precinct 8,24,5,27685,0,-071.1596298,+42.3985000,largest_overlap,27319.598,27683.432,98.686,False
250173571002024,250173571002,BEL-00-08,Belmont,,8,Belmont Precinct 8,22,5,5597,0,-071.1601430,+42.3979753,covered,5596.464,5596.464,100.0,False
250173571002031,250173571002,BEL-00-08,Belmont,,8,Belmont Precinct 8,28,7,6823,0,-071.1606426,+42.3983727,covered,6822.481,6822.481,100.0,False
250173571003000,250173571003,BEL-00-08,Belmont,,8,Belmont Precinct 8,38,13,13129,0,-071.1639897,+42.4003618,covered,13128.107,13128.107,100.0,False
250173571003001,250173571003,BEL-00-08,Belmont,,8,Belmont Precinct 8,43,13,11369,0,-071.1636360,+42.3996826,covered,11368.268,11368.268,100.0,False
250173571003002,250173571003,BEL-00-08,Belmont,,8,Belmont Precinct 8,0,0,34926,0,-071.1659162,+42.3993323,covered,34924.238,34924.238,100.0,False
250173571003003,250173571003,BEL-00-08,Belmont,,8,Belmont Precinct 8,11,8,8080,0,-071.1674400,+42.3988308,covered,8079.306,8079.306,100.0,False
250173571003004,250173571003,BEL-00-08,Belmont,,8,Belmont Precinct 8,75,16,13520,0,-071.1682481,+42.3986151,covered,13519.22,13519.22,100.0,False
250173571003005,250173571003,BEL-00-08,Belmont,,8,Belmont Precinct 8,54,17,13864,0,-071.1691958,+42.3982787,covered,13863.022,13863.022,100.0,False
250173571003006,250173571003,BEL-00-08,Belmont,,8,Belmont Precinct 8,86,26,27824,0,-071.1658022,+42.3981404,covered,27822.613,27822.613,100.0,False
250173571003007,250173571003,BEL-00-08,Belmont,,8,Belmont Precinct 8,12,5,10856,0,-071.1633035,+42.3990570,covered,10855.749,10855.749,100.0,False
250173571003008,250173571003,BEL-00-08,Belmont,,8,Belmont Precinct 8,49,14,14123,0,-071.1670939,+42.3968984,covered,14122.164,14122.164,100.0,False
250173571003009,250173571003,BEL-00-08,Belmont,,8,Belmont Precinct 8,174,65,95013,0,-071.1614628,+42.3964505,largest_overlap,94242.835,95007.525,99.195,False
250173571003010,250173571003,BEL-00-08,Belmont,,8,Belmont Precinct 8,75,26,22621,0,-071.1649163,+42.3971826,covered,22619.315,22619.315,100.0,False
250173571003011,250173571003,BEL-00-08,Belmont,,8,Belmont Precinct 8,39,14,11358,0,-071.1683456,+42.3971536,covered,11357.312,11357.312,100.0,False
250173571003012,250173571003,BEL-00-08,Belmont,,8,Belmont Precinct 8,37,14,10391,0,-071.1635334,+42.3968297,covered,10390.03,10390.03,100.0,False
250173571003013,250173571003,BEL-00-08,Belmont,,8,Belmont Precinct 8,24,8,7790,0,-071.1617132,+42.3979618,covered,7789.344,7789.344,100.0,False
250173571003014,250173571003,BEL-00-08,Belmont,,8,Belmont Precinct 8,24,8,7058,0,-071.1624406,+42.3985350,covered,7057.207,7057.207,100.0,False
250173571003015,250173571003,BEL-00-08,Belmont,,8,Belmont Precinct 8,24,10,9457,0,-071.1631333,+42.3981126,covered,9456.365,9456.365,100.0,False
250173571003016,250173571003,BEL-00-08,Belmont,,8,Belmont Precinct 8,49,12,9976,0,-071.1645114,+42.3978415,covered,9975.309,9975.309,100.0,False
250173571003017,250173571003,BEL-00-08,Belmont,,8,Belmont Precinct 8,71,22,17346,0,-071.1699490,+42.3978348,covered,17344.952,17344.952,100.0,False
250173571003018,250173571003,BEL-00-08,Belmont,,8,Belmont Precinct 8,91,29,22038,0,-071.1707671,+42.3974025,covered,22036.407,22036.407,100.0,False
250173571003019,250173571003,BEL-00-08,Belmont,,8,Belmont Precinct 8,56,17,11749,0,-071.1712484,+42.3968468,covered,11747.812,11747.812,100.0,False
250173571003020,250173571003,BEL-00-08,Belmont,,8,Belmont Precinct 8,68,24,11548,0,-071.1727316,+42.3970619,covered,11547.017,11547.017,100.0,False
250173571004002,250173571004,BEL-00-08,Belmont,,8,Belmont Precinct 8,72,27,19967,0,-071.1699636,+42.4008399,covered,19965.779,19965.779,100.0,False
250173571004004,250173571004,BEL-00-08,Belmont,,8,Belmont Precinct 8,51,18,17808,0,-071.1695546,+42.3996677,covered,17806.796,17806.796,100.0,False
250173571004005,250173571004,BEL-00-08,Belmont,,8,Belmont Precinct 8,82,23,22685,0,-071.1684747,+42.4002758,covered,22683.676,22683.676,100.0,False
250173571004006,250173571004,BEL-00-08,Belmont,,8,Belmont Precinct 8,74,21,17770,0,-071.1674140,+42.4006797,covered,17768.934,17768.934,100.0,False
250173571004007,250173571004,BEL-00-08,Belmont,,8,Belmont Precinct 8,75,22,20055,0,-071.1665482,+42.4010318,covered,20054.165,20054.165,100.0,False
250173571004008,250173571004,BEL-00-08,Belmont,,8,Belmont Precinct 8,24,14,12803,0,-071.1657565,+42.4022019,covered,12802.176,12802.176,100.0,False
250173571004009,250173571004,BEL-00-08,Belmont,,8,Belmont Precinct 8,40,14,14115,0,-071.1651785,+42.4016005,covered,14114.32,14114.32,100.0,False
250173571004010,250173571004,BEL-00-08,Belmont,,8,Belmont Precinct 8,40,15,14679,0,-071.1646534,+42.4009501,covered,14678.15,14678.15,100.0,False
250173571004011,250173571004,BEL-00-08,Belmont,,8,Belmont Precinct 8,50,20,18038,0,-071.1708980,+42.3993658,covered,18036.673,18036.673,100.0,False
250173571004012,250173571004,BEL-00-08,Belmont,,8,Belmont Precinct 8,43,15,13652,0,-071.1717791,+42.3989600,covered,13651.202,13651.202,100.0,False
250173571004015,250173571004,BEL-00-08,Belmont,,8,Belmont Precinct 8,45,14,14888,0,-071.1737629,+42.3972736,covered,14886.661,14886.661,100.0,False
250173571004016,250173571004,BEL-00-08,Belmont,,8,Belmont Precinct 8,37,13,14697,0,-071.1727054,+42.3984108,covered,14696.202,14696.202,100.0,False
250173571004017,250173571004,BEL-00-08,Belmont,,8,Belmont Precinct 8,92,38,33374,0,-071.1721564,+42.3962694,largest_overlap,32809.738,33372.401,98.314,False
250250103001000,250250103001,BOS-04-10,Boston,4,10,Boston Ward 4 Precinct 10,0,0,66298,0,-071.0944882,+42.3394381,largest_overlap,66076.554,66292.667,99.674,False
250250103001001,250250103001,BOS-04-10,Boston,4,10,Boston Ward 4 Precinct 10,133,92,13913,0,-071.0961586,+42.3383367,largest_overlap,13831.342,13912.234,99.419,False
250250103001002,250250103001,BOS-04-10,Boston,4,10,Boston Ward 4 Precinct 10,19,1,13256,0,-071.0981276,+42.3380699,covered,13255.353,13255.353,100.0,False
250250103001003,250250103001,BOS-04-10,Boston,4,10,Boston Ward 4 Precinct 10,111,64,12198,0,-071.0990381,+42.3382440,covered,12197.486,12197.486,100.0,False
250250103001004,250250103001,BOS-04-10,Boston,4,10,Boston Ward 4 Precinct 10,14,2,23298,0,-071.0995815,+42.3368080,largest_overlap,23119.505,23296.841,99.239,False
250250103001005,250250103001,BOS-04-10,Boston,4,10,Boston Ward 4 Precinct 10,901,31,14575,0,-071.0974212,+42.3376002,largest_overlap,14476.515,14573.745,99.333,False
250250103001006,250250103001,BOS-04-10,Boston,4,10,Boston Ward 4 Precinct 10,460,2,3144,0,-071.0963772,+42.3376743,largest_overlap,3046.256,3143.427,96.909,False
250250103002000,250250103002,BOS-04-10,Boston,4,10,Boston Ward 4 Precinct 10,170,136,5752,0,-071.1040092,+42.3429258,covered,5751.89,5751.89,100.0,False
250250103002001,250250103002,BOS-04-10,Boston,4,10,Boston Ward 4 Precinct 10,255,13,19450,0,-071.1056722,+42.3423990,covered,19448.541,19448.541,100.0,False
250250103002002,250250103002,BOS-04-10,Boston,4,10,Boston Ward 4 Precinct 10,0,0,2081,0,-071.1056361,+42.3430499,covered,2080.595,2080.595,100.0,False
250250103002003,250250103002,BOS-04-10,Boston,4,10,Boston Ward 4 Precinct 10,0,0,2142,0,-071.1077930,+42.3412773,covered,2141.429,2141.429,100.0,False
250250103002004,250250103002,BOS-04-10,Boston,4,10,Boston Ward 4 Precinct 10,0,0,38436,0,-071.1074148,+42.3401807,covered,38433.748,38433.748,100.0,False
250250103002005,250250103002,BOS-04-10,Boston,4,10,Boston Ward 4 Precinct 10,32,0,2215,0,-071.1069904,+42.3412615,covered,2215.319,2215.319,100.0,False
250250103002006,250250103002,BOS-04-10,Boston,4,10,Boston Ward 4 Precinct 10,962,8,28994,0,-071.1052125,+42.3416044,covered,28992.318,28992.318,100.0,False
250250103002007,250250103002,BOS-04-10,Boston,4,10,Boston Ward 4 Precinct 10,877,0,44222,0,-071.1033056,+42.3412507,covered,44219.351,44219.351,100.0,False
250250103002008,250250103002,BOS-04-10,Boston,4,10,Boston Ward 4 Precinct 10,0,0,76450,0,-071.1048989,+42.3392772,covered,76444.586,76444.586,100.0,False
250250103002009,250250103002,BOS-04-10,Boston,4,10,Boston Ward 4 Precinct 10,643,2,21581,0,-071.1019468,+42.3399457,covered,21579.812,21579.812,100.0,False
250250103002010,250250103002,BOS-04-10,Boston,4,10,Boston Ward 4 Precinct 10,5,2,34736,0,-071.1004651,+42.3390939,covered,34733.887,34733.887,100.0,False
250250103002011,250250103002,BOS-04-10,Boston,4,10,Boston Ward 4 Precinct 10,17,1,38782,0,-071.1015870,+42.3377070,covered,38779.928,38779.928,100.0,False
250250103002012,250250103002,BOS-04-10,Boston,4,10,Boston Ward 4 Precinct 10,319,10,25917,0,-071.1033082,+42.3382201,covered,25915.541,25915.541,100.0,False
250250103002013,250250103002,BOS-04-10,Boston,4,10,Boston Ward 4 Precinct 10,0,0,9437,0,-071.1089612,+42.3405565,covered,9435.93,9435.93,100.0,False
250250103002014,250250103002,BOS-04-10,Boston,4,10,Boston Ward 4 Precinct 10,268,2,10331,0,-071.1011790,+42.3367740,covered,10330.566,10330.566,100.0,False
250250104041005,250250104041,BOS-04-10,Boston,4,10,Boston Ward 4 Precinct 10,407,54,6807,0,-071.0912221,+42.3401172,largest_overlap,6776.419,6806.672,99.556,False
250250104052013,250250104052,BOS-04-10,Boston,4,10,Boston Ward 4 Precinct 10,142,75,4677,0,-071.0918550,+42.3395141,largest_overlap,4581.572,4676.417,97.972,False
250250810015000,250250810015,BOS-04-10,Boston,4,10,Boston Ward 4 Precinct 10,15,2,6798,0,-071.1098970,+42.3396724,covered,6797.643,6797.643,100.0,False
250250810015001,250250810015,BOS-04-10,Boston,4,10,Boston Ward 4 Precinct 10,0,0,2364,0,-071.1103796,+42.3389762,covered,2363.518,2363.518,100.0,False
250250810015002,250250810015,BOS-04-10,Boston,4,10,Boston Ward 4 Precinct 10,20,1,48765,0,-071.1091317,+42.3385442,largest_overlap,48760.981,48761.408,99.999,False
250250810015003,250250810015,BOS-04-10,Boston,4,10,Boston Ward 4 Precinct 10,274,152,16996,0,-071.1071989,+42.3381098,covered,16995.211,16995.211,100.0,False
250250810015004,250250810015,BOS-04-10,Boston,4,10,Boston Ward 4 Precinct 10,0,0,8057,0,-071.1100599,+42.3370595,largest_overlap,8000.766,8056.466,99.309,False
250250810015005,250250810015,BOS-04-10,Boston,4,10,Boston Ward 4 Precinct 10,0,0,1218,0,-071.1104492,+42.3369204,largest_overlap,1211.665,1217.673,99.507,False
250250810015006,250250810015,BOS-04-10,Boston,4,10,Boston Ward 4 Precinct 10,0,0,31499,0,-071.1056961,+42.3371076,covered,31497.165,31497.165,100.0,False
250250810015007,250250810015,BOS-04-10,Boston,4,10,Boston Ward 4 Precinct 10,12,1,43829,0,-071.1037272,+42.3361576,largest_overlap,43798.082,43826.61,99.935,False
250250810015008,250250810015,BOS-04-10,Boston,4,10,Boston Ward 4 Precinct 10,0,0,12406,0,-071.1022448,+42.3356320,largest_overlap,12259.465,12405.219,98.825,False
250250810015009,250250810015,BOS-04-10,Boston,4,10,Boston Ward 4 Precinct 10,19,3,6208,0,-071.1012056,+42.3359792,largest_overlap,6116.36,6207.704,98.529,False
250250810015011,250250810015,BOS-04-10,Boston,4,10,Boston Ward 4 Precinct 10,0,0,17363,0,-071.1082395,+42.3371430,largest_overlap,17277.869,17361.674,99.517,False
250250810015012,250250810015,BOS-04-10,Boston,4,10,Boston Ward 4 Precinct 10,19,7,47650,0,-071.1059914,+42.3356370,largest_overlap,47287.15,47647.384,99.244,False
250259818001010,250259818001,BOS-04-10,Boston,4,10,Boston Ward 4 Precinct 10,0,0,42198,8325,-071.0986594,+42.3395655,covered,50519.377,50519.377,100.0,False
250259818001012,250259818001,BOS-04-10,Boston,4,10,Boston Ward 4 Precinct 10,0,0,8879,0,-071.1041733,+42.3434569,covered,8878.949,8878.949,100.0,False
250259818001015,250259818001,BOS-04-10,Boston,4,10,Boston Ward 4 Precinct 10,0,0,35844,216,-071.1075563,+42.3420786,largest_overlap,36053.507,36057.25,99.99,False
250259818001016,250259818001,BOS-04-10,Boston,4,10,Boston Ward 4 Precinct 10,0,0,391,7863,-071.1071298,+42.3427086,covered,8254.208,8254.208,100.0,False
250259818001017,250259818001,BOS-04-10,Boston,4,10,Boston Ward 4 Precinct 10,0,0,14851,380,-071.1107547,+42.3387580,largest_overlap,15219.127,15230.17,99.927,False
250259818001018,250259818001,BOS-04-10,Boston,4,10,Boston Ward 4 Precinct 10,0,0,8796,836,-071.1107208,+42.3366036,largest_overlap,9502.588,9632.888,98.647,False
250250104052000,250250104052,BOS-04-12,Boston,4,12,Boston Ward 4 Precinct 12,404,127,22722,0,-071.0901507,+42.3454841,largest_overlap,22682.207,22720.481,99.832,False
250250104052001,250250104052,BOS-04-12,Boston,4,12,Boston Ward 4 Precinct 12,152,95,4860,0,-071.0897823,+42.3453402,largest_overlap,4824.062,4859.781,99.265,False
250250104052002,250250104052,BOS-04-12,Boston,4,12,Boston Ward 4 Precinct 12,0,0,1053,0,-071.0906766,+42.3463381,covered,1052.767,1052.767,100.0,False
250250104052003,250250104052,BOS-04-12,Boston,4,12,Boston Ward 4 Precinct 12,286,176,12167,0,-071.0907663,+42.3433751,largest_overlap,12143.678,12166.625,99.811,False
250250104052004,250250104052,BOS-04-12,Boston,4,12,Boston Ward 4 Precinct 12,479,10,4150,0,-071.0906150,+42.3426806,largest_overlap,4123.755,4149.609,99.377,False
250250104052005,250250104052,BOS-04-12,Boston,4,12,Boston Ward 4 Precinct 12,53,25,930,0,-071.0906928,+42.3420541,largest_overlap,915.64,930.152,98.44,False
250250104052006,250250104052,BOS-04-12,Boston,4,12,Boston Ward 4 Precinct 12,263,7,5647,0,-071.0913897,+42.3418474,covered,5647.079,5647.079,100.0,False
250250104052007,250250104052,BOS-04-12,Boston,4,12,Boston Ward 4 Precinct 12,146,31,2305,0,-071.0911492,+42.3424342,covered,2305.22,2305.22,100.0,False
250250104052008,250250104052,BOS-04-12,Boston,4,12,Boston Ward 4 Precinct 12,37,18,1806,0,-071.0917724,+42.3413093,covered,1805.944,1805.944,100.0,False
250250104052009,250250104052,BOS-04-12,Boston,4,12,Boston Ward 4 Precinct 12,307,33,1569,0,-071.0909170,+42.3417091,largest_overlap,1545.484,1569.025,98.5,False
250250104052010,250250104052,BOS-04-12,Boston,4,12,Boston Ward 4 Precinct 12,78,47,1843,0,-071.0912090,+42.3412529,largest_overlap,1815.946,1842.506,98.558,False
250250104052011,250250104052,BOS-04-12,Boston,4,12,Boston Ward 4 Precinct 12,10,2,14603,0,-071.0920727,+42.3404028,largest_overlap,14461.142,14601.661,99.038,False
250250104052012,250250104052,BOS-04-12,Boston,4,12,Boston Ward 4 Precinct 12,0,0,6188,0,-071.0927758,+42.3407036,largest_overlap,6159.701,6187.871,99.545,False
250259818001002,250259818001,BOS-04-12,Boston,4,12,Boston Ward 4 Precinct 12,0,0,39812,0,-071.0915145,+42.3458285,largest_overlap,39809.047,39809.755,99.998,False
250259818001003,250259818001,BOS-04-12,Boston,4,12,Boston Ward 4 Precinct 12,0,0,19794,0,-071.0920465,+42.3428103,largest_overlap,19647.794,19792.92,99.267,False
250259818001005,250259818001,BOS-04-12,Boston,4,12,Boston Ward 4 Precinct 12,0,0,0,18982,-071.0922745,+42.3458063,largest_overlap,18922.685,18980.796,99.694,False
250259818001009,250259818001,BOS-04-12,Boston,4,12,Boston Ward 4 Precinct 12,0,0,19141,0,-071.0950339,+42.3404364,largest_overlap,18806.142,19139.378,98.259,False
250250102051000,250250102051,BOS-05-02,Boston,5,2,Boston Ward 5 Precinct 2,128,103,9174,0,-071.0983923,+42.3431887,largest_overlap,9160.943,9172.929,99.869,False
250250102051001,250250102051,BOS-05-02,Boston,5,2,Boston Ward 5 Precinct 2,134,89,9310,0,-071.0981960,+42.3427732,largest_overlap,9297.203,9309.639,99.866,False
250250102051002,250250102051,BOS-05-02,Boston,5,2,Boston Ward 5 Precinct 2,398,294,12524,0,-071.0981073,+42.3422280,largest_overlap,12496.486,12523.123,99.787,False
250250102051003,250250102051,BOS-05-02,Boston,5,2,Boston Ward 5 Precinct 2,564,374,9791,0,-071.0977868,+42.3417591,largest_overlap,9773.38,9790.731,99.823,False
250250102051004,250250102051,BOS-05-02,Boston,5,2,Boston Ward 5 Precinct 2,36,6,4574,0,-071.0975329,+42.3415120,largest_overlap,4563.787,4573.6,99.785,False
250250104081000,250250104081,BOS-05-02,Boston,5,2,Boston Ward 5 Precinct 2,513,366,14580,0,-071.0956822,+42.3436037,covered,14578.938,14578.938,100.0,False
250250104081001,250250104081,BOS-05-02,Boston,5,2,Boston Ward 5 Precinct 2,275,159,7289,0,-071.0964753,+42.3437118,covered,7288.812,7288.812,100.0,False
250250104081002,250250104081,BOS-05-02,Boston,5,2,Boston Ward 5 Precinct 2,18,2,6127,0,-071.0948319,+42.3428869,covered,6126.396,6126.396,100.0,False
250250104081003,250250104081,BOS-05-02,Boston,5,2,Boston Ward 5 Precinct 2,393,287,8857,0,-071.0956904,+42.3426738,covered,8856.499,8856.499,100.0,False
250250104081004,250250104081,BOS-05-02,Boston,5,2,Boston Ward 5 Precinct 2,239,167,6528,0,-071.0961862,+42.3428618,covered,6527.52,6527.52,100.0,False
250259818001001,250259818001,BOS-05-02,Boston,5,2,Boston Ward 5 Precinct 2,0,0,1618,302,-071.0926686,+42.3467461,largest_overlap,1897.599,1920.006,98.833,False
250259818001004,250259818001,BOS-05-02,Boston,5,2,Boston Ward 5 Precinct 2,0,0,0,19958,-071.0928208,+42.3426000,largest_overlap,19777.304,19955.494,99.107,False
250259818001006,250259818001,BOS-05-02,Boston,5,2,Boston Ward 5 Precinct 2,0,0,49572,0,-071.0933195,+42.3450508,largest_overlap,49347.498,49568.793,99.554,False
250259818001007,250259818001,BOS-05-02,Boston,5,2,Boston Ward 5 Precinct 2,13,1,56154,0,-071.0958603,+42.3413836,largest_overlap,56078.354,56150.171,99.872,False
250259818001008,250259818001,BOS-05-02,Boston,5,2,Boston Ward 5 Precinct 2,0,0,0,10464,-071.0959475,+42.3405262,largest_overlap,10205.238,10463.579,97.531,False
250250101031000,250250101031,BOS-05-10,Boston,5,10,Boston Ward 5 Precinct 10,0,0,5553,0,-071.0988725,+42.3490721,covered,5553.317,5553.317,100.0,False
250250101031002,250250101031,BOS-05-10,Boston,5,10,Boston Ward 5 Precinct 10,336,268,9277,0,-071.0989034,+42.3487028,covered,9276.087,9276.087,100.0,False
250250101031003,250250101031,BOS-05-10,Boston,5,10,Boston Ward 5 Precinct 10,0,0,10542,0,-071.1002166,+42.3485374,largest_overlap,10508.725,10541.259,99.691,False
250250101032000,250250101032,BOS-05-10,Boston,5,10,Boston Ward 5 Precinct 10,0,0,2181,0,-071.0990725,+42.3507399,covered,2181.26,2181.26,100.0,False
250250101032001,250250101032,BOS-05-10,Boston,5,10,Boston Ward 5 Precinct 10,161,27,8631,0,-071.0992932,+42.3504699,covered,8630.544,8630.544,100.0,False
250250101032002,250250101032,BOS-05-10,Boston,5,10,Boston Ward 5 Precinct 10,45,1,2241,0,-071.0980251,+42.3503634,covered,2240.798,2240.798,100.0,False
250250101032003,250250101032,BOS-05-10,Boston,5,10,Boston Ward 5 Precinct 10,34,9,7912,0,-071.0979039,+42.3496566,covered,7911.455,7911.455,100.0,False
250250101032004,250250101032,BOS-05-10,Boston,5,10,Boston Ward 5 Precinct 10,513,4,4775,0,-071.0992314,+42.3500066,covered,4774.971,4774.971,100.0,False
250250101032005,250250101032,BOS-05-10,Boston,5,10,Boston Ward 5 Precinct 10,447,11,15988,0,-071.0993089,+42.3495680,covered,15986.952,15986.952,100.0,False
250250101033000,250250101033,BOS-05-10,Boston,5,10,Boston Ward 5 Precinct 10,0,0,2789,0,-071.1018107,+42.3509274,covered,2788.502,2788.502,100.0,False
250250101033007,250250101033,BOS-05-10,Boston,5,10,Boston Ward 5 Precinct 10,455,15,10129,0,-071.1019056,+42.3502937,covered,10128.027,10128.027,100.0,False
250250101033008,250250101033,BOS-05-10,Boston,5,10,Boston Ward 5 Precinct 10,578,30,11624,0,-071.1017716,+42.3506678,covered,11623.556,11623.556,100.0,False
250250101033011,250250101033,BOS-05-10,Boston,5,10,Boston Ward 5 Precinct 10,71,6,16551,0,-071.1019870,+42.3498277,largest_overlap,16308.525,16549.781,98.542,False
250250101041006,250250101041,BOS-05-10,Boston,5,10,Boston Ward 5 Precinct 10,0,0,1051,0,-071.0921141,+42.3490138,largest_overlap,1048.328,1050.524,99.791,False
250250101041007,250250101041,BOS-05-10,Boston,5,10,Boston Ward 5 Precinct 10,0,0,1687,0,-071.0925834,+42.3490015,covered,1686.652,1686.652,100.0,False
250250101041008,250250101041,BOS-05-10,Boston,5,10,Boston Ward 5 Precinct 10,0,0,4906,0,-071.0925799,+42.3483799,covered,4905.227,4905.227,100.0,False
250250101041009,250250101041,BOS-05-10,Boston,5,10,Boston Ward 5 Precinct 10,0,0,2606,1028,-071.0921382,+42.3484506,largest_overlap,3613.246,3633.639,99.439,False
250250101041013,250250101041,BOS-05-10,Boston,5,10,Boston Ward 5 Precinct 10,0,0,1079,244,-071.0924287,+42.3478600,covered,1323.877,1323.877,100.0,False
250250101041016,250250101041,BOS-05-10,Boston,5,10,Boston Ward 5 Precinct 10,0,0,839,194,-071.0926330,+42.3476972,largest_overlap,958.595,1032.618,92.832,True
250250101042000,250250101042,BOS-05-10,Boston,5,10,Boston Ward 5 Precinct 10,0,0,9921,1435,-071.0914357,+42.3510927,largest_overlap,11209.825,11355.251,98.719,False
250250101042001,250250101042,BOS-05-10,Boston,5,10,Boston Ward 5 Precinct 10,0,0,3048,0,-071.0917936,+42.3505735,largest_overlap,3037.978,3047.257,99.696,False
250250101042003,250250101042,BOS-05-10,Boston,5,10,Boston Ward 5 Precinct 10,0,0,2366,0,-071.0927847,+42.3503877,covered,2365.59,2365.59,100.0,False
250250101042004,250250101042,BOS-05-10,Boston,5,10,Boston Ward 5 Precinct 10,0,0,4265,0,-071.0938649,+42.3506707,covered,4265.088,4265.088,100.0,False
250250101042005,250250101042,BOS-05-10,Boston,5,10,Boston Ward 5 Precinct 10,0,0,5404,0,-071.0954522,+42.3505338,covered,5403.69,5403.69,100.0,False
250250101042006,250250101042,BOS-05-10,Boston,5,10,Boston Ward 5 Precinct 10,627,77,10723,0,-071.0965235,+42.3502705,covered,10722.546,10722.546,100.0,False
250250101042007,250250101042,BOS-05-10,Boston,5,10,Boston Ward 5 Precinct 10,245,127,17952,0,-071.0964974,+42.3495585,covered,17950.921,17950.921,100.0,False
250250101042008,250250101042,BOS-05-10,Boston,5,10,Boston Ward 5 Precinct 10,55,31,1820,0,-071.0952612,+42.3496096,covered,1820.249,1820.249,100.0,False
250250101042009,250250101042,BOS-05-10,Boston,5,10,Boston Ward 5 Precinct 10,249,173,10059,0,-071.0939638,+42.3501713,covered,10058.024,10058.024,100.0,False
250250101042010,250250101042,BOS-05-10,Boston,5,10,Boston Ward 5 Precinct 10,0,0,1004,0,-071.0951500,+42.3501750,covered,1004.235,1004.235,100.0,False
250250101042011,250250101042,BOS-05-10,Boston,5,10,Boston Ward 5 Precinct 10,747,8,5497,0,-071.0943742,+42.3497372,covered,5496.218,5496.218,100.0,False
250250101043000,250250101043,BOS-05-10,Boston,5,10,Boston Ward 5 Precinct 10,0,0,5749,1562,-071.0921381,+42.3494358,largest_overlap,7281.952,7311.828,99.591,False
250250101043001,250250101043,BOS-05-10,Boston,5,10,Boston Ward 5 Precinct 10,0,0,3738,0,-071.0926462,+42.3495948,covered,3737.789,3737.789,100.0,False
250250101043002,250250101043,BOS-05-10,Boston,5,10,Boston Ward 5 Precinct 10,419,149,10107,0,-071.0937493,+42.3494300,covered,10106.376,10106.376,100.0,False
250250101043003,250250101043,BOS-05-10,Boston,5,10,Boston Ward 5 Precinct 10,0,0,1069,0,-071.0953255,+42.3491904,covered,1069.399,1069.399,100.0,False
250250101043004,250250101043,BOS-05-10,Boston,5,10,Boston Ward 5 Precinct 10,0,0,5113,0,-071.0958791,+42.3489160,covered,5113.466,5113.466,100.0,False
250250101043005,250250101043,BOS-05-10,Boston,5,10,Boston Ward 5 Precinct 10,0,0,719,0,-071.0968877,+42.3489346,covered,718.967,718.967,100.0,False
250250101043006,250250101043,BOS-05-10,Boston,5,10,Boston Ward 5 Precinct 10,0,0,6068,0,-071.0939256,+42.3489816,covered,6067.502,6067.502,100.0,False
250250101043007,250250101043,BOS-05-10,Boston,5,10,Boston Ward 5 Precinct 10,677,515,15175,0,-071.0939105,+42.3484281,covered,15174.001,15174.001,100.0,False
250250101043008,250250101043,BOS-05-10,Boston,5,10,Boston Ward 5 Precinct 10,16,1,10406,0,-071.0957406,+42.3483667,covered,10404.992,10404.992,100.0,False
250250101043009,250250101043,BOS-05-10,Boston,5,10,Boston Ward 5 Precinct 10,50,28,5049,0,-071.0967978,+42.3484561,covered,5048.741,5048.741,100.0,False
250250101043010,250250101043,BOS-05-10,Boston,5,10,Boston Ward 5 Precinct 10,0,0,11014,0,-071.0983952,+42.3481951,covered,11013.028,11013.028,100.0,False
250250101043011,250250101043,BOS-05-10,Boston,5,10,Boston Ward 5 Precinct 10,0,0,2861,0,-071.0988068,+42.3483637,covered,2861.106,2861.106,100.0,False
250250101043012,250250101043,BOS-05-10,Boston,5,10,Boston Ward 5 Precinct 10,0,0,3990,0,-071.0994422,+42.3478122,largest_overlap,3969.165,3990.601,99.463,False
250250101043013,250250101043,BOS-05-10,Boston,5,10,Boston Ward 5 Precinct 10,0,0,6966,0,-071.0953842,+42.3478275,covered,6965.742,6965.742,100.0,False
250250101043014,250250101043,BOS-05-10,Boston,5,10,Boston Ward 5 Precinct 10,0,0,6410,0,-071.0955987,+42.3479824,covered,6409.941,6409.941,100.0,False
250250101043015,250250101043,BOS-05-10,Boston,5,10,Boston Ward 5 Precinct 10,0,0,2155,0,-071.0993106,+42.3476975,largest_overlap,1937.715,2155.33,89.903,True
250250101043016,250250101043,BOS-05-10,Boston,5,10,Boston Ward 5 Precinct 10,0,0,5372,0,-071.0954308,+42.3476961,largest_overlap,4955.955,5371.788,92.259,True
250259815011013,250259815011,BOS-05-10,Boston,5,10,Boston Ward 5 Precinct 10,0,0,0,59938,-071.0921518,+42.3529666,covered,59934.512,59934.512,100.0,False
250259815011014,250259815011,BOS-05-10,Boston,5,10,Boston Ward 5 Precinct 10,0,0,0,151581,-071.0975480,+42.3522269,covered,151571.123,151571.123,100.0,False
250259815011041,250259815011,BOS-05-10,Boston,5,10,Boston Ward 5 Precinct 10,0,0,10418,0,-071.0967716,+42.3506666,covered,10417.269,10417.269,100.0,False
250259815011042,250259815011,BOS-05-10,Boston,5,10,Boston Ward 5 Precinct 10,0,0,15085,0,-071.0915229,+42.3515031,covered,15082.166,15082.166,100.0,False
250259815011049,250259815011,BOS-05-10,Boston,5,10,Boston Ward 5 Precinct 10,0,0,5632,0,-071.0916712,+42.3518534,covered,5631.621,5631.621,100.0,False
250259815011050,250259815011,BOS-05-10,Boston,5,10,Boston Ward 5 Precinct 10,0,0,42808,0,-071.1006858,+42.3514438,covered,42806.21,42806.21,100.0,False
250250102054000,250250102054,BOS-05-12,Boston,5,12,Boston Ward 5 Precinct 12,0,0,20359,0,-071.0994146,+42.3456432,covered,20357.39,20357.39,100.0,False
250250102054001,250250102054,BOS-05-12,Boston,5,12,Boston Ward 5 Precinct 12,210,172,19704,0,-071.0992239,+42.3446909,largest_overlap,19629.193,19703.217,99.624,False
250250102054002,250250102054,BOS-05-12,Boston,5,12,Boston Ward 5 Precinct 12,571,412,9924,0,-071.0987998,+42.3440448,largest_overlap,9909.269,9923.7,99.855,False
250250102054003,250250102054,BOS-05-12,Boston,5,12,Boston Ward 5 Precinct 12,301,133,9393,0,-071.0986000,+42.3436051,largest_overlap,9204.601,9392.446,98.0,False
250250102061000,250250102061,BOS-05-12,Boston,5,12,Boston Ward 5 Precinct 12,0,0,19696,0,-071.0960165,+42.3474162,covered,19694.285,19694.285,100.0,False
250250102061001,250250102061,BOS-05-12,Boston,5,12,Boston Ward 5 Precinct 12,0,0,46714,0,-071.0970013,+42.3465025,covered,46711.064,46711.064,100.0,False
250250102061002,250250102061,BOS-05-12,Boston,5,12,Boston Ward 5 Precinct 12,0,0,22120,0,-071.0968040,+42.3453168,covered,22118.999,22118.999,100.0,False
250250102061003,250250102061,BOS-05-12,Boston,5,12,Boston Ward 5 Precinct 12,879,651,27322,0,-071.0961163,+42.3445530,largest_overlap,27077.224,27320.485,99.11,False
250250102062001,250250102062,BOS-05-12,Boston,5,12,Boston Ward 5 Precinct 12,0,0,844,1185,-071.0921955,+42.3472390,largest_overlap,1999.795,2028.467,98.587,False
250250102062004,250250102062,BOS-05-12,Boston,5,12,Boston Ward 5 Precinct 12,813,446,32993,0,-071.0940787,+42.3465753,largest_overlap,32922.124,32990.639,99.792,False
250250102062005,250250102062,BOS-05-12,Boston,5,12,Boston Ward 5 Precinct 12,0,0,2885,0,-071.0940207,+42.3459297,largest_overlap,2769.81,2884.993,96.008,False
250250101041000,250250101041,BOS-05-15,Boston,5,15,Boston Ward 5 Precinct 15,437,249,10252,0,-071.0906008,+42.3502877,covered,10251.536,10251.536,100.0,False
250250101041001,250250101041,BOS-05-15,Boston,5,15,Boston Ward 5 Precinct 15,112,42,6171,0,-071.0909562,+42.3494675,covered,6170.719,6170.719,100.0,False
250250101041002,250250101041,BOS-05-15,Boston,5,15,Boston Ward 5 Precinct 15,154,109,7004,0,-071.0900582,+42.3500342,covered,7003.666,7003.666,100.0,False
250250101041003,250250101041,BOS-05-15,Boston,5,15,Boston Ward 5 Precinct 15,222,158,8646,0,-071.0895487,+42.3495502,covered,8645.39,8645.39,100.0,False
250250101041004,250250101041,BOS-05-15,Boston,5,15,Boston Ward 5 Precinct 15,0,0,1797,0,-071.0893848,+42.3491721,covered,1797.115,1797.115,100.0,False
250250101041005,250250101041,BOS-05-15,Boston,5,15,Boston Ward 5 Precinct 15,13,8,6478,549,-071.0905818,+42.3490327,largest_overlap,7013.429,7026.879,99.809,False
250250101041010,250250101041,BOS-05-15,Boston,5,15,Boston Ward 5 Precinct 15,0,0,9287,0,-071.0900173,+42.3480515,covered,9285.78,9285.781,100.0,False
250250101041011,250250101041,BOS-05-15,Boston,5,15,Boston Ward 5 Precinct 15,460,283,23375,0,-071.0899707,+42.3484536,covered,23373.403,23373.403,100.0,False
250250101041012,250250101041,BOS-05-15,Boston,5,15,Boston Ward 5 Precinct 15,0,0,2277,0,-071.0893263,+42.3489335,covered,2276.543,2276.543,100.0,False
250250101041014,250250101041,BOS-05-15,Boston,5,15,Boston Ward 5 Precinct 15,0,0,5281,0,-071.0900673,+42.3477927,largest_overlap,5280.49,5280.796,99.994,False
250250101041015,250250101041,BOS-05-15,Boston,5,15,Boston Ward 5 Precinct 15,0,0,4134,0,-071.0900166,+42.3476571,largest_overlap,4133.234,4133.27,99.999,False
250250101042002,250250101042,BOS-05-15,Boston,5,15,Boston Ward 5 Precinct 15,580,167,10791,0,-071.0906316,+42.3508299,covered,10790.706,10790.706,100.0,False
250250102062000,250250102062,BOS-05-15,Boston,5,15,Boston Ward 5 Precinct 15,88,47,9864,0,-071.0894005,+42.3473833,largest_overlap,9742.1,9863.75,98.767,False
250250102062002,250250102062,BOS-05-15,Boston,5,15,Boston Ward 5 Precinct 15,0,0,6303,0,-071.0914258,+42.3469376,largest_overlap,6262.295,6302.177,99.367,False
250250102062003,250250102062,BOS-05-15,Boston,5,15,Boston Ward 5 Precinct 15,374,240,13540,0,-071.0903808,+42.3471265,largest_overlap,13446.686,13538.784,99.32,False
250259818001000,250259818001,BOS-05-15,Boston,5,15,Boston Ward 5 Precinct 15,0,0,1126,0,-071.0915545,+42.3466268,largest_overlap,1031.467,1125.976,91.606,True
250250102042000,250250102042,BOS-21-01,Boston,21,1,Boston Ward 21 Precinct 1,308,11,6973,0,-071.1064160,+42.3476843,largest_overlap,6972.449,6972.472,100.0,False
250250102042001,250250102042,BOS-21-01,Boston,21,1,Boston Ward 21 Precinct 1,51,37,5571,0,-071.1066883,+42.3480655,covered,5570.948,5570.948,100.0,False
250250102042002,250250102042,BOS-21-01,Boston,21,1,Boston Ward 21 Precinct 1,409,67,7554,0,-071.1062475,+42.3470606,largest_overlap,7540.487,7552.706,99.838,False
250250102042003,250250102042,BOS-21-01,Boston,21,1,Boston Ward 21 Precinct 1,2,1,1780,0,-071.1058563,+42.3476524,covered,1780.114,1780.114,100.0,False
250250102042004,250250102042,BOS-21-01,Boston,21,1,Boston Ward 21 Precinct 1,92,76,4020,0,-071.1064798,+42.3465808,largest_overlap,4005.5,4020.006,99.639,False
250250102042005,250250102042,BOS-21-01,Boston,21,1,Boston Ward 21 Precinct 1,0,0,2790,0,-071.1060429,+42.3463476,largest_overlap,2784.134,2789.426,99.81,False
250250102042006,250250102042,BOS-21-01,Boston,21,1,Boston Ward 21 Precinct 1,51,31,2976,0,-071.1055624,+42.3468347,covered,2975.584,2975.584,100.0,False
250250102042007,250250102042,BOS-21-01,Boston,21,1,Boston Ward 21 Precinct 1,131,80,8932,0,-071.1053012,+42.3460274,covered,8930.482,8930.482,100.0,False
250250102042008,250250102042,BOS-21-01,Boston,21,1,Boston Ward 21 Precinct 1,137,66,10603,0,-071.1053988,+42.3451296,largest_overlap,10566.621,10602.175,99.665,False
250250102042009,250250102042,BOS-21-01,Boston,21,1,Boston Ward 21 Precinct 1,114,93,6312,0,-071.1061606,+42.3457402,largest_overlap,6284.197,6312.033,99.559,False
250250102042010,250250102042,BOS-21-01,Boston,21,1,Boston Ward 21 Precinct 1,49,20,10195,607,-071.1049242,+42.3445691,largest_overlap,10685.302,10801.325,98.926,False
250250102043000,250250102043,BOS-21-01,Boston,21,1,Boston Ward 21 Precinct 1,98,71,16718,0,-071.0995668,+42.3471585,largest_overlap,16613.032,16717.131,99.377,False
250250102043003,250250102043,BOS-21-01,Boston,21,1,Boston Ward 21 Precinct 1,8,2,30373,0,-071.1012167,+42.3459811,largest_overlap,30263.199,30370.826,99.646,False
250250102043004,250250102043,BOS-21-01,Boston,21,1,Boston Ward 21 Precinct 1,0,0,6047,0,-071.1000853,+42.3465749,largest_overlap,6015.996,6046.237,99.5,False
250250102043005,250250102043,BOS-21-01,Boston,21,1,Boston Ward 21 Precinct 1,0,0,1472,0,-071.1041838,+42.3468856,covered,1471.871,1471.871,100.0,False
250250102043006,250250102043,BOS-21-01,Boston,21,1,Boston Ward 21 Precinct 1,631,394,20475,0,-071.1039517,+42.3462589,covered,20473.595,20473.595,100.0,False
250250102043008,250250102043,BOS-21-01,Boston,21,1,Boston Ward 21 Precinct 1,0,0,3520,0,-071.1040624,+42.3445181,largest_overlap,3514.125,3520.633,99.815,False
250250102043009,250250102043,BOS-21-01,Boston,21,1,Boston Ward 21 Precinct 1,2,0,45740,0,-071.1027371,+42.3448297,covered,45736.976,45736.976,100.0,False
250250102052000,250250102052,BOS-21-01,Boston,21,1,Boston Ward 21 Precinct 1,555,368,18124,0,-071.1004197,+42.3424146,covered,18123.311,18123.311,100.0,False
250250102052001,250250102052,BOS-21-01,Boston,21,1,Boston Ward 21 Precinct 1,279,195,19262,0,-071.0995261,+42.3413933,covered,19260.433,19260.433,100.0,False
250250102052002,250250102052,BOS-21-01,Boston,21,1,Boston Ward 21 Precinct 1,86,8,3076,0,-071.1003115,+42.3414562,covered,3075.429,3075.429,100.0,False
250250102053000,250250102053,BOS-21-01,Boston,21,1,Boston Ward 21 Precinct 1,1193,874,15703,0,-071.1011344,+42.3440846,covered,15702.031,15702.031,100.0,False
250250102053001,250250102053,BOS-21-01,Boston,21,1,Boston Ward 21 Precinct 1,0,0,14446,0,-071.1012451,+42.3432939,covered,14445.374,14445.374,100.0,False
250250102053002,250250102053,BOS-21-01,Boston,21,1,Boston Ward 21 Precinct 1,451,244,7409,0,-071.1005098,+42.3430915,covered,7408.581,7408.581,100.0,False
250259818001011,250259818001,BOS-21-01,Boston,21,1,Boston Ward 21 Precinct 1,0,0,14437,0,-071.0987525,+42.3403690,largest_overlap,14031.927,14436.511,97.197,False
250259818001013,250259818001,BOS-21-01,Boston,21,1,Boston Ward 21 Precinct 1,0,0,7696,0,-071.1033961,+42.3435958,largest_overlap,7600.796,7695.114,98.774,False
250259818001014,250259818001,BOS-21-01,Boston,21,1,Boston Ward 21 Precinct 1,0,0,3701,0,-071.1025566,+42.3429001,largest_overlap,3678.014,3700.897,99.382,False
250250008071000,250250008071,BOS-21-02,Boston,21,2,Boston Ward 21 Precinct 2,0,0,15075,0,-071.1127596,+42.3518947,covered,15073.686,15073.686,100.0,False
250250008071001,250250008071,BOS-21-02,Boston,21,2,Boston Ward 21 Precinct 2,0,0,8860,0,-071.1159810,+42.3531483,covered,8859.332,8859.332,100.0,False
250250008071002,250250008071,BOS-21-02,Boston,21,2,Boston Ward 21 Precinct 2,0,0,9252,0,-071.1183938,+42.3546003,covered,9251.392,9251.392,100.0,False
250250008071003,250250008071,BOS-21-02,Boston,21,2,Boston Ward 21 Precinct 2,0,0,7579,0,-071.1192154,+42.3544689,covered,7579.132,7579.136,100.0,False
250250008071004,250250008071,BOS-21-02,Boston,21,2,Boston Ward 21 Precinct 2,1276,20,76808,0,-071.1191075,+42.3536870,largest_overlap,76800.979,76802.89,99.998,False
250250008071005,250250008071,BOS-21-02,Boston,21,2,Boston Ward 21 Precinct 2,0,0,8998,0,-071.1191799,+42.3519590,covered,8997.276,8997.276,100.0,False
250250008071006,250250008071,BOS-21-02,Boston,21,2,Boston Ward 21 Precinct 2,1006,20,47055,0,-071.1170625,+42.3523212,covered,47051.726,47051.726,100.0,False
250250008071007,250250008071,BOS-21-02,Boston,21,2,Boston Ward 21 Precinct 2,0,0,8123,0,-071.1134250,+42.3508313,largest_overlap,7738.909,8122.255,95.28,False
250250008071008,250250008071,BOS-21-02,Boston,21,2,Boston Ward 21 Precinct 2,0,0,4430,0,-071.1170212,+42.3512709,largest_overlap,4235.116,4429.424,95.613,False
250250008071009,250250008071,BOS-21-02,Boston,21,2,Boston Ward 21 Precinct 2,0,0,5330,0,-071.1197924,+42.3515961,largest_overlap,5091.123,5329.774,95.522,False
250250008071010,250250008071,BOS-21-02,Boston,21,2,Boston Ward 21 Precinct 2,0,0,4518,0,-071.1208217,+42.3521549,covered,4517.797,4517.797,100.0,False
250250008071011,250250008071,BOS-21-02,Boston,21,2,Boston Ward 21 Precinct 2,0,0,7241,0,-071.1125573,+42.3510966,covered,7240.988,7240.988,100.0,False
250250008071012,250250008071,BOS-21-02,Boston,21,2,Boston Ward 21 Precinct 2,0,0,3814,0,-071.1120565,+42.3511742,covered,3813.881,3813.881,100.0,False
250250008071013,250250008071,BOS-21-02,Boston,21,2,Boston Ward 21 Precinct 2,0,0,11509,0,-071.1114931,+42.3514188,covered,11508.463,11508.463,100.0,False
250250101031001,250250101031,BOS-21-02,Boston,21,2,Boston Ward 21 Precinct 2,0,0,7187,0,-071.1027921,+42.3495435,largest_overlap,7181.912,7185.831,99.945,False
250250101031004,250250101031,BOS-21-02,Boston,21,2,Boston Ward 21 Precinct 2,3,2,16945,0,-071.1017733,+42.3489228,largest_overlap,16928.947,16944.399,99.909,False
250250101031005,250250101031,BOS-21-02,Boston,21,2,Boston Ward 21 Precinct 2,1787,8,13779,0,-071.1039737,+42.3492450,covered,13778.517,13778.517,100.0,False
250250101031006,250250101031,BOS-21-02,Boston,21,2,Boston Ward 21 Precinct 2,0,0,22325,0,-071.1038094,+42.3486941,largest_overlap,22300.914,22323.522,99.899,False
250250101031007,250250101031,BOS-21-02,Boston,21,2,Boston Ward 21 Precinct 2,0,0,8977,0,-071.1037998,+42.3484043,largest_overlap,8943.416,8976.858,99.627,False
250250101031008,250250101031,BOS-21-02,Boston,21,2,Boston Ward 21 Precinct 2,0,0,6780,0,-071.1042305,+42.3483360,largest_overlap,6767.931,6779.609,99.828,False
250250101033001,250250101033,BOS-21-02,Boston,21,2,Boston Ward 21 Precinct 2,0,1,24440,0,-071.1089435,+42.3514898,largest_overlap,24434.353,24438.731,99.982,False
250250101033002,250250101033,BOS-21-02,Boston,21,2,Boston Ward 21 Precinct 2,0,0,2682,0,-071.1037815,+42.3508533,largest_overlap,2671.497,2682.058,99.606,False
250250101033003,250250101033,BOS-21-02,Boston,21,2,Boston Ward 21 Precinct 2,0,0,2460,0,-071.1102531,+42.3504600,largest_overlap,2352.18,2459.496,95.637,False
250250101033004,250250101033,BOS-21-02,Boston,21,2,Boston Ward 21 Precinct 2,0,0,628,0,-071.1107330,+42.3507247,covered,627.28,627.28,100.0,False
250250101033005,250250101033,BOS-21-02,Boston,21,2,Boston Ward 21 Precinct 2,0,0,58532,0,-071.1065677,+42.3506313,largest_overlap,58507.299,58527.719,99.965,False
250250101033006,250250101033,BOS-21-02,Boston,21,2,Boston Ward 21 Precinct 2,0,0,5345,0,-071.1081109,+42.3501969,largest_overlap,5109.214,5345.172,95.586,False
250250101033009,250250101033,BOS-21-02,Boston,21,2,Boston Ward 21 Precinct 2,81,0,2753,0,-071.1057722,+42.3499113,covered,2752.652,2752.652,100.0,False
250250101033010,250250101033,BOS-21-02,Boston,21,2,Boston Ward 21 Precinct 2,186,38,7079,0,-071.1058448,+42.3495805,covered,7078.977,7078.977,100.0,False
250250102041000,250250102041,BOS-21-02,Boston,21,2,Boston Ward 21 Precinct 2,93,18,10157,0,-071.1041987,+42.3481532,largest_overlap,10072.032,10156.165,99.172,False
250250102041001,250250102041,BOS-21-02,Boston,21,2,Boston Ward 21 Precinct 2,214,13,6493,0,-071.1050288,+42.3479518,largest_overlap,6473.389,6491.852,99.716,False
250250102041002,250250102041,BOS-21-02,Boston,21,2,Boston Ward 21 Precinct 2,23,9,239,0,-071.1050681,+42.3478581,covered,238.78,238.78,100.0,False
250250102041003,250250102041,BOS-21-02,Boston,21,2,Boston Ward 21 Precinct 2,11,9,297,0,-071.1049116,+42.3478963,covered,296.589,296.589,100.0,False
250250102041004,250250102041,BOS-21-02,Boston,21,2,Boston Ward 21 Precinct 2,481,124,10137,0,-071.1041846,+42.3474503,largest_overlap,10056.419,10136.028,99.215,False
250250102041005,250250102041,BOS-21-02,Boston,21,2,Boston Ward 21 Precinct 2,26,14,396,0,-071.1039290,+42.3472737,largest_overlap,389.98,395.813,98.526,False
250250102041006,250250102041,BOS-21-02,Boston,21,2,Boston Ward 21 Precinct 2,16,19,385,0,-071.1044728,+42.3471095,largest_overlap,378.043,384.832,98.236,False
250250102041007,250250102041,BOS-21-02,Boston,21,2,Boston Ward 21 Precinct 2,147,3,4294,0,-071.1030821,+42.3476346,covered,4293.301,4293.301,100.0,False
250250102041008,250250102041,BOS-21-02,Boston,21,2,Boston Ward 21 Precinct 2,44,10,1804,0,-071.1023562,+42.3476150,covered,1804.015,1804.015,100.0,False
250250102041009,250250102041,BOS-21-02,Boston,21,2,Boston Ward 21 Precinct 2,43,12,4515,0,-071.1050216,+42.3471456,largest_overlap,4435.927,4513.987,98.271,False
250250102041010,250250102041,BOS-21-02,Boston,21,2,Boston Ward 21 Precinct 2,33,4,1100,0,-071.1033043,+42.3473926,largest_overlap,1099.219,1099.496,99.975,False
250250102043001,250250102043,BOS-21-02,Boston,21,2,Boston Ward 21 Precinct 2,0,0,8577,0,-071.1010242,+42.3473321,largest_overlap,8389.029,8575.682,97.823,False
250250102043002,250250102043,BOS-21-02,Boston,21,2,Boston Ward 21 Precinct 2,0,0,2299,0,-071.1021414,+42.3474338,largest_overlap,2295.138,2298.695,99.845,False
250250102043007,250250102043,BOS-21-02,Boston,21,2,Boston Ward 21 Precinct 2,229,154,10668,0,-071.1024640,+42.3468874,largest_overlap,10573.426,10667.157,99.121,False
250259815011021,250259815011,BOS-21-02,Boston,21,2,Boston Ward 21 Precinct 2,0,0,0,48846,-071.1062832,+42.3521000,largest_overlap,48827.517,48843.185,99.968,False
250259815011022,250259815011,BOS-21-02,Boston,21,2,Boston Ward 21 Precinct 2,0,0,0,51769,-071.1146794,+42.3535605,covered,51766.307,51766.307,100.0,False
250259815011029,250259815011,BOS-21-02,Boston,21,2,Boston Ward 21 Precinct 2,0,0,1750,248,-071.1109472,+42.3520521,covered,1998.377,1998.377,100.0,False
250259815011030,250259815011,BOS-21-02,Boston,21,2,Boston Ward 21 Precinct 2,0,0,11499,0,-071.1113852,+42.3521550,covered,11497.819,11497.819,100.0,False
250259815011039,250259815011,BOS-21-02,Boston,21,2,Boston Ward 21 Precinct 2,0,0,18190,0,-071.1070470,+42.3516747,largest_overlap,18179.98,18188.77,99.952,False
250259815011040,250259815011,BOS-21-02,Boston,21,2,Boston Ward 21 Precinct 2,0,0,6203,0,-071.1070353,+42.3514905,largest_overlap,6200.387,6202.762,99.962,False
250259815011061,250259815011,BOS-21-02,Boston,21,2,Boston Ward 21 Precinct 2,0,0,5578,0,-071.1144760,+42.3526102,covered,5578.027,5578.027,100.0,False
250250007031000,250250007031,BOS-21-03,Boston,21,3,Boston Ward 21 Precinct 3,0,0,6210,0,-071.1229326,+42.3519730,largest_overlap,6082.796,6209.39,97.961,False
250250007031001,250250007031,BOS-21-03,Boston,21,3,Boston Ward 21 Precinct 3,0,0,659,0,-071.1247965,+42.3521609,covered,658.648,658.648,100.0,False
250250007031002,250250007031,BOS-21-03,Boston,21,3,Boston Ward 21 Precinct 3,0,0,10179,0,-071.1298762,+42.3506661,largest_overlap,10173.118,10179.146,99.941,False
250250007031003,250250007031,BOS-21-03,Boston,21,3,Boston Ward 21 Precinct 3,0,0,5126,0,-071.1299579,+42.3505471,largest_overlap,5122.033,5125.337,99.936,False
250250007031004,250250007031,BOS-21-03,Boston,21,3,Boston Ward 21 Precinct 3,0,0,1998,0,-071.1257764,+42.3511387,covered,1998.223,1998.223,100.0,False
250250007031005,250250007031,BOS-21-03,Boston,21,3,Boston Ward 21 Precinct 3,0,0,1130,0,-071.1247145,+42.3518255,covered,1130.139,1130.139,100.0,False
250250007031006,250250007031,BOS-21-03,Boston,21,3,Boston Ward 21 Precinct 3,148,85,6446,0,-071.1242145,+42.3516682,largest_overlap,6106.297,6445.814,94.733,True
250250007031007,250250007031,BOS-21-03,Boston,21,3,Boston Ward 21 Precinct 3,90,41,2437,0,-071.1231906,+42.3516751,largest_overlap,2382.184,2436.72,97.762,False
250250007031008,250250007031,BOS-21-03,Boston,21,3,Boston Ward 21 Precinct 3,0,0,5553,0,-071.1287234,+42.3504129,largest_overlap,5546.764,5551.552,99.914,False
250250007031009,250250007031,BOS-21-03,Boston,21,3,Boston Ward 21 Precinct 3,411,302,6378,0,-071.1270753,+42.3502350,largest_overlap,5107.9,6377.093,80.098,True
250250007031010,250250007031,BOS-21-03,Boston,21,3,Boston Ward 21 Precinct 3,205,124,7233,0,-071.1255471,+42.3509268,largest_overlap,5519.936,7232.092,76.326,True
250250007031011,250250007031,BOS-21-03,Boston,21,3,Boston Ward 21 Precinct 3,191,146,23493,0,-071.1294544,+42.3498005,largest_overlap,22317.629,23491.705,95.002,False
250250007032000,250250007032,BOS-21-03,Boston,21,3,Boston Ward 21 Precinct 3,0,0,4459,0,-071.1270860,+42.3524033,largest_overlap,4442.956,4457.909,99.665,False
250250007032002,250250007032,BOS-21-03,Boston,21,3,Boston Ward 21 Precinct 3,335,162,15758,0,-071.1290964,+42.3516509,covered,15756.567,15756.567,100.0,False
250250007032005,250250007032,BOS-21-03,Boston,21,3,Boston Ward 21 Precinct 3,308,155,16258,0,-071.1263782,+42.3516775,covered,16257.367,16257.367,100.0,False
250250007032006,250250007032,BOS-21-03,Boston,21,3,Boston Ward 21 Precinct 3,261,124,12576,0,-071.1275267,+42.3515326,covered,12574.972,12574.972,100.0,False
250250007032007,250250007032,BOS-21-03,Boston,21,3,Boston Ward 21 Precinct 3,291,164,12409,0,-071.1282971,+42.3515193,covered,12407.856,12407.856,100.0,False
250250008053000,250250008053,BOS-21-03,Boston,21,3,Boston Ward 21 Precinct 3,0,0,26876,0,-071.1225092,+42.3544423,largest_overlap,26860.073,26874.741,99.945,False
250250008053001,250250008053,BOS-21-03,Boston,21,3,Boston Ward 21 Precinct 3,43,15,7189,0,-071.1246575,+42.3547470,largest_overlap,7144.747,7188.892,99.386,False
250250008053002,250250008053,BOS-21-03,Boston,21,3,Boston Ward 21 Precinct 3,0,0,17150,0,-071.1238654,+42.3537108,covered,17148.502,17148.502,100.0,False
250250008053003,250250008053,BOS-21-03,Boston,21,3,Boston Ward 21 Precinct 3,0,0,16613,0,-071.1218995,+42.3534777,largest_overlap,16590.05,16611.758,99.869,False
250250008053004,250250008053,BOS-21-03,Boston,21,3,Boston Ward 21 Precinct 3,306,183,19322,0,-071.1240910,+42.3527262,covered,19320.54,19320.54,100.0,False
250250008053005,250250008053,BOS-21-03,Boston,21,3,Boston Ward 21 Precinct 3,413,204,33006,0,-071.1266371,+42.3529830,covered,33003.489,33003.489,100.0,False
250250008053006,250250008053,BOS-21-03,Boston,21,3,Boston Ward 21 Precinct 3,0,0,3782,0,-071.1228889,+42.3526009,covered,3781.497,3781.497,100.0,False
250250008053007,250250008053,BOS-21-03,Boston,21,3,Boston Ward 21 Precinct 3,921,273,15011,0,-071.1219224,+42.3524830,largest_overlap,14986.631,15009.806,99.846,False
250250008051000,250250008051,BOS-21-04,Boston,21,4,Boston Ward 21 Precinct 4,168,61,36834,0,-071.1286117,+42.3553391,largest_overlap,36809.738,36831.517,99.941,False
250250008051001,250250008051,BOS-21-04,Boston,21,4,Boston Ward 21 Precinct 4,63,12,3411,0,-071.1259711,+42.3547636,covered,3410.853,3410.853,100.0,False
250250008051002,250250008051,BOS-21-04,Boston,21,4,Boston Ward 21 Precinct 4,97,19,4616,0,-071.1267361,+42.3548841,covered,4616.043,4616.043,100.0,False
250250008051003,250250008051,BOS-21-04,Boston,21,4,Boston Ward 21 Precinct 4,305,127,19441,0,-071.1287731,+42.3546947,covered,19439.663,19439.663,100.0,False
250250008051004,250250008051,BOS-21-04,Boston,21,4,Boston Ward 21 Precinct 4,574,287,27095,0,-071.1263518,+42.3540130,largest_overlap,26828.896,27093.026,99.025,False
250250008051005,250250008051,BOS-21-04,Boston,21,4,Boston Ward 21 Precinct 4,260,114,13603,0,-071.1290102,+42.3540006,largest_overlap,13601.637,13601.875,99.998,False
250250008051006,250250008051,BOS-21-04,Boston,21,4,Boston Ward 21 Precinct 4,330,165,16953,0,-071.1291000,+42.3531952,largest_overlap,16777.602,16951.909,98.972,False
250250008052000,250250008052,BOS-21-04,Boston,21,4,Boston Ward 21 Precinct 4,219,83,13994,0,-071.1313005,+42.3551982,covered,13993.571,13993.571,100.0,False
250250008052001,250250008052,BOS-21-04,Boston,21,4,Boston Ward 21 Precinct 4,137,49,11714,0,-071.1321475,+42.3549412,covered,11713.295,11713.295,100.0,False
250250008052002,250250008052,BOS-21-04,Boston,21,4,Boston Ward 21 Precinct 4,279,118,51514,0,-071.1338328,+42.3541027,largest_overlap,51219.844,51510.603,99.436,False
250250008052003,250250008052,BOS-21-04,Boston,21,4,Boston Ward 21 Precinct 4,0,0,4445,0,-071.1363889,+42.3537466,largest_overlap,4323.503,4444.362,97.281,False
250250008052004,250250008052,BOS-21-04,Boston,21,4,Boston Ward 21 Precinct 4,153,72,10701,0,-071.1310391,+42.3532292,largest_overlap,10547.43,10700.083,98.573,False
250250008052005,250250008052,BOS-21-04,Boston,21,4,Boston Ward 21 Precinct 4,348,174,16609,0,-071.1312359,+42.3539567,covered,16608.091,16608.091,100.0,False
250250007032001,250250007032,BOS-21-05,Boston,21,5,Boston Ward 21 Precinct 5,0,0,2592,0,-071.1307620,+42.3528415,largest_overlap,2591.518,2591.534,99.999,False
250250007032003,250250007032,BOS-21-05,Boston,21,5,Boston Ward 21 Precinct 5,123,50,10614,0,-071.1298559,+42.3519804,largest_overlap,10563.016,10612.853,99.53,False
250250007032004,250250007032,BOS-21-05,Boston,21,5,Boston Ward 21 Precinct 5,79,22,30379,0,-071.1309532,+42.3517992,largest_overlap,30274.969,30377.156,99.664,False
250250007041000,250250007041,BOS-21-05,Boston,21,5,Boston Ward 21 Precinct 5,0,0,1784,0,-071.1330175,+42.3531136,covered,1783.22,1783.22,100.0,False
250250007041001,250250007041,BOS-21-05,Boston,21,5,Boston Ward 21 Precinct 5,550,283,22571,0,-071.1334833,+42.3517710,largest_overlap,22508.057,22569.699,99.727,False
250250007041006,250250007041,BOS-21-05,Boston,21,5,Boston Ward 21 Precinct 5,302,125,25812,0,-071.1324532,+42.3519144,covered,25810.506,25810.506,100.0,False
250250007042000,250250007042,BOS-21-05,Boston,21,5,Boston Ward 21 Precinct 5,97,43,3638,0,-071.1302782,+42.3488460,largest_overlap,3573.943,3638.027,98.238,False
250250007042001,250250007042,BOS-21-05,Boston,21,5,Boston Ward 21 Precinct 5,106,34,6717,0,-071.1314111,+42.3483036,largest_overlap,6578.38,6716.924,97.937,False
250250007042003,250250007042,BOS-21-05,Boston,21,5,Boston Ward 21 Precinct 5,251,155,10885,0,-071.1341100,+42.3479482,largest_overlap,10744.989,10884.228,98.721,False
250250007043000,250250007043,BOS-21-05,Boston,21,5,Boston Ward 21 Precinct 5,420,244,13578,0,-071.1310372,+42.3494001,covered,13577.525,13577.525,100.0,False
250250007043001,250250007043,BOS-21-05,Boston,21,5,Boston Ward 21 Precinct 5,343,198,12352,0,-071.1320915,+42.3488926,largest_overlap,12351.244,12351.258,100.0,False
250250007043002,250250007043,BOS-21-05,Boston,21,5,Boston Ward 21 Precinct 5,359,202,13170,0,-071.1331314,+42.3484022,largest_overlap,13086.653,13168.683,99.377,False
250250007044000,250250007044,BOS-21-05,Boston,21,5,Boston Ward 21 Precinct 5,318,129,15648,0,-071.1322564,+42.3503545,largest_overlap,15611.029,15646.685,99.772,False
250250007044002,250250007044,BOS-21-05,Boston,21,5,Boston Ward 21 Precinct 5,0,0,6603,0,-071.1330639,+42.3494464,largest_overlap,6597.998,6602.556,99.931,False
250250007044003,250250007044,BOS-21-05,Boston,21,5,Boston Ward 21 Precinct 5,0,0,1967,0,-071.1320278,+42.3497999,covered,1966.617,1966.617,100.0,False
250250007044004,250250007044,BOS-21-05,Boston,21,5,Boston Ward 21 Precinct 5,0,0,3033,0,-071.1319993,+42.3496875,covered,3033.237,3033.237,100.0,False
250250007044005,250250007044,BOS-21-05,Boston,21,5,Boston Ward 21 Precinct 5,0,0,1502,0,-071.1335819,+42.3489376,covered,1501.597,1501.597,100.0,False
250250007044006,250250007044,BOS-21-05,Boston,21,5,Boston Ward 21 Precinct 5,0,0,1873,0,-071.1341334,+42.3488040,largest_overlap,1870.13,1873.396,99.826,False
250250007044007,250250007044,BOS-21-05,Boston,21,5,Boston Ward 21 Precinct 5,0,0,1394,0,-071.1346138,+42.3484453,largest_overlap,1388.198,1394.258,99.565,False
250250006011000,250250006011,BOS-21-06,Boston,21,6,Boston Ward 21 Precinct 6,133,67,22858,0,-071.1395351,+42.3533722,covered,22856.839,22856.839,100.0,False
250250006011001,250250006011,BOS-21-06,Boston,21,6,Boston Ward 21 Precinct 6,91,34,7278,0,-071.1412913,+42.3537907,covered,7277.783,7277.783,100.0,False
250250006011002,250250006011,BOS-21-06,Boston,21,6,Boston Ward 21 Precinct 6,140,34,38505,0,-071.1428217,+42.3534602,covered,38502.665,38502.665,100.0,False
250250006011003,250250006011,BOS-21-06,Boston,21,6,Boston Ward 21 Precinct 6,80,38,40048,0,-071.1448040,+42.3525735,largest_overlap,39877.51,40045.487,99.581,False
250250006011004,250250006011,BOS-21-06,Boston,21,6,Boston Ward 21 Precinct 6,89,25,10643,0,-071.1410999,+42.3527005,covered,10642.098,10642.098,100.0,False
250250006011005,250250006011,BOS-21-06,Boston,21,6,Boston Ward 21 Precinct 6,47,12,4963,0,-071.1416621,+42.3532469,covered,4962.331,4962.331,100.0,False
250250006011006,250250006011,BOS-21-06,Boston,21,6,Boston Ward 21 Precinct 6,17,3,5107,0,-071.1435535,+42.3517729,largest_overlap,5027.209,5106.604,98.445,False
250250006011007,250250006011,BOS-21-06,Boston,21,6,Boston Ward 21 Precinct 6,88,11,15418,0,-071.1435014,+42.3522668,covered,15417.24,15417.24,100.0,False
250250006041000,250250006041,BOS-21-06,Boston,21,6,Boston Ward 21 Precinct 6,0,0,2887,0,-071.1359770,+42.3534405,covered,2887.08,2887.08,100.0,False
250250006041001,250250006041,BOS-21-06,Boston,21,6,Boston Ward 21 Precinct 6,111,32,12823,0,-071.1374771,+42.3529813,largest_overlap,12759.375,12822.525,99.508,False
250250006041002,250250006041,BOS-21-06,Boston,21,6,Boston Ward 21 Precinct 6,161,83,5333,0,-071.1385069,+42.3527327,largest_overlap,5277.384,5332.445,98.967,False
250250006041003,250250006041,BOS-21-06,Boston,21,6,Boston Ward 21 Precinct 6,72,27,5751,0,-071.1390990,+42.3524274,covered,5750.872,5750.872,100.0,False
250250006041004,250250006041,BOS-21-06,Boston,21,6,Boston Ward 21 Precinct 6,110,44,14280,0,-071.1394372,+42.3518962,largest_overlap,14141.285,14278.596,99.038,False
250250006041006,250250006041,BOS-21-06,Boston,21,6,Boston Ward 21 Precinct 6,170,76,13668,0,-071.1364104,+42.3526955,largest_overlap,13644.162,13667.458,99.83,False
250250006041007,250250006041,BOS-21-06,Boston,21,6,Boston Ward 21 Precinct 6,50,16,7604,0,-071.1352062,+42.3529363,covered,7603.253,7603.253,100.0,False
250250006041008,250250006041,BOS-21-06,Boston,21,6,Boston Ward 21 Precinct 6,140,45,9298,0,-071.1359766,+42.3520003,largest_overlap,9192.246,9297.697,98.866,False
250250006042000,250250006042,BOS-21-06,Boston,21,6,Boston Ward 21 Precinct 6,215,99,20777,0,-071.1413694,+42.3517193,largest_overlap,20545.818,20775.951,98.892,False
250250007041002,250250007041,BOS-21-06,Boston,21,6,Boston Ward 21 Precinct 6,309,125,22553,0,-071.1345693,+42.3519426,largest_overlap,22362.85,22550.807,99.167,False
250250006041005,250250006041,BOS-21-07,Boston,21,7,Boston Ward 21 Precinct 7,705,386,93118,0,-071.1381261,+42.3505399,largest_overlap,92888.069,93112.775,99.759,False
250250007014000,250250007014,BOS-21-07,Boston,21,7,Boston Ward 21 Precinct 7,163,59,11973,0,-071.1363520,+42.3495700,covered,11972.14,11972.14,100.0,False
250250007014001,250250007014,BOS-21-07,Boston,21,7,Boston Ward 21 Precinct 7,423,202,12207,0,-071.1364513,+42.3487080,largest_overlap,12021.913,12206.419,98.488,False
250250007041003,250250007041,BOS-21-07,Boston,21,7,Boston Ward 21 Precinct 7,313,159,18025,0,-071.1347861,+42.3507742,largest_overlap,17994.689,18023.431,99.841,False
250250007041004,250250007041,BOS-21-07,Boston,21,7,Boston Ward 21 Precinct 7,218,72,13262,0,-071.1351558,+42.3501644,covered,13260.924,13260.924,100.0,False
250250007041005,250250007041,BOS-21-07,Boston,21,7,Boston Ward 21 Precinct 7,122,47,5780,0,-071.1353946,+42.3495232,covered,5779.804,5779.804,100.0,False
250250007044001,250250007044,BOS-21-07,Boston,21,7,Boston Ward 21 Precinct 7,759,419,16413,0,-071.1343267,+42.3493255,largest_overlap,16227.898,16412.338,98.876,False
250250007011000,250250007011,BOS-21-08,Boston,21,8,Boston Ward 21 Precinct 8,150,105,4318,0,-071.1349280,+42.3464219,largest_overlap,4242.913,4317.515,98.272,False
250250007011001,250250007011,BOS-21-08,Boston,21,8,Boston Ward 21 Precinct 8,38,15,1246,0,-071.1354936,+42.3460227,largest_overlap,1221.139,1246.21,97.988,False
250250007011002,250250007011,BOS-21-08,Boston,21,8,Boston Ward 21 Precinct 8,118,56,3281,0,-071.1363399,+42.3464113,covered,3280.485,3280.485,100.0,False
250250007011003,250250007011,BOS-21-08,Boston,21,8,Boston Ward 21 Precinct 8,171,98,6291,0,-071.1365518,+42.3460450,covered,6290.433,6290.433,100.0,False
250250007011004,250250007011,BOS-21-08,Boston,21,8,Boston Ward 21 Precinct 8,53,22,3009,0,-071.1359357,+42.3456918,largest_overlap,2964.641,3009.127,98.522,False
250250007011005,250250007011,BOS-21-08,Boston,21,8,Boston Ward 21 Precinct 8,45,12,3843,0,-071.1365939,+42.3451627,largest_overlap,3778.295,3843.031,98.316,False
250250007011006,250250007011,BOS-21-08,Boston,21,8,Boston Ward 21 Precinct 8,41,9,5874,0,-071.1374992,+42.3444417,largest_overlap,5752.506,5873.558,97.939,False
250250007012000,250250007012,BOS-21-08,Boston,21,8,Boston Ward 21 Precinct 8,224,165,9243,0,-071.1377619,+42.3469779,covered,9242.106,9242.106,100.0,False
250250007012001,250250007012,BOS-21-08,Boston,21,8,Boston Ward 21 Precinct 8,145,98,5350,0,-071.1377833,+42.3465130,covered,5349.228,5349.228,100.0,False
250250007012002,250250007012,BOS-21-08,Boston,21,8,Boston Ward 21 Precinct 8,161,94,7819,0,-071.1382053,+42.3461479,covered,7818.251,7818.251,100.0,False
250250007012003,250250007012,BOS-21-08,Boston,21,8,Boston Ward 21 Precinct 8,167,80,18988,0,-071.1377457,+42.3451137,largest_overlap,18925.867,18986.487,99.681,False
250250007012004,250250007012,BOS-21-08,Boston,21,8,Boston Ward 21 Precinct 8,172,75,13855,0,-071.1388542,+42.3454037,largest_overlap,13796.588,13854.118,99.585,False
250250007014002,250250007014,BOS-21-08,Boston,21,8,Boston Ward 21 Precinct 8,0,0,3380,0,-071.1357973,+42.3482828,covered,3379.745,3379.745,100.0,False
250250007014003,250250007014,BOS-21-08,Boston,21,8,Boston Ward 21 Precinct 8,0,0,1902,0,-071.1357733,+42.3481873,covered,1901.477,1901.477,100.0,False
250250007014004,250250007014,BOS-21-08,Boston,21,8,Boston Ward 21 Precinct 8,0,0,1346,0,-071.1371734,+42.3482030,covered,1346.118,1346.118,100.0,False
250250007014005,250250007014,BOS-21-08,Boston,21,8,Boston Ward 21 Precinct 8,298,157,10677,0,-071.1374250,+42.3477150,covered,10676.103,10676.103,100.0,False
250250007014006,250250007014,BOS-21-08,Boston,21,8,Boston Ward 21 Precinct 8,387,212,16255,0,-071.1357515,+42.3471211,covered,16253.576,16253.576,100.0,False
250250007014007,250250007014,BOS-21-08,Boston,21,8,Boston Ward 21 Precinct 8,0,0,1841,0,-071.1357910,+42.3480752,covered,1840.4,1840.4,100.0,False
250250007014008,250250007014,BOS-21-08,Boston,21,8,Boston Ward 21 Precinct 8,240,148,5871,0,-071.1366114,+42.3471431,covered,5871.025,5871.025,100.0,False
250250007042002,250250007042,BOS-21-08,Boston,21,8,Boston Ward 21 Precinct 8,350,218,10664,0,-071.1333398,+42.3473548,largest_overlap,10478.291,10663.74,98.261,False
250250007042004,250250007042,BOS-21-08,Boston,21,8,Boston Ward 21 Precinct 8,495,282,10555,0,-071.1349227,+42.3475428,covered,10553.876,10553.876,100.0,False
250250006031000,250250006031,BOS-21-09,Boston,21,9,Boston Ward 21 Precinct 9,918,461,127863,0,-071.1430763,+42.3475368,largest_overlap,127553.47,127855.029,99.764,False
250250006031002,250250006031,BOS-21-09,Boston,21,9,Boston Ward 21 Precinct 9,112,37,11115,0,-071.1435921,+42.3464362,largest_overlap,11055.951,11114.074,99.477,False
250250006031003,250250006031,BOS-21-09,Boston,21,9,Boston Ward 21 Precinct 9,0,0,41084,0,-071.1455121,+42.3489250,covered,41081.712,41081.712,100.0,False
250250006031004,250250006031,BOS-21-09,Boston,21,9,Boston Ward 21 Precinct 9,56,0,40196,0,-071.1480921,+42.3490483,largest_overlap,40149.682,40193.493,99.891,False
250250006031005,250250006031,BOS-21-09,Boston,21,9,Boston Ward 21 Precinct 9,31,117,57868,0,-071.1472643,+42.3475111,largest_overlap,57597.133,57864.465,99.538,False
250250006042001,250250006042,BOS-21-09,Boston,21,9,Boston Ward 21 Precinct 9,163,56,32710,0,-071.1420733,+42.3509196,largest_overlap,32702.12,32707.507,99.984,False
250250006042002,250250006042,BOS-21-09,Boston,21,9,Boston Ward 21 Precinct 9,195,134,52731,0,-071.1436494,+42.3501795,covered,52727.644,52727.644,100.0,False
250250006042003,250250006042,BOS-21-09,Boston,21,9,Boston Ward 21 Precinct 9,499,339,16084,0,-071.1405322,+42.3495404,covered,16082.521,16082.521,100.0,False
250250007013000,250250007013,BOS-21-09,Boston,21,9,Boston Ward 21 Precinct 9,0,0,3967,0,-071.1396698,+42.3489130,largest_overlap,3959.015,3967.286,99.792,False
250250007013001,250250007013,BOS-21-09,Boston,21,9,Boston Ward 21 Precinct 9,0,0,1925,0,-071.1395935,+42.3487878,largest_overlap,1921.361,1925.075,99.807,False
250250007013002,250250007013,BOS-21-09,Boston,21,9,Boston Ward 21 Precinct 9,0,0,2809,0,-071.1394990,+42.3487093,largest_overlap,2803.767,2809.103,99.81,False
250250007013003,250250007013,BOS-21-09,Boston,21,9,Boston Ward 21 Precinct 9,0,0,5727,0,-071.1407828,+42.3472173,largest_overlap,5709.656,5726.115,99.713,False
250250007013004,250250007013,BOS-21-09,Boston,21,9,Boston Ward 21 Precinct 9,0,0,5329,0,-071.1410377,+42.3471055,largest_overlap,5309.168,5328.241,99.642,False
250250007013005,250250007013,BOS-21-09,Boston,21,9,Boston Ward 21 Precinct 9,162,73,5068,0,-071.1395038,+42.3485558,covered,5067.808,5067.808,100.0,False
250250007013006,250250007013,BOS-21-09,Boston,21,9,Boston Ward 21 Precinct 9,121,57,6117,0,-071.1385313,+42.3480836,largest_overlap,6076.593,6116.816,99.342,False
250250007013007,250250007013,BOS-21-09,Boston,21,9,Boston Ward 21 Precinct 9,412,208,13362,0,-071.1391958,+42.3475439,largest_overlap,13324.472,13360.907,99.727,False
250250007013008,250250007013,BOS-21-09,Boston,21,9,Boston Ward 21 Precinct 9,110,75,3682,0,-071.1400194,+42.3479646,covered,3681.99,3681.99,100.0,False
250250007013009,250250007013,BOS-21-09,Boston,21,9,Boston Ward 21 Precinct 9,14,1,3582,0,-071.1404827,+42.3475316,largest_overlap,3578.761,3581.837,99.914,False
250250007013010,250250007013,BOS-21-09,Boston,21,9,Boston Ward 21 Precinct 9,82,27,5118,0,-071.1397674,+42.3468308,largest_overlap,5103.989,5117.488,99.736,False
250250007013011,250250007013,BOS-21-09,Boston,21,9,Boston Ward 21 Precinct 9,83,27,4209,0,-071.1394707,+42.3470038,largest_overlap,4196.547,4208.699,99.711,False
250250007013012,250250007013,BOS-21-09,Boston,21,9,Boston Ward 21 Precinct 9,229,139,9017,0,-071.1398938,+42.3463953,largest_overlap,8990.097,9016.068,99.712,False
250250007013013,250250007013,BOS-21-09,Boston,21,9,Boston Ward 21 Precinct 9,308,170,11959,0,-071.1401980,+42.3457881,largest_overlap,11800.912,11957.862,98.687,False
250250004011000,250250004011,BOS-21-10,Boston,21,10,Boston Ward 21 Precinct 10,353,215,12013,0,-071.1440866,+42.3439375,largest_overlap,11855.137,12012.561,98.69,False
250250005051000,250250005051,BOS-21-10,Boston,21,10,Boston Ward 21 Precinct 10,0,0,1243,0,-071.1420894,+42.3445520,largest_overlap,1237.513,1242.762,99.578,False
250250005051001,250250005051,BOS-21-10,Boston,21,10,Boston Ward 21 Precinct 10,224,115,8987,0,-071.1406942,+42.3452310,covered,8987.227,8987.227,100.0,False
250250005051002,250250005051,BOS-21-10,Boston,21,10,Boston Ward 21 Precinct 10,140,71,5450,0,-071.1411656,+42.3448312,covered,5449.347,5449.347,100.0,False
250250005051003,250250005051,BOS-21-10,Boston,21,10,Boston Ward 21 Precinct 10,96,54,2644,0,-071.1410844,+42.3444952,covered,2643.906,2643.906,100.0,False
250250005051004,250250005051,BOS-21-10,Boston,21,10,Boston Ward 21 Precinct 10,349,225,13262,0,-071.1418119,+42.3439630,largest_overlap,13203.544,13261.172,99.565,False
250250005051005,250250005051,BOS-21-10,Boston,21,10,Boston Ward 21 Precinct 10,0,0,5913,0,-071.1421057,+42.3447880,largest_overlap,5896.177,5912.606,99.722,False
250250005051006,250250005051,BOS-21-10,Boston,21,10,Boston Ward 21 Precinct 10,0,0,5055,0,-071.1422433,+42.3449925,largest_overlap,5043.9,5055.246,99.776,False
250250005053000,250250005053,BOS-21-10,Boston,21,10,Boston Ward 21 Precinct 10,436,170,42927,0,-071.1400921,+42.3437125,largest_overlap,42811.388,42925.221,99.735,False
250250005053001,250250005053,BOS-21-10,Boston,21,10,Boston Ward 21 Precinct 10,38,14,5282,0,-071.1385282,+42.3436081,largest_overlap,5198.661,5281.238,98.436,False
250250005053002,250250005053,BOS-21-10,Boston,21,10,Boston Ward 21 Precinct 10,25,6,6559,0,-071.1396106,+42.3427419,largest_overlap,6426.561,6558.315,97.991,False
250250006031001,250250006031,BOS-21-10,Boston,21,10,Boston Ward 21 Precinct 10,187,86,7653,0,-071.1442543,+42.3457451,covered,7652.044,7652.044,100.0,False
250250006031006,250250006031,BOS-21-10,Boston,21,10,Boston Ward 21 Precinct 10,453,311,26708,0,-071.1438003,+42.3449095,largest_overlap,26630.448,26706.607,99.715,False
250250004011001,250250004011,BOS-21-11,Boston,21,11,Boston Ward 21 Precinct 11,181,70,12359,0,-071.1454521,+42.3433399,covered,12358.297,12358.297,100.0,False
250250004011002,250250004011,BOS-21-11,Boston,21,11,Boston Ward 21 Precinct 11,615,376,18631,0,-071.1449015,+42.3427594,largest_overlap,18436.614,18629.329,98.966,False
250250004011003,250250004011,BOS-21-11,Boston,21,11,Boston Ward 21 Precinct 11,372,207,11138,0,-071.1466273,+42.3423805,largest_overlap,11050.787,11137.388,99.222,False
250250004012000,250250004012,BOS-21-11,Boston,21,11,Boston Ward 21 Precinct 11,216,90,16569,0,-071.1457573,+42.3450845,largest_overlap,16519.996,16567.861,99.711,False
250250004012001,250250004012,BOS-21-11,Boston,21,11,Boston Ward 21 Precinct 11,374,198,25775,0,-071.1464678,+42.3442508,covered,25773.807,25773.807,100.0,False
250250004012002,250250004012,BOS-21-11,Boston,21,11,Boston Ward 21 Precinct 11,144,51,15806,0,-071.1489591,+42.3441447,largest_overlap,15802.883,15804.946,99.987,False
250250004012003,250250004012,BOS-21-11,Boston,21,11,Boston Ward 21 Precinct 11,360,151,32313,0,-071.1478450,+42.3427853,largest_overlap,32113.679,32310.897,99.39,False
250250004012004,250250004012,BOS-21-11,Boston,21,11,Boston Ward 21 Precinct 11,110,42,16998,0,-071.1490012,+42.3432994,largest_overlap,16935.749,16996.585,99.642,False
250250004013003,250250004013,BOS-21-11,Boston,21,11,Boston Ward 21 Precinct 11,239,97,24080,0,-071.1475322,+42.3457493,covered,24078.763,24078.763,100.0,False
250250004013004,250250004013,BOS-21-11,Boston,21,11,Boston Ward 21 Precinct 11,193,78,22174,0,-071.1492776,+42.3449496,largest_overlap,22092.441,22173.015,99.637,False
250250005052000,250250005052,BOS-21-12,Boston,21,12,Boston Ward 21 Precinct 12,329,250,12405,0,-071.1414490,+42.3422198,covered,12404.21,12404.21,100.0,False
250250005052001,250250005052,BOS-21-12,Boston,21,12,Boston Ward 21 Precinct 12,52,14,3421,0,-071.1412316,+42.3414470,largest_overlap,3371.206,3420.561,98.557,False
250250005052002,250250005052,BOS-21-12,Boston,21,12,Boston Ward 21 Precinct 12,21,1,4212,0,-071.1405881,+42.3419744,largest_overlap,4150.417,4211.834,98.542,False
250250005052003,250250005052,BOS-21-12,Boston,21,12,Boston Ward 21 Precinct 12,463,159,22261,0,-071.1430406,+42.3409684,covered,22258.965,22258.965,100.0,False
250250005052004,250250005052,BOS-21-12,Boston,21,12,Boston Ward 21 Precinct 12,23,5,4456,0,-071.1418511,+42.3408256,largest_overlap,4450.813,4455.233,99.901,False
250250005061000,250250005061,BOS-21-12,Boston,21,12,Boston Ward 21 Precinct 12,0,0,4604,0,-071.1431448,+42.3437469,largest_overlap,4600.287,4603.773,99.924,False
250250005061001,250250005061,BOS-21-12,Boston,21,12,Boston Ward 21 Precinct 12,0,0,7958,0,-071.1454796,+42.3418564,largest_overlap,7952.723,7957.021,99.946,False
250250005061002,250250005061,BOS-21-12,Boston,21,12,Boston Ward 21 Precinct 12,0,0,2479,0,-071.1451183,+42.3417174,largest_overlap,2477.715,2478.991,99.949,False
250250005061003,250250005061,BOS-21-12,Boston,21,12,Boston Ward 21 Precinct 12,595,404,21045,0,-071.1427007,+42.3426254,covered,21044.041,21044.041,100.0,False
250250005061004,250250005061,BOS-21-12,Boston,21,12,Boston Ward 21 Precinct 12,176,117,13887,0,-071.1440860,+42.3415103,covered,13885.988,13885.988,100.0,False
250250005061005,250250005061,BOS-21-12,Boston,21,12,Boston Ward 21 Precinct 12,11,1,4232,0,-071.1432241,+42.3417466,covered,4231.398,4231.398,100.0,False
250250005061006,250250005061,BOS-21-12,Boston,21,12,Boston Ward 21 Precinct 12,400,170,33934,0,-071.1453286,+42.3407076,largest_overlap,33686.665,33932.166,99.276,False
250250005061007,250250005061,BOS-21-12,Boston,21,12,Boston Ward 21 Precinct 12,245,144,10574,0,-071.1457566,+42.3400191,covered,10573.589,10573.589,100.0,False
250250005061008,250250005061,BOS-21-12,Boston,21,12,Boston Ward 21 Precinct 12,51,30,2001,0,-071.1421453,+42.3402289,largest_overlap,1956.119,2001.264,97.744,False
250250005062000,250250005062,BOS-21-12,Boston,21,12,Boston Ward 21 Precinct 12,112,66,5359,0,-071.1455790,+42.3393231,largest_overlap,5229.365,5358.982,97.581,False
250250005062001,250250005062,BOS-21-12,Boston,21,12,Boston Ward 21 Precinct 12,65,30,10266,0,-071.1465942,+42.3394792,largest_overlap,10206.722,10265.506,99.427,False
250250004013005,250250004013,BOS-21-13,Boston,21,13,Boston Ward 21 Precinct 13,127,41,19462,0,-071.1518845,+42.3453836,largest_overlap,19423.671,19460.919,99.809,False
250250004013006,250250004013,BOS-21-13,Boston,21,13,Boston Ward 21 Precinct 13,0,0,1611,0,-071.1527802,+42.3459599,covered,1610.403,1610.403,100.0,False
250250004014000,250250004014,BOS-21-13,Boston,21,13,Boston Ward 21 Precinct 13,92,26,11566,0,-071.1509066,+42.3443029,covered,11564.79,11564.79,100.0,False
250250004014001,250250004014,BOS-21-13,Boston,21,13,Boston Ward 21 Precinct 13,108,32,10641,0,-071.1523280,+42.3445895,covered,10640.24,10640.24,100.0,False
250250004014002,250250004014,BOS-21-13,Boston,21,13,Boston Ward 21 Precinct 13,892,663,62176,0,-071.1525754,+42.3428103,largest_overlap,62170.249,62172.169,99.997,False
250250004014003,250250004014,BOS-21-13,Boston,21,13,Boston Ward 21 Precinct 13,196,56,23470,0,-071.1504451,+42.3429510,largest_overlap,23432.864,23468.209,99.849,False
250250004014004,250250004014,BOS-21-13,Boston,21,13,Boston Ward 21 Precinct 13,197,82,17107,0,-071.1502075,+42.3417732,covered,17106.144,17106.144,100.0,False
250250004014005,250250004014,BOS-21-13,Boston,21,13,Boston Ward 21 Precinct 13,587,373,27633,0,-071.1525140,+42.3411226,largest_overlap,27369.845,27631.303,99.054,False
250250004023006,250250004023,BOS-21-13,Boston,21,13,Boston Ward 21 Precinct 13,166,71,28911,0,-071.1538512,+42.3457621,largest_overlap,28763.894,28908.75,99.499,False
250250005031000,250250005031,BOS-21-13,Boston,21,13,Boston Ward 21 Precinct 13,0,0,6829,0,-071.1470240,+42.3416868,covered,6827.881,6827.881,100.0,False
250250005031001,250250005031,BOS-21-13,Boston,21,13,Boston Ward 21 Precinct 13,0,0,7952,0,-071.1469730,+42.3415530,covered,7951.379,7951.379,100.0,False
250250005031002,250250005031,BOS-21-13,Boston,21,13,Boston Ward 21 Precinct 13,23,2,3010,0,-071.1469315,+42.3413860,largest_overlap,2923.545,3010.247,97.12,False
250250005031003,250250005031,BOS-21-13,Boston,21,13,Boston Ward 21 Precinct 13,0,0,1703,0,-071.1508713,+42.3406868,largest_overlap,1691.411,1702.434,99.352,False
250250005031004,250250005031,BOS-21-13,Boston,21,13,Boston Ward 21 Precinct 13,0,0,1103,0,-071.1507532,+42.3405872,largest_overlap,1096.612,1103.326,99.392,False
250250005031005,250250005031,BOS-21-13,Boston,21,13,Boston Ward 21 Precinct 13,176,85,17548,0,-071.1496918,+42.3400378,largest_overlap,17330.198,17547.347,98.762,False
250250005031006,250250005031,BOS-21-13,Boston,21,13,Boston Ward 21 Precinct 13,380,211,20188,0,-071.1486046,+42.3409456,largest_overlap,20125.493,20186.431,99.698,False
250250005031007,250250005031,BOS-21-13,Boston,21,13,Boston Ward 21 Precinct 13,208,130,5903,0,-071.1484166,+42.3403608,largest_overlap,5835.292,5903.097,98.851,False
250250005021000,250250005021,BOS-21-14,Boston,21,14,Boston Ward 21 Precinct 14,243,161,5553,0,-071.1481387,+42.3371720,largest_overlap,5433.485,5552.301,97.86,False
250250005021001,250250005021,BOS-21-14,Boston,21,14,Boston Ward 21 Precinct 14,199,80,11506,0,-071.1496578,+42.3365665,largest_overlap,11504.859,11504.907,100.0,False
250250005021006,250250005021,BOS-21-14,Boston,21,14,Boston Ward 21 Precinct 14,0,0,14261,0,-071.1494881,+42.3359068,largest_overlap,14065.202,14260.64,98.63,False
250250005062002,250250005062,BOS-21-14,Boston,21,14,Boston Ward 21 Precinct 14,189,82,11513,0,-071.1476055,+42.3399987,largest_overlap,11476.602,11512.277,99.69,False
250250005062003,250250005062,BOS-21-14,Boston,21,14,Boston Ward 21 Precinct 14,426,252,27585,0,-071.1477662,+42.3388071,largest_overlap,27552.301,27583.678,99.886,False
250250005062004,250250005062,BOS-21-14,Boston,21,14,Boston Ward 21 Precinct 14,102,56,5816,0,-071.1469473,+42.3377353,largest_overlap,5773.813,5815.438,99.284,False
250250005062005,250250005062,BOS-21-14,Boston,21,14,Boston Ward 21 Precinct 14,325,167,16247,0,-071.1488557,+42.3374922,covered,16246.033,16246.033,100.0,False
250250005062006,250250005062,BOS-21-14,Boston,21,14,Boston Ward 21 Precinct 14,107,69,9235,0,-071.1488426,+42.3381382,covered,9234.057,9234.057,100.0,False
250250005062007,250250005062,BOS-21-14,Boston,21,14,Boston Ward 21 Precinct 14,91,52,2038,0,-071.1465165,+42.3375499,largest_overlap,1990.373,2038.146,97.656,False
250250005021002,250250005021,BOS-21-15,Boston,21,15,Boston Ward 21 Precinct 15,146,77,7627,0,-071.1506719,+42.3372069,largest_overlap,7576.57,7626.643,99.343,False
250250005021003,250250005021,BOS-21-15,Boston,21,15,Boston Ward 21 Precinct 15,178,101,8209,0,-071.1512467,+42.3367566,largest_overlap,8064.123,8208.4,98.242,False
250250005023000,250250005023,BOS-21-15,Boston,21,15,Boston Ward 21 Precinct 15,0,0,5793,0,-071.1520559,+42.3402223,covered,5793.051,5793.051,100.0,False
250250005023001,250250005023,BOS-21-15,Boston,21,15,Boston Ward 21 Precinct 15,318,205,19460,0,-071.1530478,+42.3399288,largest_overlap,19373.315,19458.91,99.56,False
250250005023002,250250005023,BOS-21-15,Boston,21,15,Boston Ward 21 Precinct 15,173,82,10275,0,-071.1544045,+42.3406133,largest_overlap,10154.146,10274.301,98.831,False
250250005032000,250250005032,BOS-21-15,Boston,21,15,Boston Ward 21 Precinct 15,212,136,6949,0,-071.1495764,+42.3391139,largest_overlap,6909.557,6948.423,99.441,False
250250005032001,250250005032,BOS-21-15,Boston,21,15,Boston Ward 21 Precinct 15,481,286,15498,0,-071.1509467,+42.3395495,covered,15497.474,15497.474,100.0,False
250250005032002,250250005032,BOS-21-15,Boston,21,15,Boston Ward 21 Precinct 15,61,35,1631,0,-071.1517954,+42.3396797,covered,1630.539,1630.539,100.0,False
250250005032003,250250005032,BOS-21-15,Boston,21,15,Boston Ward 21 Precinct 15,0,0,3579,0,-071.1520614,+42.3395248,largest_overlap,3564.085,3579.31,99.575,False
250250005032004,250250005032,BOS-21-15,Boston,21,15,Boston Ward 21 Precinct 15,256,161,12772,0,-071.1513867,+42.3387659,largest_overlap,12625.646,12770.529,98.865,False
250250005032005,250250005032,BOS-21-15,Boston,21,15,Boston Ward 21 Precinct 15,175,135,12430,0,-071.1501148,+42.3382180,largest_overlap,12373.545,12429.555,99.549,False
250250005021004,250250005021,BOS-21-16,Boston,21,16,Boston Ward 21 Precinct 16,0,0,1458,0,-071.1509622,+42.3361521,largest_overlap,1442.834,1457.773,98.975,False
250250005021005,250250005021,BOS-21-16,Boston,21,16,Boston Ward 21 Precinct 16,277,211,110857,0,-071.1530668,+42.3338065,largest_overlap,110289.281,110848.759,99.495,False
250250005022000,250250005022,BOS-21-16,Boston,21,16,Boston Ward 21 Precinct 16,0,0,16720,0,-071.1638678,+42.3400845,covered,16717.568,16717.568,100.0,False
250250005022001,250250005022,BOS-21-16,Boston,21,16,Boston Ward 21 Precinct 16,0,0,2376,0,-071.1653205,+42.3400886,covered,2375.901,2375.901,100.0,False
250250005022002,250250005022,BOS-21-16,Boston,21,16,Boston Ward 21 Precinct 16,276,2,17337,0,-071.1651574,+42.3393861,covered,17335.918,17335.918,100.0,False
250250005022003,250250005022,BOS-21-16,Boston,21,16,Boston Ward 21 Precinct 16,512,355,164553,0,-071.1612904,+42.3385819,covered,164542.466,164542.466,100.0,False
250250005022004,250250005022,BOS-21-16,Boston,21,16,Boston Ward 21 Precinct 16,881,174,3030,0,-071.1585311,+42.3394608,covered,3030.0,3030.0,100.0,False
250250005022005,250250005022,BOS-21-16,Boston,21,16,Boston Ward 21 Precinct 16,26,3,138349,334529,-071.1574973,+42.3315048,largest_overlap,472527.018,472848.586,99.932,False
250250005022006,250250005022,BOS-21-16,Boston,21,16,Boston Ward 21 Precinct 16,0,0,2279,0,-071.1578569,+42.3314498,largest_overlap,2215.091,2278.492,97.217,False
250250005022007,250250005022,BOS-21-16,Boston,21,16,Boston Ward 21 Precinct 16,15,2,5879,0,-071.1569941,+42.3308715,largest_overlap,5769.058,5878.936,98.131,False
250250005023003,250250005023,BOS-21-16,Boston,21,16,Boston Ward 21 Precinct 16,289,175,23064,0,-071.1540423,+42.3393658,largest_overlap,23049.562,23062.795,99.943,False
250250005023004,250250005023,BOS-21-16,Boston,21,16,Boston Ward 21 Precinct 16,797,524,28744,0,-071.1554926,+42.3392931,covered,28742.218,28742.218,100.0,False
250250005024000,250250005024,BOS-21-16,Boston,21,16,Boston Ward 21 Precinct 16,0,0,823,0,-071.1664228,+42.3399750,covered,823.211,823.211,100.0,False
250250005024001,250250005024,BOS-21-16,Boston,21,16,Boston Ward 21 Precinct 16,0,0,3284,0,-071.1663103,+42.3395748,covered,3283.867,3283.867,100.0,False
250250005024002,250250005024,BOS-21-16,Boston,21,16,Boston Ward 21 Precinct 16,2224,0,99272,0,-071.1664981,+42.3375184,covered,99266.0,99266.0,100.0,False
250250005024003,250250005024,BOS-21-16,Boston,21,16,Boston Ward 21 Precinct 16,432,0,128417,0,-071.1661621,+42.3352684,largest_overlap,127913.284,128409.41,99.614,False
250250005024004,250250005024,BOS-21-16,Boston,21,16,Boston Ward 21 Precinct 16,0,0,18578,0,-071.1642280,+42.3360060,covered,18577.103,18577.103,100.0,False
250250005032006,250250005032,BOS-21-16,Boston,21,16,Boston Ward 21 Precinct 16,446,298,21347,0,-071.1518500,+42.3378931,largest_overlap,21208.395,21345.279,99.359,False
250250005032007,250250005032,BOS-21-16,Boston,21,16,Boston Ward 21 Precinct 16,0,0,1505,0,-071.1529447,+42.3383292,covered,1504.23,1504.23,100.0,False
250250001011003,250250001011,BOS-22-01,Boston,22,1,Boston Ward 22 Precinct 1,102,34,10262,0,-071.1314840,+42.3606724,covered,10261.277,10261.277,100.0,False
250250001011004,250250001011,BOS-22-01,Boston,22,1,Boston Ward 22 Precinct 1,58,26,8749,0,-071.1305867,+42.3613320,covered,8748.313,8748.313,100.0,False
250250001012000,250250001012,BOS-22-01,Boston,22,1,Boston Ward 22 Precinct 1,133,52,13360,0,-071.1305510,+42.3603582,covered,13359.167,13359.167,100.0,False
250250001012001,250250001012,BOS-22-01,Boston,22,1,Boston Ward 22 Precinct 1,112,43,14996,0,-071.1300431,+42.3598663,largest_overlap,14995.108,14995.273,99.999,False
250250001012002,250250001012,BOS-22-01,Boston,22,1,Boston Ward 22 Precinct 1,48,21,5116,0,-071.1313771,+42.3590970,largest_overlap,5051.654,5115.724,98.748,False
250250001012003,250250001012,BOS-22-01,Boston,22,1,Boston Ward 22 Precinct 1,133,53,15090,0,-071.1323531,+42.3596595,largest_overlap,15087.207,15089.136,99.987,False
250250001012009,250250001012,BOS-22-01,Boston,22,1,Boston Ward 22 Precinct 1,56,25,6268,0,-071.1323907,+42.3588561,largest_overlap,6150.066,6267.464,98.127,False
250250008041000,250250008041,BOS-22-01,Boston,22,1,Boston Ward 22 Precinct 1,0,0,5623,0,-071.1289061,+42.3572909,covered,5622.902,5622.902,100.0,False
250250008041008,250250008041,BOS-22-01,Boston,22,1,Boston Ward 22 Precinct 1,0,0,1988,0,-071.1288750,+42.3570207,covered,1988.195,1988.195,100.0,False
250250008042000,250250008042,BOS-22-01,Boston,22,1,Boston Ward 22 Precinct 1,155,71,141059,0,-071.1266203,+42.3617828,covered,141049.978,141049.978,100.0,False
250250008042001,250250008042,BOS-22-01,Boston,22,1,Boston Ward 22 Precinct 1,73,23,9206,0,-071.1244813,+42.3601735,covered,9205.645,9205.645,100.0,False
250250008042002,250250008042,BOS-22-01,Boston,22,1,Boston Ward 22 Precinct 1,9,4,7658,0,-071.1293310,+42.3628929,covered,7657.673,7657.673,100.0,False
250250008042003,250250008042,BOS-22-01,Boston,22,1,Boston Ward 22 Precinct 1,41,10,10593,0,-071.1295109,+42.3622660,covered,10591.556,10591.556,100.0,False
250250008042004,250250008042,BOS-22-01,Boston,22,1,Boston Ward 22 Precinct 1,50,23,11621,0,-071.1294090,+42.3615840,covered,11619.919,11619.919,100.0,False
250250008042005,250250008042,BOS-22-01,Boston,22,1,Boston Ward 22 Precinct 1,269,111,43513,0,-071.1256972,+42.3591820,covered,43509.87,43509.87,100.0,False
250250008042006,250250008042,BOS-22-01,Boston,22,1,Boston Ward 22 Precinct 1,38,6,5407,0,-071.1238160,+42.3592869,covered,5407.143,5407.143,100.0,False
250250008042007,250250008042,BOS-22-01,Boston,22,1,Boston Ward 22 Precinct 1,0,0,6174,0,-071.1257171,+42.3581512,covered,6173.491,6173.491,100.0,False
250250008042008,250250008042,BOS-22-01,Boston,22,1,Boston Ward 22 Precinct 1,223,74,8712,0,-071.1274791,+42.3578959,covered,8711.704,8711.704,100.0,False
250250008042009,250250008042,BOS-22-01,Boston,22,1,Boston Ward 22 Precinct 1,273,96,18312,0,-071.1286084,+42.3580164,largest_overlap,18274.701,18311.107,99.801,False
250250008042010,250250008042,BOS-22-01,Boston,22,1,Boston Ward 22 Precinct 1,116,54,14404,0,-071.1281850,+42.3593571,covered,14403.533,14403.533,100.0,False
250250008042011,250250008042,BOS-22-01,Boston,22,1,Boston Ward 22 Precinct 1,148,53,11717,0,-071.1289035,+42.3590137,covered,11715.834,11715.834,100.0,False
250250008042012,250250008042,BOS-22-01,Boston,22,1,Boston Ward 22 Precinct 1,120,39,9387,0,-071.1295808,+42.3587862,covered,9386.587,9386.587,100.0,False
250250008042013,250250008042,BOS-22-01,Boston,22,1,Boston Ward 22 Precinct 1,89,36,8290,0,-071.1302438,+42.3586183,largest_overlap,8245.624,8289.447,99.471,False
250250008061000,250250008061,BOS-22-01,Boston,22,1,Boston Ward 22 Precinct 1,53,16,163965,0,-071.1221275,+42.3617447,covered,163955.001,163955.001,100.0,False
250250008061001,250250008061,BOS-22-01,Boston,22,1,Boston Ward 22 Precinct 1,0,0,4376,0,-071.1195874,+42.3605181,covered,4376.312,4376.312,100.0,False
250250008062000,250250008062,BOS-22-01,Boston,22,1,Boston Ward 22 Precinct 1,259,179,169432,0,-071.1311504,+42.3663347,largest_overlap,169154.421,169421.431,99.842,False
250250008062001,250250008062,BOS-22-01,Boston,22,1,Boston Ward 22 Precinct 1,24,17,264840,0,-071.1280274,+42.3682342,covered,264823.851,264823.851,100.0,False
250250008062002,250250008062,BOS-22-01,Boston,22,1,Boston Ward 22 Precinct 1,0,0,2204,0,-071.1245916,+42.3670962,covered,2203.552,2203.552,100.0,False
250250008062003,250250008062,BOS-22-01,Boston,22,1,Boston Ward 22 Precinct 1,24,6,13178,0,-071.1344763,+42.3637024,largest_overlap,13037.767,13177.53,98.939,False
250250008062004,250250008062,BOS-22-01,Boston,22,1,Boston Ward 22 Precinct 1,0,0,7749,0,-071.1248295,+42.3664589,covered,7748.744,7748.744,100.0,False
250250008062005,250250008062,BOS-22-01,Boston,22,1,Boston Ward 22 Precinct 1,212,149,30211,0,-071.1296916,+42.3640733,covered,30209.538,30209.538,100.0,False
250250008062006,250250008062,BOS-22-01,Boston,22,1,Boston Ward 22 Precinct 1,0,0,1188,0,-071.1230270,+42.3680425,covered,1188.242,1188.242,100.0,False
250250008062007,250250008062,BOS-22-01,Boston,22,1,Boston Ward 22 Precinct 1,141,2,18428,0,-071.1223136,+42.3675944,covered,18427.281,18427.281,100.0,False
250250008062008,250250008062,BOS-22-01,Boston,22,1,Boston Ward 22 Precinct 1,101,1,4768,0,-071.1239899,+42.3674433,covered,4767.464,4767.464,100.0,False
250250008062009,250250008062,BOS-22-01,Boston,22,1,Boston Ward 22 Precinct 1,73,0,3491,0,-071.1232597,+42.3671439,covered,3491.123,3491.123,100.0,False
250250008062010,250250008062,BOS-22-01,Boston,22,1,Boston Ward 22 Precinct 1,81,0,7228,0,-071.1222446,+42.3669289,covered,7227.954,7227.954,100.0,False
250250008062011,250250008062,BOS-22-01,Boston,22,1,Boston Ward 22 Precinct 1,87,0,4592,0,-071.1210845,+42.3668685,covered,4592.076,4592.076,100.0,False
250250008062012,250250008062,BOS-22-01,Boston,22,1,Boston Ward 22 Precinct 1,74,42,36294,0,-071.1193246,+42.3666434,covered,36291.25,36291.25,100.0,False
250250008062013,250250008062,BOS-22-01,Boston,22,1,Boston Ward 22 Precinct 1,14,7,5197,0,-071.1198503,+42.3659367,covered,5196.756,5196.756,100.0,False
250250008062014,250250008062,BOS-22-01,Boston,22,1,Boston Ward 22 Precinct 1,0,0,36998,0,-071.1221774,+42.3659146,covered,36995.287,36995.287,100.0,False
250250008062015,250250008062,BOS-22-01,Boston,22,1,Boston Ward 22 Precinct 1,0,0,4884,0,-071.1239461,+42.3668064,covered,4883.775,4883.775,100.0,False
250250008062016,250250008062,BOS-22-01,Boston,22,1,Boston Ward 22 Precinct 1,0,0,6497,0,-071.1229070,+42.3664722,covered,6496.475,6496.475,100.0,False
250250008062017,250250008062,BOS-22-01,Boston,22,1,Boston Ward 22 Precinct 1,0,0,98372,0,-071.1258552,+42.3645469,covered,98365.713,98365.713,100.0,False
250250008062018,250250008062,BOS-22-01,Boston,22,1,Boston Ward 22 Precinct 1,0,0,24582,0,-071.1215491,+42.3647733,covered,24580.861,24580.861,100.0,False
250250008062019,250250008062,BOS-22-01,Boston,22,1,Boston Ward 22 Precinct 1,618,612,10465,0,-071.1195590,+42.3654536,covered,10464.035,10464.035,100.0,False
250250008062020,250250008062,BOS-22-01,Boston,22,1,Boston Ward 22 Precinct 1,178,22,20373,0,-071.1192260,+42.3646047,covered,20371.453,20371.453,100.0,False
250250008062021,250250008062,BOS-22-01,Boston,22,1,Boston Ward 22 Precinct 1,0,0,1255,0,-071.1180950,+42.3648198,covered,1254.782,1254.782,100.0,False
250250008062022,250250008062,BOS-22-01,Boston,22,1,Boston Ward 22 Precinct 1,15,1,56814,0,-071.1188275,+42.3624664,covered,56810.332,56810.332,100.0,False
250250008062023,250250008062,BOS-22-01,Boston,22,1,Boston Ward 22 Precinct 1,0,0,1351,0,-071.1185470,+42.3607487,covered,1351.534,1351.534,100.0,False
250250008062024,250250008062,BOS-22-01,Boston,22,1,Boston Ward 22 Precinct 1,0,0,16581,0,-071.1224561,+42.3642823,covered,16579.8,16579.8,100.0,False
250250008063000,250250008063,BOS-22-01,Boston,22,1,Boston Ward 22 Precinct 1,18,1,194434,0,-071.1211585,+42.3584195,largest_overlap,194404.038,194421.386,99.991,False
250250008063001,250250008063,BOS-22-01,Boston,22,1,Boston Ward 22 Precinct 1,0,0,34213,0,-071.1230138,+42.3573566,largest_overlap,34198.833,34211.546,99.963,False
250250008063002,250250008063,BOS-22-01,Boston,22,1,Boston Ward 22 Precinct 1,0,0,173220,0,-071.1236408,+42.3560031,largest_overlap,172192.473,173208.753,99.413,False
250259815011023,250259815011,BOS-22-01,Boston,22,1,Boston Ward 22 Precinct 1,0,0,175,40256,-071.1175004,+42.3609972,largest_overlap,40294.186,40429.233,99.666,False
250259815011024,250259815011,BOS-22-01,Boston,22,1,Boston Ward 22 Precinct 1,0,0,0,16898,-071.1171415,+42.3627264,largest_overlap,16892.876,16897.206,99.974,False
250259815011025,250259815011,BOS-22-01,Boston,22,1,Boston Ward 22 Precinct 1,0,0,0,47468,-071.1176913,+42.3671655,largest_overlap,47452.508,47465.482,99.973,False
250259815011026,250259815011,BOS-22-01,Boston,22,1,Boston Ward 22 Precinct 1,0,0,0,46770,-071.1244505,+42.3693433,largest_overlap,46758.689,46767.027,99.982,False
250259815011027,250259815011,BOS-22-01,Boston,22,1,Boston Ward 22 Precinct 1,0,0,5995,0,-071.1258899,+42.3697366,covered,5994.634,5994.634,100.0,False
250259815011028,250259815011,BOS-22-01,Boston,22,1,Boston Ward 22 Precinct 1,0,0,53264,0,-071.1310830,+42.3727738,covered,53260.847,53260.847,100.0,False
250259815011031,250259815011,BOS-22-01,Boston,22,1,Boston Ward 22 Precinct 1,0,0,12004,0,-071.1176987,+42.3582499,largest_overlap,11984.43,12003.355,99.842,False
250259815011032,250259815011,BOS-22-01,Boston,22,1,Boston Ward 22 Precinct 1,0,0,5750,0,-071.1179186,+42.3580327,largest_overlap,5742.903,5749.843,99.879,False
250259815011033,250259815011,BOS-22-01,Boston,22,1,Boston Ward 22 Precinct 1,0,0,2981,0,-071.1178471,+42.3626144,covered,2980.398,2980.398,100.0,False
250259815011034,250259815011,BOS-22-01,Boston,22,1,Boston Ward 22 Precinct 1,0,0,8364,0,-071.1199089,+42.3677285,covered,8363.77,8363.77,100.0,False
250259815011035,250259815011,BOS-22-01,Boston,22,1,Boston Ward 22 Precinct 1,0,0,11824,0,-071.1268160,+42.3706815,covered,11822.788,11822.788,100.0,False
250259815011036,250259815011,BOS-22-01,Boston,22,1,Boston Ward 22 Precinct 1,0,0,7535,0,-071.1246413,+42.3689216,covered,7534.341,7534.341,100.0,False
250259815011037,250259815011,BOS-22-01,Boston,22,1,Boston Ward 22 Precinct 1,0,0,35590,0,-071.1198276,+42.3681231,covered,35588.788,35588.788,100.0,False
250259815011038,250259815011,BOS-22-01,Boston,22,1,Boston Ward 22 Precinct 1,4,1,10514,0,-071.1176205,+42.3626786,covered,10513.157,10513.157,100.0,False
250259815011051,250259815011,BOS-22-01,Boston,22,1,Boston Ward 22 Precinct 1,0,0,0,45474,-071.1350340,+42.3673755,largest_overlap,44609.907,45471.43,98.105,False
250259815011052,250259815011,BOS-22-01,Boston,22,1,Boston Ward 22 Precinct 1,0,0,118176,0,-071.1307374,+42.3717050,largest_overlap,118116.179,118169.606,99.955,False
250250001011000,250250001011,BOS-22-02,Boston,22,2,Boston Ward 22 Precinct 2,255,124,32726,0,-071.1316674,+42.3621761,largest_overlap,32607.946,32724.245,99.645,False
250250001011001,250250001011,BOS-22-02,Boston,22,2,Boston Ward 22 Precinct 2,249,90,38576,0,-071.1338976,+42.3625900,covered,38573.59,38573.59,100.0,False
250250001011002,250250001011,BOS-22-02,Boston,22,2,Boston Ward 22 Precinct 2,71,30,6989,0,-071.1344003,+42.3620319,covered,6988.082,6988.082,100.0,False
250250001011005,250250001011,BOS-22-02,Boston,22,2,Boston Ward 22 Precinct 2,111,41,17572,0,-071.1335428,+42.3609031,covered,17571.257,17571.257,100.0,False
250250001011006,250250001011,BOS-22-02,Boston,22,2,Boston Ward 22 Precinct 2,149,60,18538,0,-071.1351822,+42.3612417,covered,18536.798,18536.798,100.0,False
250250001011007,250250001011,BOS-22-02,Boston,22,2,Boston Ward 22 Precinct 2,57,17,6890,0,-071.1323732,+42.3608669,largest_overlap,6785.604,6889.731,98.489,False
250250001012004,250250001012,BOS-22-02,Boston,22,2,Boston Ward 22 Precinct 2,107,34,12640,0,-071.1338453,+42.3599483,largest_overlap,12607.337,12638.854,99.751,False
250250001012005,250250001012,BOS-22-02,Boston,22,2,Boston Ward 22 Precinct 2,10,0,13254,0,-071.1355545,+42.3603274,covered,13253.417,13253.417,100.0,False
250250001012006,250250001012,BOS-22-02,Boston,22,2,Boston Ward 22 Precinct 2,73,21,6535,0,-071.1363817,+42.3596587,covered,6535.074,6535.074,100.0,False
250250001012007,250250001012,BOS-22-02,Boston,22,2,Boston Ward 22 Precinct 2,70,24,8082,0,-071.1354831,+42.3594575,covered,8081.431,8081.431,100.0,False
250250001012008,250250001012,BOS-22-02,Boston,22,2,Boston Ward 22 Precinct 2,82,31,14281,0,-071.1340632,+42.3591393,largest_overlap,14279.546,14280.148,99.996,False
250250001021000,250250001021,BOS-22-02,Boston,22,2,Boston Ward 22 Precinct 2,102,39,74532,0,-071.1386590,+42.3591451,largest_overlap,74307.809,74527.716,99.705,False
250250001022005,250250001022,BOS-22-02,Boston,22,2,Boston Ward 22 Precinct 2,78,35,10019,0,-071.1379283,+42.3623363,largest_overlap,10016.709,10018.67,99.98,False
250250001022006,250250001022,BOS-22-02,Boston,22,2,Boston Ward 22 Precinct 2,292,138,37018,0,-071.1375321,+42.3615816,covered,37015.343,37015.343,100.0,False
250250001022007,250250001022,BOS-22-02,Boston,22,2,Boston Ward 22 Precinct 2,118,89,17974,0,-071.1363007,+42.3616617,covered,17972.856,17972.856,100.0,False
250250008041001,250250008041,BOS-22-02,Boston,22,2,Boston Ward 22 Precinct 2,14,1,17601,0,-071.1334349,+42.3569621,largest_overlap,17551.807,17600.224,99.725,False
250250008041002,250250008041,BOS-22-02,Boston,22,2,Boston Ward 22 Precinct 2,0,0,2620,0,-071.1375739,+42.3581467,covered,2620.306,2620.306,100.0,False
250250008041003,250250008041,BOS-22-02,Boston,22,2,Boston Ward 22 Precinct 2,286,101,28199,0,-071.1350660,+42.3585550,covered,28197.301,28197.301,100.0,False
250250008041004,250250008041,BOS-22-02,Boston,22,2,Boston Ward 22 Precinct 2,184,64,11289,0,-071.1322657,+42.3582485,covered,11288.24,11288.24,100.0,False
250250008041005,250250008041,BOS-22-02,Boston,22,2,Boston Ward 22 Precinct 2,127,31,23307,0,-071.1317094,+42.3573601,covered,23305.925,23305.925,100.0,False
250250008041006,250250008041,BOS-22-02,Boston,22,2,Boston Ward 22 Precinct 2,63,23,10842,0,-071.1337449,+42.3574591,covered,10841.358,10841.358,100.0,False
250250008041007,250250008041,BOS-22-02,Boston,22,2,Boston Ward 22 Precinct 2,138,46,28949,0,-071.1360057,+42.3578585,covered,28947.228,28947.228,100.0,False
250250008041009,250250008041,BOS-22-02,Boston,22,2,Boston Ward 22 Precinct 2,0,0,11119,0,-071.1343015,+42.3568459,largest_overlap,11073.054,11118.55,99.591,False
250250008041010,250250008041,BOS-22-02,Boston,22,2,Boston Ward 22 Precinct 2,0,0,13698,0,-071.1343842,+42.3566674,largest_overlap,13648.996,13697.285,99.647,False
250250008041011,250250008041,BOS-22-02,Boston,22,2,Boston Ward 22 Precinct 2,129,80,29694,0,-071.1353396,+42.3563969,largest_overlap,29581.007,29692.553,99.624,False
250250008041012,250250008041,BOS-22-02,Boston,22,2,Boston Ward 22 Precinct 2,88,24,4709,0,-071.1332848,+42.3557476,largest_overlap,4666.656,4708.461,99.112,False
250250008041013,250250008041,BOS-22-02,Boston,22,2,Boston Ward 22 Precinct 2,42,9,14764,0,-071.1343390,+42.3556128,largest_overlap,14671.163,14762.704,99.38,False
250250008041014,250250008041,BOS-22-02,Boston,22,2,Boston Ward 22 Precinct 2,102,58,18411,0,-071.1361246,+42.3552557,largest_overlap,18363.459,18409.549,99.75,False
250250008041015,250250008041,BOS-22-02,Boston,22,2,Boston Ward 22 Precinct 2,95,38,11685,0,-071.1368883,+42.3556307,covered,11684.668,11684.668,100.0,False
250250008041016,250250008041,BOS-22-02,Boston,22,2,Boston Ward 22 Precinct 2,669,335,40719,0,-071.1378048,+42.3548435,largest_overlap,40494.19,40716.76,99.453,False
250250008041017,250250008041,BOS-22-02,Boston,22,2,Boston Ward 22 Precinct 2,90,38,7963,0,-071.1350920,+42.3551985,largest_overlap,7906.864,7962.761,99.298,False
250250008041018,250250008041,BOS-22-02,Boston,22,2,Boston Ward 22 Precinct 2,0,0,4670,0,-071.1355940,+42.3547367,largest_overlap,4617.243,4669.543,98.88,False
250250008042014,250250008042,BOS-22-02,Boston,22,2,Boston Ward 22 Precinct 2,182,76,13692,0,-071.1306041,+42.3578895,largest_overlap,13690.683,13690.697,100.0,False
250250002021001,250250002021,BOS-22-03,Boston,22,3,Boston Ward 22 Precinct 3,84,28,22779,0,-071.1562780,+42.3499594,largest_overlap,22671.456,22777.447,99.535,False
250250002023003,250250002023,BOS-22-03,Boston,22,3,Boston Ward 22 Precinct 3,299,104,38795,0,-071.1496447,+42.3514376,largest_overlap,38748.857,38792.805,99.887,False
250250002023004,250250002023,BOS-22-03,Boston,22,3,Boston Ward 22 Precinct 3,293,108,41553,0,-071.1489838,+42.3523182,largest_overlap,41495.276,41550.771,99.866,False
250250002023005,250250002023,BOS-22-03,Boston,22,3,Boston Ward 22 Precinct 3,52,20,7548,0,-071.1542489,+42.3518782,largest_overlap,7507.247,7547.544,99.466,False
250250002023007,250250002023,BOS-22-03,Boston,22,3,Boston Ward 22 Precinct 3,202,73,15369,0,-071.1534336,+42.3506476,covered,15368.234,15368.234,100.0,False
250250002023008,250250002023,BOS-22-03,Boston,22,3,Boston Ward 22 Precinct 3,65,21,9413,0,-071.1546566,+42.3509769,covered,9412.251,9412.251,100.0,False
250250002023009,250250002023,BOS-22-03,Boston,22,3,Boston Ward 22 Precinct 3,83,38,12756,0,-071.1550353,+42.3497961,largest_overlap,12673.338,12754.901,99.361,False
250250002023010,250250002023,BOS-22-03,Boston,22,3,Boston Ward 22 Precinct 3,116,43,11849,0,-071.1539472,+42.3496675,covered,11847.636,11847.636,100.0,False
250250004013000,250250004013,BOS-22-03,Boston,22,3,Boston Ward 22 Precinct 3,242,98,22549,0,-071.1500972,+42.3467582,largest_overlap,22469.578,22547.823,99.653,False
250250004013001,250250004013,BOS-22-03,Boston,22,3,Boston Ward 22 Precinct 3,175,82,15860,0,-071.1492774,+42.3463519,largest_overlap,15795.526,15858.93,99.6,False
250250004013002,250250004013,BOS-22-03,Boston,22,3,Boston Ward 22 Precinct 3,80,26,11111,0,-071.1485703,+42.3460938,largest_overlap,10969.812,11110.24,98.736,False
250250004023000,250250004023,BOS-22-03,Boston,22,3,Boston Ward 22 Precinct 3,132,80,17241,0,-071.1543502,+42.3484095,largest_overlap,17140.026,17239.968,99.42,False
250250006012000,250250006012,BOS-22-03,Boston,22,3,Boston Ward 22 Precinct 3,0,0,2351,0,-071.1477131,+42.3500863,largest_overlap,2263.512,2350.748,96.289,False
250250006012001,250250006012,BOS-22-03,Boston,22,3,Boston Ward 22 Precinct 3,80,38,11264,0,-071.1487115,+42.3500965,largest_overlap,11196.024,11263.766,99.399,False
250250006012002,250250006012,BOS-22-03,Boston,22,3,Boston Ward 22 Precinct 3,137,69,16696,0,-071.1498307,+42.3502030,covered,16694.492,16694.492,100.0,False
250250006012003,250250006012,BOS-22-03,Boston,22,3,Boston Ward 22 Precinct 3,99,33,11108,0,-071.1509003,+42.3505196,covered,11107.379,11107.379,100.0,False
250250006012004,250250006012,BOS-22-03,Boston,22,3,Boston Ward 22 Precinct 3,117,70,17313,0,-071.1518992,+42.3506908,covered,17312.36,17312.36,100.0,False
250250006012005,250250006012,BOS-22-03,Boston,22,3,Boston Ward 22 Precinct 3,112,79,10376,0,-071.1526688,+42.3495206,covered,10375.008,10375.008,100.0,False
250250006012006,250250006012,BOS-22-03,Boston,22,3,Boston Ward 22 Precinct 3,0,0,7932,0,-071.1515452,+42.3494631,covered,7931.882,7931.882,100.0,False
250250006012007,250250006012,BOS-22-03,Boston,22,3,Boston Ward 22 Precinct 3,0,0,9323,0,-071.1503918,+42.3493570,largest_overlap,9211.121,9322.779,98.802,False
250250006012008,250250006012,BOS-22-03,Boston,22,3,Boston Ward 22 Precinct 3,90,28,11293,0,-071.1517062,+42.3487065,covered,11292.428,11292.428,100.0,False
250250006012009,250250006012,BOS-22-03,Boston,22,3,Boston Ward 22 Precinct 3,53,18,5474,0,-071.1531737,+42.3487327,covered,5473.735,5473.735,100.0,False
250250006012010,250250006012,BOS-22-03,Boston,22,3,Boston Ward 22 Precinct 3,314,132,33892,0,-071.1510232,+42.3473111,largest_overlap,33795.547,33889.997,99.721,False
250250006012011,250250006012,BOS-22-03,Boston,22,3,Boston Ward 22 Precinct 3,52,16,8688,0,-071.1521174,+42.3481650,covered,8687.264,8687.264,100.0,False
250250006012012,250250006012,BOS-22-03,Boston,22,3,Boston Ward 22 Precinct 3,124,68,24195,0,-071.1527139,+42.3472728,largest_overlap,24142.636,24193.885,99.788,False
250250006012013,250250006012,BOS-22-03,Boston,22,3,Boston Ward 22 Precinct 3,0,0,5060,0,-071.1536470,+42.3479381,largest_overlap,5048.591,5060.036,99.774,False
250250006012014,250250006012,BOS-22-03,Boston,22,3,Boston Ward 22 Precinct 3,33,9,2245,0,-071.1525661,+42.3463503,largest_overlap,2196.093,2244.636,97.837,False
250250003014000,250250003014,BOS-22-04,Boston,22,4,Boston Ward 22 Precinct 4,428,256,61261,0,-071.1722444,+42.3516882,covered,61257.426,61257.426,100.0,False
250250003014001,250250003014,BOS-22-04,Boston,22,4,Boston Ward 22 Precinct 4,34,10,4049,0,-071.1742723,+42.3513362,covered,4048.788,4048.788,100.0,False
250250003014002,250250003014,BOS-22-04,Boston,22,4,Boston Ward 22 Precinct 4,25,11,13259,0,-071.1695954,+42.3506519,covered,13257.974,13257.974,100.0,False
250250003014003,250250003014,BOS-22-04,Boston,22,4,Boston Ward 22 Precinct 4,409,189,45565,0,-071.1716814,+42.3503082,covered,45562.472,45562.472,100.0,False
250250003014004,250250003014,BOS-22-04,Boston,22,4,Boston Ward 22 Precinct 4,38,7,2371,0,-071.1745778,+42.3506246,largest_overlap,2366.491,2370.416,99.834,False
250250003021002,250250003021,BOS-22-04,Boston,22,4,Boston Ward 22 Precinct 4,206,91,24594,0,-071.1695623,+42.3494420,largest_overlap,24514.835,24592.684,99.683,False
250250003021003,250250003021,BOS-22-04,Boston,22,4,Boston Ward 22 Precinct 4,127,56,16728,0,-071.1730678,+42.3497722,largest_overlap,16688.417,16726.78,99.771,False
250250003021004,250250003021,BOS-22-04,Boston,22,4,Boston Ward 22 Precinct 4,117,43,13944,0,-071.1682333,+42.3483859,covered,13943.361,13943.361,100.0,False
250250003021005,250250003021,BOS-22-04,Boston,22,4,Boston Ward 22 Precinct 4,108,42,12500,0,-071.1678015,+42.3489134,covered,12498.782,12498.782,100.0,False
250250003021007,250250003021,BOS-22-04,Boston,22,4,Boston Ward 22 Precinct 4,60,16,7103,0,-071.1661503,+42.3484767,largest_overlap,7056.242,7102.992,99.342,False
250250003021008,250250003021,BOS-22-04,Boston,22,4,Boston Ward 22 Precinct 4,72,28,9761,0,-071.1671913,+42.3475240,largest_overlap,9732.522,9760.407,99.714,False
250250003021009,250250003021,BOS-22-04,Boston,22,4,Boston Ward 22 Precinct 4,121,48,21168,0,-071.1676864,+42.3472585,largest_overlap,20947.734,21166.756,98.965,False
250250003021011,250250003021,BOS-22-04,Boston,22,4,Boston Ward 22 Precinct 4,48,16,6080,0,-071.1665086,+42.3479223,largest_overlap,6050.517,6079.742,99.519,False
250250003022002,250250003022,BOS-22-04,Boston,22,4,Boston Ward 22 Precinct 4,79,33,25587,0,-071.1699928,+42.3470992,largest_overlap,25219.195,25585.096,98.57,False
250250003022003,250250003022,BOS-22-04,Boston,22,4,Boston Ward 22 Precinct 4,61,20,24753,0,-071.1712321,+42.3477798,largest_overlap,24689.955,24751.552,99.751,False
250250003022004,250250003022,BOS-22-04,Boston,22,4,Boston Ward 22 Precinct 4,134,58,36799,0,-071.1720231,+42.3487553,largest_overlap,36717.655,36796.468,99.786,False
250250001021001,250250001021,BOS-22-05,Boston,22,5,Boston Ward 22 Precinct 5,50,18,5919,0,-071.1401993,+42.3600976,largest_overlap,5890.902,5919.079,99.524,False
250250001021002,250250001021,BOS-22-05,Boston,22,5,Boston Ward 22 Precinct 5,202,79,23735,0,-071.1416453,+42.3593759,covered,23733.406,23733.406,100.0,False
250250001021003,250250001021,BOS-22-05,Boston,22,5,Boston Ward 22 Precinct 5,91,27,9735,0,-071.1425613,+42.3604211,covered,9734.62,9734.62,100.0,False
250250001021004,250250001021,BOS-22-05,Boston,22,5,Boston Ward 22 Precinct 5,76,30,9020,0,-071.1440204,+42.3599706,covered,9019.738,9019.738,100.0,False
250250001021005,250250001021,BOS-22-05,Boston,22,5,Boston Ward 22 Precinct 5,247,108,25718,0,-071.1433514,+42.3591669,covered,25716.509,25716.509,100.0,False
250250001021006,250250001021,BOS-22-05,Boston,22,5,Boston Ward 22 Precinct 5,75,15,5134,0,-071.1423992,+42.3595943,covered,5133.431,5133.431,100.0,False
250250001021007,250250001021,BOS-22-05,Boston,22,5,Boston Ward 22 Precinct 5,77,27,5544,0,-071.1407843,+42.3589676,largest_overlap,5517.933,5543.527,99.538,False
250250001021008,250250001021,BOS-22-05,Boston,22,5,Boston Ward 22 Precinct 5,80,34,5565,0,-071.1404979,+42.3595343,largest_overlap,5537.079,5564.551,99.506,False
250250001021009,250250001021,BOS-22-05,Boston,22,5,Boston Ward 22 Precinct 5,20,6,6242,0,-071.1411106,+42.3583653,largest_overlap,6213.291,6241.469,99.549,False
250250001022000,250250001022,BOS-22-05,Boston,22,5,Boston Ward 22 Precinct 5,0,0,11404,0,-071.1407588,+42.3634802,largest_overlap,11394.632,11403.742,99.92,False
250250001022001,250250001022,BOS-22-05,Boston,22,5,Boston Ward 22 Precinct 5,0,0,3976,0,-071.1357390,+42.3643240,largest_overlap,3975.13,3975.821,99.983,False
250250001022002,250250001022,BOS-22-05,Boston,22,5,Boston Ward 22 Precinct 5,0,0,22533,0,-071.1364728,+42.3636180,largest_overlap,22364.881,22531.39,99.261,False
250250001022003,250250001022,BOS-22-05,Boston,22,5,Boston Ward 22 Precinct 5,149,95,77283,0,-071.1415518,+42.3627674,largest_overlap,77162.83,77277.734,99.851,False
250250001022004,250250001022,BOS-22-05,Boston,22,5,Boston Ward 22 Precinct 5,173,65,6819,0,-071.1389695,+42.3623804,largest_overlap,6800.658,6818.213,99.743,False
250250001022008,250250001022,BOS-22-05,Boston,22,5,Boston Ward 22 Precinct 5,315,139,35562,0,-071.1424115,+42.3614275,covered,35559.323,35559.323,100.0,False
250250001022009,250250001022,BOS-22-05,Boston,22,5,Boston Ward 22 Precinct 5,30,5,5297,0,-071.1438976,+42.3615509,covered,5297.117,5297.117,100.0,False
250250001022010,250250001022,BOS-22-05,Boston,22,5,Boston Ward 22 Precinct 5,146,75,10799,0,-071.1451831,+42.3612126,largest_overlap,10790.209,10798.068,99.927,False
250250001022011,250250001022,BOS-22-05,Boston,22,5,Boston Ward 22 Precinct 5,176,76,19798,0,-071.1405185,+42.3615558,covered,19796.68,19796.68,100.0,False
250250001022012,250250001022,BOS-22-05,Boston,22,5,Boston Ward 22 Precinct 5,98,28,6233,0,-071.1392720,+42.3617695,largest_overlap,6200.338,6233.105,99.474,False
250250001022013,250250001022,BOS-22-05,Boston,22,5,Boston Ward 22 Precinct 5,24,6,5396,0,-071.1395828,+42.3612027,largest_overlap,5371.153,5395.241,99.554,False
250250001022014,250250001022,BOS-22-05,Boston,22,5,Boston Ward 22 Precinct 5,82,30,5868,0,-071.1398867,+42.3606577,largest_overlap,5839.226,5867.482,99.518,False
250250001022015,250250001022,BOS-22-05,Boston,22,5,Boston Ward 22 Precinct 5,45,12,9280,0,-071.1453002,+42.3605798,covered,9279.0,9279.0,100.0,False
250250001022021,250250001022,BOS-22-05,Boston,22,5,Boston Ward 22 Precinct 5,149,67,41069,0,-071.1456489,+42.3594426,covered,41066.416,41066.416,100.0,False
250250001022022,250250001022,BOS-22-05,Boston,22,5,Boston Ward 22 Precinct 5,0,0,20460,0,-071.1432449,+42.3581672,largest_overlap,20449.883,20459.267,99.954,False
250250001022026,250250001022,BOS-22-05,Boston,22,5,Boston Ward 22 Precinct 5,0,0,14515,0,-071.1430722,+42.3579458,largest_overlap,14508.38,14513.912,99.962,False
250250001022027,250250001022,BOS-22-05,Boston,22,5,Boston Ward 22 Precinct 5,0,0,13727,0,-071.1427389,+42.3577499,largest_overlap,13720.899,13726.55,99.959,False
250250001022029,250250001022,BOS-22-05,Boston,22,5,Boston Ward 22 Precinct 5,0,0,67996,0,-071.1442106,+42.3573558,covered,67991.912,67991.912,100.0,False
250250001022030,250250001022,BOS-22-05,Boston,22,5,Boston Ward 22 Precinct 5,46,15,88584,0,-071.1402160,+42.3555839,largest_overlap,88282.016,88577.873,99.666,False
250250001022031,250250001022,BOS-22-05,Boston,22,5,Boston Ward 22 Precinct 5,498,336,53753,0,-071.1441626,+42.3560562,largest_overlap,53598.65,53749.869,99.719,False
250250001022032,250250001022,BOS-22-05,Boston,22,5,Boston Ward 22 Precinct 5,0,0,40148,0,-071.1472766,+42.3564761,largest_overlap,39914.09,40144.957,99.425,False
250250001022034,250250001022,BOS-22-05,Boston,22,5,Boston Ward 22 Precinct 5,0,0,7316,0,-071.1435156,+42.3552223,largest_overlap,7250.852,7315.286,99.119,False
250250001022035,250250001022,BOS-22-05,Boston,22,5,Boston Ward 22 Precinct 5,0,0,8616,0,-071.1426712,+42.3551083,largest_overlap,8554.988,8615.049,99.303,False
250250001022036,250250001022,BOS-22-05,Boston,22,5,Boston Ward 22 Precinct 5,15,10,4071,0,-071.1392431,+42.3541986,largest_overlap,4004.148,4071.093,98.356,False
250259815011053,250259815011,BOS-22-05,Boston,22,5,Boston Ward 22 Precinct 5,0,0,121504,0,-071.1410267,+42.3641700,largest_overlap,121427.726,121496.619,99.943,False
250259815011054,250259815011,BOS-22-05,Boston,22,5,Boston Ward 22 Precinct 5,0,0,0,25468,-071.1372561,+42.3661447,largest_overlap,25165.109,25467.036,98.814,False
250250006013000,250250006013,BOS-22-06,Boston,22,6,Boston Ward 22 Precinct 6,40,13,4410,0,-071.1456561,+42.3532406,largest_overlap,4390.545,4410.188,99.555,False
250250006013001,250250006013,BOS-22-06,Boston,22,6,Boston Ward 22 Precinct 6,80,33,5802,0,-071.1467748,+42.3535254,covered,5801.321,5801.321,100.0,False
250250006013002,250250006013,BOS-22-06,Boston,22,6,Boston Ward 22 Precinct 6,65,24,5453,0,-071.1480164,+42.3538467,covered,5452.436,5452.436,100.0,False
250250006013003,250250006013,BOS-22-06,Boston,22,6,Boston Ward 22 Precinct 6,72,28,5549,0,-071.1482915,+42.3534228,covered,5548.775,5548.775,100.0,False
250250006013004,250250006013,BOS-22-06,Boston,22,6,Boston Ward 22 Precinct 6,49,16,5022,0,-071.1496457,+42.3538451,covered,5021.892,5021.892,100.0,False
250250006013005,250250006013,BOS-22-06,Boston,22,6,Boston Ward 22 Precinct 6,107,39,9174,0,-071.1499021,+42.3534204,largest_overlap,9049.302,9173.635,98.645,False
250250006013006,250250006013,BOS-22-06,Boston,22,6,Boston Ward 22 Precinct 6,60,21,5269,0,-071.1485547,+42.3530021,largest_overlap,5176.152,5268.415,98.249,False
250250006013007,250250006013,BOS-22-06,Boston,22,6,Boston Ward 22 Precinct 6,63,23,5834,0,-071.1472927,+42.3526760,largest_overlap,5727.915,5833.208,98.195,False
250250006013008,250250006013,BOS-22-06,Boston,22,6,Boston Ward 22 Precinct 6,70,22,5832,0,-071.1470308,+42.3530957,covered,5831.793,5831.793,100.0,False
250250006013009,250250006013,BOS-22-06,Boston,22,6,Boston Ward 22 Precinct 6,33,10,4402,0,-071.1458919,+42.3528097,largest_overlap,4378.556,4401.273,99.484,False
250250006013010,250250006013,BOS-22-06,Boston,22,6,Boston Ward 22 Precinct 6,120,46,14122,0,-071.1463956,+42.3519043,largest_overlap,14070.17,14121.126,99.639,False
250250006013011,250250006013,BOS-22-06,Boston,22,6,Boston Ward 22 Precinct 6,87,26,13964,0,-071.1468325,+42.3507549,largest_overlap,13782.452,13963.011,98.707,False
250250006014000,250250006014,BOS-22-06,Boston,22,6,Boston Ward 22 Precinct 6,116,56,11735,0,-071.1449821,+42.3544524,largest_overlap,11677.794,11733.757,99.523,False
250250006014001,250250006014,BOS-22-06,Boston,22,6,Boston Ward 22 Precinct 6,162,75,14170,0,-071.1460728,+42.3547245,covered,14168.819,14168.819,100.0,False
250250006014002,250250006014,BOS-22-06,Boston,22,6,Boston Ward 22 Precinct 6,241,142,14322,0,-071.1472638,+42.3550411,covered,14321.405,14321.405,100.0,False
250250006014003,250250006014,BOS-22-06,Boston,22,6,Boston Ward 22 Precinct 6,95,59,18607,0,-071.1486641,+42.3553887,covered,18605.726,18605.726,100.0,False
250250006014004,250250006014,BOS-22-06,Boston,22,6,Boston Ward 22 Precinct 6,248,135,14254,0,-071.1492862,+42.3544149,covered,14253.516,14253.516,100.0,False
250250006014005,250250006014,BOS-22-06,Boston,22,6,Boston Ward 22 Precinct 6,50,20,5431,0,-071.1477510,+42.3542688,covered,5430.716,5430.716,100.0,False
250250006014006,250250006014,BOS-22-06,Boston,22,6,Boston Ward 22 Precinct 6,68,23,5468,0,-071.1465325,+42.3539543,covered,5467.16,5467.16,100.0,False
250250006014007,250250006014,BOS-22-06,Boston,22,6,Boston Ward 22 Precinct 6,36,15,4416,0,-071.1454126,+42.3536707,largest_overlap,4393.353,4416.067,99.486,False
250250002012001,250250002012,BOS-22-07,Boston,22,7,Boston Ward 22 Precinct 7,253,93,24537,0,-071.1624770,+42.3539974,largest_overlap,24464.077,24535.504,99.709,False
250250002013000,250250002013,BOS-22-07,Boston,22,7,Boston Ward 22 Precinct 7,225,107,45414,0,-071.1638769,+42.3537107,covered,45410.631,45410.631,100.0,False
250250002013001,250250002013,BOS-22-07,Boston,22,7,Boston Ward 22 Precinct 7,346,126,49963,0,-071.1664674,+42.3525907,largest_overlap,49951.096,49959.387,99.983,False
250250002013002,250250002013,BOS-22-07,Boston,22,7,Boston Ward 22 Precinct 7,112,41,24555,0,-071.1662380,+42.3510670,covered,24553.243,24553.243,100.0,False
250250002013003,250250002013,BOS-22-07,Boston,22,7,Boston Ward 22 Precinct 7,225,95,13668,0,-071.1648632,+42.3511204,covered,13666.858,13666.858,100.0,False
250250002013004,250250002013,BOS-22-07,Boston,22,7,Boston Ward 22 Precinct 7,152,72,15972,0,-071.1641557,+42.3510528,covered,15971.349,15971.349,100.0,False
250250002013005,250250002013,BOS-22-07,Boston,22,7,Boston Ward 22 Precinct 7,243,107,25730,0,-071.1634176,+42.3506914,largest_overlap,25709.098,25728.007,99.927,False
250250002014002,250250002014,BOS-22-07,Boston,22,7,Boston Ward 22 Precinct 7,267,101,28684,0,-071.1625205,+42.3507302,largest_overlap,28574.095,28681.924,99.624,False
250250003011006,250250003011,BOS-22-07,Boston,22,7,Boston Ward 22 Precinct 7,148,65,33072,0,-071.1656934,+42.3553633,covered,33069.5,33069.5,100.0,False
250250003011007,250250003011,BOS-22-07,Boston,22,7,Boston Ward 22 Precinct 7,115,50,31313,0,-071.1660551,+42.3541280,covered,31311.639,31311.639,100.0,False
250250003021001,250250003021,BOS-22-07,Boston,22,7,Boston Ward 22 Precinct 7,182,77,29497,0,-071.1656839,+42.3498066,largest_overlap,29473.546,29495.142,99.927,False
250250003021006,250250003021,BOS-22-07,Boston,22,7,Boston Ward 22 Precinct 7,187,82,26452,0,-071.1661820,+42.3491965,largest_overlap,26062.658,26450.144,98.535,False
250250003022000,250250003022,BOS-22-08,Boston,22,8,Boston Ward 22 Precinct 8,115,49,35449,46101,-071.1627810,+42.3462221,covered,81544.613,81544.613,100.0,False
250250003022001,250250003022,BOS-22-08,Boston,22,8,Boston Ward 22 Precinct 8,404,222,62190,0,-071.1682693,+42.3452382,covered,62185.747,62185.747,100.0,False
250250003022005,250250003022,BOS-22-08,Boston,22,8,Boston Ward 22 Precinct 8,352,168,60597,0,-071.1666921,+42.3435970,largest_overlap,60456.881,60592.468,99.776,False
250250003022006,250250003022,BOS-22-08,Boston,22,8,Boston Ward 22 Precinct 8,283,132,32075,0,-071.1703743,+42.3458571,largest_overlap,31936.65,32073.168,99.574,False
250250003022007,250250003022,BOS-22-08,Boston,22,8,Boston Ward 22 Precinct 8,88,36,25449,0,-071.1668653,+42.3412776,largest_overlap,25297.895,25447.505,99.412,False
250250003022008,250250003022,BOS-22-08,Boston,22,8,Boston Ward 22 Precinct 8,85,37,17788,0,-071.1667943,+42.3424120,covered,17786.69,17786.69,100.0,False
250250004022001,250250004022,BOS-22-08,Boston,22,8,Boston Ward 22 Precinct 8,36,13,6016,0,-071.1610494,+42.3471383,largest_overlap,5987.351,6016.024,99.523,False
250250004022002,250250004022,BOS-22-08,Boston,22,8,Boston Ward 22 Precinct 8,43,15,4925,0,-071.1613685,+42.3465998,covered,4924.195,4924.195,100.0,False
250250004022003,250250004022,BOS-22-08,Boston,22,8,Boston Ward 22 Precinct 8,55,32,9582,0,-071.1602631,+42.3462028,largest_overlap,9578.893,9581.433,99.973,False
250250004022004,250250004022,BOS-22-08,Boston,22,8,Boston Ward 22 Precinct 8,45,11,4565,0,-071.1615892,+42.3461601,covered,4564.724,4564.724,100.0,False
250250004022005,250250004022,BOS-22-08,Boston,22,8,Boston Ward 22 Precinct 8,55,0,153297,0,-071.1611408,+42.3431755,largest_overlap,153062.841,153286.951,99.854,False
250250004022006,250250004022,BOS-22-08,Boston,22,8,Boston Ward 22 Precinct 8,164,55,21307,0,-071.1587440,+42.3426548,largest_overlap,21216.323,21305.75,99.58,False
250250004022007,250250004022,BOS-22-08,Boston,22,8,Boston Ward 22 Precinct 8,12,1,1348,0,-071.1611771,+42.3410920,covered,1348.047,1348.047,100.0,False
250250004022008,250250004022,BOS-22-08,Boston,22,8,Boston Ward 22 Precinct 8,72,1,18954,0,-071.1623915,+42.3440053,covered,18953.049,18953.049,100.0,False
250250004022009,250250004022,BOS-22-08,Boston,22,8,Boston Ward 22 Precinct 8,89,43,35092,0,-071.1593031,+42.3453607,largest_overlap,35088.364,35090.195,99.995,False
250250004022010,250250004022,BOS-22-08,Boston,22,8,Boston Ward 22 Precinct 8,118,69,11571,0,-071.1605675,+42.3409748,largest_overlap,11526.433,11570.248,99.621,False
250250004022011,250250004022,BOS-22-08,Boston,22,8,Boston Ward 22 Precinct 8,129,70,11401,0,-071.1598084,+42.3407822,largest_overlap,11269.011,11400.544,98.846,False
250250004022012,250250004022,BOS-22-08,Boston,22,8,Boston Ward 22 Precinct 8,0,0,53812,0,-071.1642783,+42.3425535,covered,53808.453,53808.453,100.0,False
250250004022013,250250004022,BOS-22-08,Boston,22,8,Boston Ward 22 Precinct 8,0,0,29937,0,-071.1645803,+42.3409066,largest_overlap,29726.603,29933.886,99.308,False
250250004022014,250250004022,BOS-22-08,Boston,22,8,Boston Ward 22 Precinct 8,46,20,5704,0,-071.1596612,+42.3424560,covered,5703.371,5703.371,100.0,False
250250004021000,250250004021,BOS-22-09,Boston,22,9,Boston Ward 22 Precinct 9,134,50,15504,0,-071.1547548,+42.3432924,largest_overlap,15469.921,15503.389,99.784,False
250250004021001,250250004021,BOS-22-09,Boston,22,9,Boston Ward 22 Precinct 9,316,150,47558,0,-071.1568435,+42.3422285,largest_overlap,47474.541,47555.088,99.831,False
250250004021002,250250004021,BOS-22-09,Boston,22,9,Boston Ward 22 Precinct 9,109,77,23606,0,-071.1570484,+42.3436997,covered,23604.007,23604.007,100.0,False
250250004021003,250250004021,BOS-22-09,Boston,22,9,Boston Ward 22 Precinct 9,120,57,9646,0,-071.1558019,+42.3417358,largest_overlap,9628.645,9645.054,99.83,False
250250004021004,250250004021,BOS-22-09,Boston,22,9,Boston Ward 22 Precinct 9,254,109,25051,0,-071.1552856,+42.3424328,largest_overlap,24987.163,25049.456,99.751,False
250250004021005,250250004021,BOS-22-09,Boston,22,9,Boston Ward 22 Precinct 9,425,248,25133,0,-071.1578136,+42.3402871,largest_overlap,24806.826,25130.918,98.71,False
250250004021006,250250004021,BOS-22-09,Boston,22,9,Boston Ward 22 Precinct 9,111,43,15623,0,-071.1578926,+42.3409531,covered,15622.045,15622.045,100.0,False
250250004022000,250250004022,BOS-22-09,Boston,22,9,Boston Ward 22 Precinct 9,103,43,15504,0,-071.1593990,+42.3466163,largest_overlap,15293.806,15502.636,98.653,False
250250004023001,250250004023,BOS-22-09,Boston,22,9,Boston Ward 22 Precinct 9,195,92,41788,0,-071.1555246,+42.3478523,largest_overlap,41696.293,41785.399,99.787,False
250250004023002,250250004023,BOS-22-09,Boston,22,9,Boston Ward 22 Precinct 9,86,35,11453,0,-071.1570408,+42.3482365,covered,11452.677,11452.677,100.0,False
250250004023004,250250004023,BOS-22-09,Boston,22,9,Boston Ward 22 Precinct 9,397,137,87802,0,-071.1559892,+42.3453145,largest_overlap,87708.552,87796.35,99.9,False
250250004023005,250250004023,BOS-22-09,Boston,22,9,Boston Ward 22 Precinct 9,97,30,13571,0,-071.1553054,+42.3464259,largest_overlap,13527.241,13570.185,99.684,False
250250002012002,250250002012,BOS-22-10,Boston,22,10,Boston Ward 22 Precinct 10,173,62,19892,0,-071.1603415,+42.3541112,covered,19890.237,19890.237,100.0,False
250250002012003,250250002012,BOS-22-10,Boston,22,10,Boston Ward 22 Precinct 10,153,57,16808,0,-071.1607194,+42.3535120,covered,16806.78,16806.78,100.0,False
250250002012004,250250002012,BOS-22-10,Boston,22,10,Boston Ward 22 Precinct 10,101,37,13121,0,-071.1612906,+42.3529296,largest_overlap,13090.027,13120.555,99.767,False
250250002014000,250250002014,BOS-22-10,Boston,22,10,Boston Ward 22 Precinct 10,291,159,27471,0,-071.1607811,+42.3507451,covered,27469.716,27469.716,100.0,False
250250002014001,250250002014,BOS-22-10,Boston,22,10,Boston Ward 22 Precinct 10,104,39,14915,0,-071.1615884,+42.3516648,covered,14914.486,14914.486,100.0,False
250250002014003,250250002014,BOS-22-10,Boston,22,10,Boston Ward 22 Precinct 10,159,78,14330,0,-071.1616665,+42.3498686,covered,14329.102,14329.102,100.0,False
250250002021000,250250002021,BOS-22-10,Boston,22,10,Boston Ward 22 Precinct 10,335,143,42942,0,-071.1568746,+42.3508908,largest_overlap,42754.949,42939.11,99.571,False
250250002021002,250250002021,BOS-22-10,Boston,22,10,Boston Ward 22 Precinct 10,99,32,12519,0,-071.1589564,+42.3515428,covered,12518.582,12518.582,100.0,False
250250002021003,250250002021,BOS-22-10,Boston,22,10,Boston Ward 22 Precinct 10,310,158,53045,0,-071.1592282,+42.3501065,covered,53041.212,53041.212,100.0,False
250250002022002,250250002022,BOS-22-10,Boston,22,10,Boston Ward 22 Precinct 10,20,5,3179,0,-071.1583896,+42.3536734,largest_overlap,3174.142,3179.065,99.845,False
250250002022003,250250002022,BOS-22-10,Boston,22,10,Boston Ward 22 Precinct 10,71,20,11505,0,-071.1588817,+42.3530130,largest_overlap,11501.262,11504.591,99.971,False
250250002022007,250250002022,BOS-22-10,Boston,22,10,Boston Ward 22 Precinct 10,85,45,16098,0,-071.1592376,+42.3522904,largest_overlap,16091.963,16096.898,99.969,False
250250003021000,250250003021,BOS-22-10,Boston,22,10,Boston Ward 22 Precinct 10,233,116,28048,0,-071.1619746,+42.3483838,largest_overlap,28031.318,28045.819,99.948,False
250250003021010,250250003021,BOS-22-10,Boston,22,10,Boston Ward 22 Precinct 10,10,1,73417,0,-071.1640214,+42.3474238,largest_overlap,73013.852,73412.282,99.457,False
250250004023003,250250004023,BOS-22-10,Boston,22,10,Boston Ward 22 Precinct 10,135,69,60867,0,-071.1590723,+42.3479894,largest_overlap,60519.624,60863.539,99.435,False
250250002011000,250250002011,BOS-22-11,Boston,22,11,Boston Ward 22 Precinct 11,0,0,12426,0,-071.1565281,+42.3580479,covered,12425.372,12425.372,100.0,False
250250002011001,250250002011,BOS-22-11,Boston,22,11,Boston Ward 22 Precinct 11,0,0,25128,0,-071.1598549,+42.3580969,covered,25126.354,25126.354,100.0,False
250250002011002,250250002011,BOS-22-11,Boston,22,11,Boston Ward 22 Precinct 11,0,0,2310,0,-071.1609594,+42.3585479,covered,2310.009,2310.009,100.0,False
250250002011003,250250002011,BOS-22-11,Boston,22,11,Boston Ward 22 Precinct 11,0,0,5338,0,-071.1560342,+42.3577719,covered,5337.73,5337.73,100.0,False
250250002011004,250250002011,BOS-22-11,Boston,22,11,Boston Ward 22 Precinct 11,25,6,21232,0,-071.1554809,+42.3573661,largest_overlap,21203.383,21230.381,99.873,False
250250002011005,250250002011,BOS-22-11,Boston,22,11,Boston Ward 22 Precinct 11,0,0,6029,0,-071.1599138,+42.3576526,covered,6028.653,6028.653,100.0,False
250250002011006,250250002011,BOS-22-11,Boston,22,11,Boston Ward 22 Precinct 11,0,0,16762,0,-071.1600974,+42.3573456,covered,16760.962,16760.962,100.0,False
250250002011007,250250002011,BOS-22-11,Boston,22,11,Boston Ward 22 Precinct 11,169,63,36652,0,-071.1556921,+42.3564344,largest_overlap,36475.627,36649.314,99.526,False
250250002011008,250250002011,BOS-22-11,Boston,22,11,Boston Ward 22 Precinct 11,124,49,20035,0,-071.1592204,+42.3568906,covered,20034.182,20034.182,100.0,False
250250002011009,250250002011,BOS-22-11,Boston,22,11,Boston Ward 22 Precinct 11,84,31,10241,0,-071.1615164,+42.3566250,covered,10240.027,10240.027,100.0,False
250250002011010,250250002011,BOS-22-11,Boston,22,11,Boston Ward 22 Precinct 11,67,26,7102,0,-071.1573496,+42.3559095,covered,7101.211,7101.211,100.0,False
250250002011011,250250002011,BOS-22-11,Boston,22,11,Boston Ward 22 Precinct 11,247,99,37974,0,-071.1576760,+42.3554525,largest_overlap,37922.89,37971.652,99.872,False
250250002011012,250250002011,BOS-22-11,Boston,22,11,Boston Ward 22 Precinct 11,77,26,12598,0,-071.1598958,+42.3560990,covered,12597.216,12597.216,100.0,False
250250002011013,250250002011,BOS-22-11,Boston,22,11,Boston Ward 22 Precinct 11,48,19,11520,0,-071.1617048,+42.3557994,largest_overlap,11450.202,11519.247,99.401,False
250250002011014,250250002011,BOS-22-11,Boston,22,11,Boston Ward 22 Precinct 11,125,42,15647,0,-071.1597004,+42.3553638,covered,15645.7,15645.7,100.0,False
250250002012000,250250002012,BOS-22-11,Boston,22,11,Boston Ward 22 Precinct 11,183,73,23173,0,-071.1599121,+42.3546883,largest_overlap,22874.979,23171.64,98.72,False
250250002022001,250250002022,BOS-22-11,Boston,22,11,Boston Ward 22 Precinct 11,88,37,12378,0,-071.1572504,+42.3540120,largest_overlap,12218.721,12377.492,98.717,False
250250003011000,250250003011,BOS-22-11,Boston,22,11,Boston Ward 22 Precinct 11,0,0,28503,0,-071.1659987,+42.3577775,covered,28500.392,28500.392,100.0,False
250250003011001,250250003011,BOS-22-11,Boston,22,11,Boston Ward 22 Precinct 11,0,0,11549,0,-071.1660779,+42.3574990,covered,11548.424,11548.424,100.0,False
250250003011002,250250003011,BOS-22-11,Boston,22,11,Boston Ward 22 Precinct 11,0,0,15887,0,-071.1668036,+42.3573027,largest_overlap,15580.857,15886.493,98.076,False
250250003011004,250250003011,BOS-22-11,Boston,22,11,Boston Ward 22 Precinct 11,109,38,23633,0,-071.1636613,+42.3568862,covered,23631.235,23631.235,100.0,False
250250003011005,250250003011,BOS-22-11,Boston,22,11,Boston Ward 22 Precinct 11,317,114,40199,0,-071.1643997,+42.3561326,largest_overlap,39861.089,40196.157,99.166,False
250259815011057,250259815011,BOS-22-11,Boston,22,11,Boston Ward 22 Precinct 11,0,0,0,21791,-071.1651210,+42.3591285,covered,21790.355,21790.355,100.0,False
250259815011058,250259815011,BOS-22-11,Boston,22,11,Boston Ward 22 Precinct 11,0,0,62942,0,-071.1662301,+42.3585809,covered,62937.763,62937.763,100.0,False
250250001022016,250250001022,BOS-22-12,Boston,22,12,Boston Ward 22 Precinct 12,0,0,5225,0,-071.1466983,+42.3601908,largest_overlap,5065.386,5224.837,96.948,False
250250001022017,250250001022,BOS-22-12,Boston,22,12,Boston Ward 22 Precinct 12,0,0,138614,0,-071.1511955,+42.3593473,largest_overlap,138591.637,138605.386,99.99,False
250250001022018,250250001022,BOS-22-12,Boston,22,12,Boston Ward 22 Precinct 12,0,0,6219,0,-071.1562908,+42.3582466,largest_overlap,5883.484,6218.204,94.617,True
250250001022019,250250001022,BOS-22-12,Boston,22,12,Boston Ward 22 Precinct 12,0,0,6102,0,-071.1594516,+42.3588179,largest_overlap,6010.1,6101.829,98.497,False
250250001022020,250250001022,BOS-22-12,Boston,22,12,Boston Ward 22 Precinct 12,0,0,1168,0,-071.1604608,+42.3586866,largest_overlap,1105.628,1167.995,94.66,True
250250001022023,250250001022,BOS-22-12,Boston,22,12,Boston Ward 22 Precinct 12,0,0,15284,0,-071.1511449,+42.3582160,largest_overlap,15240.176,15283.246,99.718,False
250250001022024,250250001022,BOS-22-12,Boston,22,12,Boston Ward 22 Precinct 12,0,0,8883,0,-071.1510183,+42.3584269,largest_overlap,8881.586,8882.486,99.99,False
250250001022025,250250001022,BOS-22-12,Boston,22,12,Boston Ward 22 Precinct 12,0,0,9622,0,-071.1509877,+42.3580159,largest_overlap,9594.954,9621.384,99.725,False
250250001022028,250250001022,BOS-22-12,Boston,22,12,Boston Ward 22 Precinct 12,65,19,28720,0,-071.1503533,+42.3576558,largest_overlap,28630.37,28718.157,99.694,False
250250001022033,250250001022,BOS-22-12,Boston,22,12,Boston Ward 22 Precinct 12,195,72,30940,0,-071.1505864,+42.3569910,largest_overlap,30892.789,30938.526,99.852,False
250250002022000,250250002022,BOS-22-12,Boston,22,12,Boston Ward 22 Precinct 12,131,53,21725,0,-071.1553718,+42.3540403,largest_overlap,21681.214,21724.022,99.803,False
250250002022004,250250002022,BOS-22-12,Boston,22,12,Boston Ward 22 Precinct 12,169,68,22159,0,-071.1562616,+42.3529223,largest_overlap,22156.937,22157.375,99.998,False
250250002022005,250250002022,BOS-22-12,Boston,22,12,Boston Ward 22 Precinct 12,109,36,11177,0,-071.1562571,+42.3536277,covered,11176.152,11176.152,100.0,False
250250002022006,250250002022,BOS-22-12,Boston,22,12,Boston Ward 22 Precinct 12,131,46,24817,0,-071.1563166,+42.3522189,largest_overlap,24524.503,24815.812,98.826,False
250250002023000,250250002023,BOS-22-12,Boston,22,12,Boston Ward 22 Precinct 12,745,270,64625,0,-071.1518657,+42.3561065,largest_overlap,64543.249,64620.953,99.88,False
250250002023001,250250002023,BOS-22-12,Boston,22,12,Boston Ward 22 Precinct 12,377,136,114416,0,-071.1525528,+42.3538641,largest_overlap,114169.453,114408.679,99.791,False
250250002023002,250250002023,BOS-22-12,Boston,22,12,Boston Ward 22 Precinct 12,95,49,17341,0,-071.1550393,+42.3550592,covered,17339.606,17339.606,100.0,False
250250002023006,250250002023,BOS-22-12,Boston,22,12,Boston Ward 22 Precinct 12,189,73,13648,0,-071.1529777,+42.3515113,largest_overlap,13478.82,13647.366,98.765,False
250259815011055,250259815011,BOS-22-12,Boston,22,12,Boston Ward 22 Precinct 12,0,0,73874,89,-071.1576645,+42.3595288,covered,73958.42,73958.42,100.0,False
250259815011056,250259815011,BOS-22-12,Boston,22,12,Boston Ward 22 Precinct 12,0,0,0,24779,-071.1570082,+42.3597775,largest_overlap,24617.077,24777.24,99.354,False
250259815011059,250259815011,BOS-22-12,Boston,22,12,Boston Ward 22 Precinct 12,0,0,1872,82,-071.1603977,+42.3588850,largest_overlap,1909.325,1953.702,97.729,False
250259815011060,250259815011,BOS-22-12,Boston,22,12,Boston Ward 22 Precinct 12,0,0,2797,0,-071.1578633,+42.3589802,covered,2796.588,2796.588,100.0,False
250250003011003,250250003011,BOS-22-13,Boston,22,13,Boston Ward 22 Precinct 13,26,5,37800,0,-071.1689874,+42.3565918,largest_overlap,37791.231,37798.018,99.982,False
250250003012000,250250003012,BOS-22-13,Boston,22,13,Boston Ward 22 Precinct 13,584,212,101425,0,-071.1697197,+42.3549561,largest_overlap,101286.813,101418.474,99.87,False
250250003012001,250250003012,BOS-22-13,Boston,22,13,Boston Ward 22 Precinct 13,65,30,11315,0,-071.1715335,+42.3544478,covered,11314.156,11314.156,100.0,False
250250003012002,250250003012,BOS-22-13,Boston,22,13,Boston Ward 22 Precinct 13,182,80,29874,0,-071.1693279,+42.3534188,largest_overlap,29853.817,29872.053,99.939,False
250250003013000,250250003013,BOS-22-13,Boston,22,13,Boston Ward 22 Precinct 13,142,66,18242,0,-071.1682145,+42.3519750,largest_overlap,18236.929,18240.81,99.979,False
250250003013001,250250003013,BOS-22-13,Boston,22,13,Boston Ward 22 Precinct 13,126,50,10935,0,-071.1693784,+42.3525388,covered,10934.567,10934.567,100.0,False
250250003013002,250250003013,BOS-22-13,Boston,22,13,Boston Ward 22 Precinct 13,161,71,15325,0,-071.1696459,+42.3517214,largest_overlap,15186.535,15323.892,99.104,False
250250003013003,250250003013,BOS-22-13,Boston,22,13,Boston Ward 22 Precinct 13,65,21,8064,0,-071.1710027,+42.3524065,largest_overlap,7996.149,8063.696,99.162,False
250250003013004,250250003013,BOS-22-13,Boston,22,13,Boston Ward 22 Precinct 13,72,27,10093,0,-071.1717736,+42.3529398,largest_overlap,10026.852,10092.561,99.349,False
250250003013005,250250003013,BOS-22-13,Boston,22,13,Boston Ward 22 Precinct 13,90,35,13731,0,-071.1725573,+42.3534966,largest_overlap,13660.3,13730.023,99.492,False
250250003013006,250250003013,BOS-22-13,Boston,22,13,Boston Ward 22 Precinct 13,0,0,3966,0,-071.1682093,+42.3508683,largest_overlap,3850.404,3965.557,97.096,False
250173537004006,250173537004,CAM-08-02,Cambridge,8,2,Cambridge Precinct 8-2,23,1,2143,0,-071.1183735,+42.3731075,largest_overlap,2130.09,2143.3,99.384,False
250173537004007,250173537004,CAM-08-02,Cambridge,8,2,Cambridge Precinct 8-2,27,14,8721,0,-071.1193955,+42.3728909,covered,8720.564,8720.564,100.0,False
250173537004008,250173537004,CAM-08-02,Cambridge,8,2,Cambridge Precinct 8-2,0,0,7294,0,-071.1186962,+42.3725390,largest_overlap,7205.003,7293.537,98.786,False
250173539003005,250173539003,CAM-08-02,Cambridge,8,2,Cambridge Precinct 8-2,13,1,1686,0,-071.1194782,+42.3721229,largest_overlap,1652.368,1686.141,97.997,False
250173539003006,250173539003,CAM-08-02,Cambridge,8,2,Cambridge Precinct 8-2,0,0,1892,0,-071.1198479,+42.3720905,largest_overlap,1882.211,1891.403,99.514,False
250173539003007,250173539003,CAM-08-02,Cambridge,8,2,Cambridge Precinct 8-2,27,20,1686,0,-071.1201913,+42.3722862,covered,1686.038,1686.038,100.0,False
250173539003008,250173539003,CAM-08-02,Cambridge,8,2,Cambridge Precinct 8-2,21,11,3573,0,-071.1202555,+42.3718122,largest_overlap,3562.286,3572.764,99.707,False
250173539003013,250173539003,CAM-08-02,Cambridge,8,2,Cambridge Precinct 8-2,95,3,2346,0,-071.1203007,+42.3715219,largest_overlap,2250.961,2346.341,95.935,False
250173540002004,250173540002,CAM-08-02,Cambridge,8,2,Cambridge Precinct 8-2,270,149,25430,0,-071.1229128,+42.3799914,largest_overlap,25212.824,25428.31,99.153,False
250173540002005,250173540002,CAM-08-02,Cambridge,8,2,Cambridge Precinct 8-2,187,58,13870,0,-071.1238095,+42.3802787,covered,13869.631,13869.631,100.0,False
250173540002007,250173540002,CAM-08-02,Cambridge,8,2,Cambridge Precinct 8-2,349,262,31072,0,-071.1258589,+42.3801317,covered,31070.178,31070.178,100.0,False
250173540002008,250173540002,CAM-08-02,Cambridge,8,2,Cambridge Precinct 8-2,0,0,1416,0,-071.1241345,+42.3786893,covered,1415.729,1415.729,100.0,False
250173541001000,250173541001,CAM-08-02,Cambridge,8,2,Cambridge Precinct 8-2,17,1,22240,0,-071.1223622,+42.3758116,covered,22238.988,22238.988,100.0,False
250173541001001,250173541001,CAM-08-02,Cambridge,8,2,Cambridge Precinct 8-2,9,4,883,0,-071.1215309,+42.3752063,covered,882.908,882.908,100.0,False
250173541001002,250173541001,CAM-08-02,Cambridge,8,2,Cambridge Precinct 8-2,26,7,2186,0,-071.1239270,+42.3760220,covered,2186.124,2186.124,100.0,False
250173541001003,250173541001,CAM-08-02,Cambridge,8,2,Cambridge Precinct 8-2,0,0,4933,0,-071.1217254,+42.3748718,covered,4932.484,4932.484,100.0,False
250173541001004,250173541001,CAM-08-02,Cambridge,8,2,Cambridge Precinct 8-2,127,9,22786,0,-071.1201945,+42.3749501,largest_overlap,22784.45,22784.491,100.0,False
250173541001005,250173541001,CAM-08-02,Cambridge,8,2,Cambridge Precinct 8-2,0,0,2721,0,-071.1212084,+42.3755443,covered,2721.021,2721.021,100.0,False
250173541001006,250173541001,CAM-08-02,Cambridge,8,2,Cambridge Precinct 8-2,10,2,2382,0,-071.1213693,+42.3744026,covered,2382.111,2382.111,100.0,False
250173541001007,250173541001,CAM-08-02,Cambridge,8,2,Cambridge Precinct 8-2,122,88,12955,0,-071.1228781,+42.3741625,covered,12954.376,12954.376,100.0,False
250173541001008,250173541001,CAM-08-02,Cambridge,8,2,Cambridge Precinct 8-2,146,65,15970,0,-071.1236473,+42.3751928,covered,15969.502,15969.502,100.0,False
250173541001009,250173541001,CAM-08-02,Cambridge,8,2,Cambridge Precinct 8-2,16,31,1514,0,-071.1236313,+42.3757878,covered,1513.758,1513.758,100.0,False
250173541001010,250173541001,CAM-08-02,Cambridge,8,2,Cambridge Precinct 8-2,80,41,15132,0,-071.1243109,+42.3744528,covered,15131.155,15131.155,100.0,False
250173541001011,250173541001,CAM-08-02,Cambridge,8,2,Cambridge Precinct 8-2,39,17,4058,0,-071.1248621,+42.3736414,covered,4057.394,4057.394,100.0,False
250173541001012,250173541001,CAM-08-02,Cambridge,8,2,Cambridge Precinct 8-2,314,234,51200,0,-071.1240095,+42.3723735,largest_overlap,51183.288,51196.61,99.974,False
250173541001013,250173541001,CAM-08-02,Cambridge,8,2,Cambridge Precinct 8-2,81,50,4869,0,-071.1227763,+42.3729515,covered,4868.245,4868.245,100.0,False
250173541001014,250173541001,CAM-08-02,Cambridge,8,2,Cambridge Precinct 8-2,0,0,7611,0,-071.1236745,+42.3729929,covered,7610.245,7610.245,100.0,False
250173541001015,250173541001,CAM-08-02,Cambridge,8,2,Cambridge Precinct 8-2,59,48,1407,0,-071.1240158,+42.3735410,covered,1406.521,1406.521,100.0,False
250173541001016,250173541001,CAM-08-02,Cambridge,8,2,Cambridge Precinct 8-2,15,5,1903,0,-071.1251786,+42.3731567,covered,1902.712,1902.712,100.0,False
250173541001017,250173541001,CAM-08-02,Cambridge,8,2,Cambridge Precinct 8-2,0,0,4615,0,-071.1220037,+42.3726855,covered,4614.82,4614.82,100.0,False
250173541001018,250173541001,CAM-08-02,Cambridge,8,2,Cambridge Precinct 8-2,44,29,16616,0,-071.1219734,+42.3735096,covered,16615.678,16615.678,100.0,False
250173541001019,250173541001,CAM-08-02,Cambridge,8,2,Cambridge Precinct 8-2,0,0,1560,0,-071.1213565,+42.3741971,covered,1559.436,1559.436,100.0,False
250173541001020,250173541001,CAM-08-02,Cambridge,8,2,Cambridge Precinct 8-2,8,1,10819,0,-071.1205990,+42.3737892,covered,10818.295,10818.295,100.0,False
250173541001021,250173541001,CAM-08-02,Cambridge,8,2,Cambridge Precinct 8-2,0,0,8797,0,-071.1195256,+42.3739650,largest_overlap,8785.842,8796.314,99.881,False
250173541001022,250173541001,CAM-08-02,Cambridge,8,2,Cambridge Precinct 8-2,0,0,7211,0,-071.1212229,+42.3720901,largest_overlap,7197.283,7210.625,99.815,False
250173541001023,250173541001,CAM-08-02,Cambridge,8,2,Cambridge Precinct 8-2,13,7,4878,0,-071.1208444,+42.3725676,covered,4877.526,4877.526,100.0,False
250173541001024,250173541001,CAM-08-02,Cambridge,8,2,Cambridge Precinct 8-2,0,0,5887,0,-071.1202346,+42.3730350,covered,5886.889,5886.889,100.0,False
250173541001025,250173541001,CAM-08-02,Cambridge,8,2,Cambridge Precinct 8-2,0,0,1005,0,-071.1210551,+42.3729559,covered,1004.495,1004.495,100.0,False
250173541001026,250173541001,CAM-08-02,Cambridge,8,2,Cambridge Precinct 8-2,11,0,1765,0,-071.1189967,+42.3735814,covered,1765.233,1765.233,100.0,False
250173541001027,250173541001,CAM-08-02,Cambridge,8,2,Cambridge Precinct 8-2,8,5,17596,0,-071.1232123,+42.3706652,largest_overlap,17548.1,17595.363,99.731,False
250173541001028,250173541001,CAM-08-02,Cambridge,8,2,Cambridge Precinct 8-2,0,0,14571,0,-071.1219836,+42.3714241,largest_overlap,14515.391,14570.31,99.623,False
250173541002000,250173541002,CAM-08-02,Cambridge,8,2,Cambridge Precinct 8-2,137,95,15973,0,-071.1286879,+42.3804818,covered,15972.127,15972.127,100.0,False
250173541002001,250173541002,CAM-08-02,Cambridge,8,2,Cambridge Precinct 8-2,360,238,31900,0,-071.1281270,+42.3792003,largest_overlap,31852.319,31898.54,99.855,False
250173541002002,250173541002,CAM-08-02,Cambridge,8,2,Cambridge Precinct 8-2,0,0,5867,0,-071.1270255,+42.3798315,covered,5866.286,5866.286,100.0,False
250173541002003,250173541002,CAM-08-02,Cambridge,8,2,Cambridge Precinct 8-2,199,150,27905,0,-071.1248503,+42.3783864,covered,27902.78,27902.78,100.0,False
250173541002004,250173541002,CAM-08-02,Cambridge,8,2,Cambridge Precinct 8-2,7,3,3231,0,-071.1250046,+42.3777104,covered,3230.654,3230.654,100.0,False
250173541002005,250173541002,CAM-08-02,Cambridge,8,2,Cambridge Precinct 8-2,85,34,53226,0,-071.1273934,+42.3777631,largest_overlap,53106.869,53222.349,99.783,False
250173541002006,250173541002,CAM-08-02,Cambridge,8,2,Cambridge Precinct 8-2,10,10,7358,0,-071.1261154,+42.3777659,covered,7357.304,7357.304,100.0,False
250173541002007,250173541002,CAM-08-02,Cambridge,8,2,Cambridge Precinct 8-2,48,25,8531,0,-071.1293771,+42.3798710,largest_overlap,8515.127,8530.363,99.821,False
250173541002008,250173541002,CAM-08-02,Cambridge,8,2,Cambridge Precinct 8-2,81,2,9527,0,-071.1230434,+42.3769376,covered,9526.178,9526.178,100.0,False
250173541002009,250173541002,CAM-08-02,Cambridge,8,2,Cambridge Precinct 8-2,13,1,2034,0,-071.1238333,+42.3769845,covered,2034.234,2034.234,100.0,False
250173541002010,250173541002,CAM-08-02,Cambridge,8,2,Cambridge Precinct 8-2,90,2,9530,0,-071.1246712,+42.3767568,covered,9528.793,9528.793,100.0,False
250173541002011,250173541002,CAM-08-02,Cambridge,8,2,Cambridge Precinct 8-2,71,0,2036,0,-071.1252112,+42.3774073,covered,2035.387,2035.387,100.0,False
250173541002012,250173541002,CAM-08-02,Cambridge,8,2,Cambridge Precinct 8-2,33,8,9213,0,-071.1255161,+42.3767757,covered,9212.705,9212.705,100.0,False
250173541002013,250173541002,CAM-08-02,Cambridge,8,2,Cambridge Precinct 8-2,28,14,10011,0,-071.1252417,+42.3756705,covered,10010.88,10010.88,100.0,False
250173541002014,250173541002,CAM-08-02,Cambridge,8,2,Cambridge Precinct 8-2,76,52,40504,0,-071.1271170,+42.3755154,covered,40502.074,40502.074,100.0,False
250173541002015,250173541002,CAM-08-02,Cambridge,8,2,Cambridge Precinct 8-2,44,17,10342,0,-071.1283046,+42.3763564,largest_overlap,10282.814,10341.449,99.433,False
250173541002018,250173541002,CAM-08-02,Cambridge,8,2,Cambridge Precinct 8-2,0,0,2200,0,-071.1235306,+42.3766238,covered,2200.222,2200.222,100.0,False
250173541002019,250173541002,CAM-08-02,Cambridge,8,2,Cambridge Precinct 8-2,0,0,4957,0,-071.1241110,+42.3764793,covered,4956.794,4956.794,100.0,False
250173541002020,250173541002,CAM-08-02,Cambridge,8,2,Cambridge Precinct 8-2,0,0,16254,0,-071.1278646,+42.3742315,covered,16253.166,16253.166,100.0,False
250173541002022,250173541002,CAM-08-02,Cambridge,8,2,Cambridge Precinct 8-2,7,1,23386,0,-071.1234775,+42.3699453,largest_overlap,23345.941,23384.071,99.837,False
250173541002023,250173541002,CAM-08-02,Cambridge,8,2,Cambridge Precinct 8-2,80,51,8290,0,-071.1261930,+42.3738495,covered,8289.977,8289.977,100.0,False
250173541002024,250173541002,CAM-08-02,Cambridge,8,2,Cambridge Precinct 8-2,0,0,0,45674,-071.1248345,+42.3702968,largest_overlap,45082.31,45670.703,98.712,False
250173541002025,250173541002,CAM-08-02,Cambridge,8,2,Cambridge Precinct 8-2,0,0,0,1495,-071.1308224,+42.3741397,largest_overlap,1466.332,1494.525,98.114,False
250173541002026,250173541002,CAM-08-02,Cambridge,8,2,Cambridge Precinct 8-2,74,28,10383,0,-071.1256270,+42.3748288,covered,10382.331,10382.331,100.0,False
250173545002011,250173545002,CAM-08-02,Cambridge,8,2,Cambridge Precinct 8-2,0,0,36523,0,-071.1278664,+42.3815323,largest_overlap,36450.926,36520.298,99.81,False
250173541002016,250173541002,CAM-09-01,Cambridge,9,1,Cambridge Precinct 9-1,58,37,19133,0,-071.1293183,+42.3766617,largest_overlap,19075.031,19131.964,99.702,False
250173541002017,250173541002,CAM-09-01,Cambridge,9,1,Cambridge Precinct 9-1,24,8,7000,0,-071.1298794,+42.3772991,covered,6999.43,6999.43,100.0,False
250173541002021,250173541002,CAM-09-01,Cambridge,9,1,Cambridge Precinct 9-1,219,152,25061,0,-071.1294768,+42.3752747,largest_overlap,24866.969,25059.052,99.233,False
250173542001000,250173542001,CAM-09-01,Cambridge,9,1,Cambridge Precinct 9-1,64,27,10380,0,-071.1379079,+42.3806507,covered,10378.901,10378.901,100.0,False
250173542001001,250173542001,CAM-09-01,Cambridge,9,1,Cambridge Precinct 9-1,149,65,59149,0,-071.1385773,+42.3790111,covered,59145.304,59145.304,100.0,False
250173542001002,250173542001,CAM-09-01,Cambridge,9,1,Cambridge Precinct 9-1,162,80,53449,0,-071.1398782,+42.3786352,covered,53446.125,53446.125,100.0,False
250173542001003,250173542001,CAM-09-01,Cambridge,9,1,Cambridge Precinct 9-1,242,109,45791,0,-071.1410329,+42.3783565,largest_overlap,45674.172,45788.498,99.75,False
250173542002000,250173542002,CAM-09-01,Cambridge,9,1,Cambridge Precinct 9-1,39,17,16337,0,-071.1312369,+42.3772265,covered,16335.852,16335.852,100.0,False
250173542002001,250173542002,CAM-09-01,Cambridge,9,1,Cambridge Precinct 9-1,40,18,23639,0,-071.1322349,+42.3767143,covered,23637.861,23637.861,100.0,False
250173542002002,250173542002,CAM-09-01,Cambridge,9,1,Cambridge Precinct 9-1,109,56,47239,0,-071.1344547,+42.3760843,covered,47236.19,47236.19,100.0,False
250173542002003,250173542002,CAM-09-01,Cambridge,9,1,Cambridge Precinct 9-1,49,23,22946,0,-071.1362585,+42.3760454,covered,22944.455,22944.455,100.0,False
250173542002004,250173542002,CAM-09-01,Cambridge,9,1,Cambridge Precinct 9-1,23,7,3495,0,-071.1319791,+42.3760525,covered,3494.729,3494.729,100.0,False
250173542002005,250173542002,CAM-09-01,Cambridge,9,1,Cambridge Precinct 9-1,79,42,11333,0,-071.1309169,+42.3754970,largest_overlap,11332.38,11332.539,99.999,False
250173542002006,250173542002,CAM-09-01,Cambridge,9,1,Cambridge Precinct 9-1,40,32,2346,0,-071.1314048,+42.3753790,covered,2345.502,2345.502,100.0,False
250173542002007,250173542002,CAM-09-01,Cambridge,9,1,Cambridge Precinct 9-1,32,25,8492,0,-071.1320849,+42.3753433,covered,8491.884,8491.884,100.0,False
250173542002008,250173542002,CAM-09-01,Cambridge,9,1,Cambridge Precinct 9-1,61,36,9443,0,-071.1328645,+42.3756402,covered,9442.496,9442.496,100.0,False
250173542002009,250173542002,CAM-09-01,Cambridge,9,1,Cambridge Precinct 9-1,130,122,61254,0,-071.1343319,+42.3743315,largest_overlap,61245.194,61250.192,99.992,False
250173542002010,250173542002,CAM-09-01,Cambridge,9,1,Cambridge Precinct 9-1,35,15,10641,0,-071.1371551,+42.3754506,covered,10640.516,10640.516,100.0,False
250173542002011,250173542002,CAM-09-01,Cambridge,9,1,Cambridge Precinct 9-1,36,12,21115,0,-071.1388516,+42.3761482,covered,21113.552,21113.552,100.0,False
250173542002012,250173542002,CAM-09-01,Cambridge,9,1,Cambridge Precinct 9-1,1,1,12798,0,-071.1383514,+42.3755036,covered,12797.12,12797.12,100.0,False
250173542002013,250173542002,CAM-09-01,Cambridge,9,1,Cambridge Precinct 9-1,0,0,3220,0,-071.1392829,+42.3752562,covered,3219.573,3219.573,100.0,False
250173542002014,250173542002,CAM-09-01,Cambridge,9,1,Cambridge Precinct 9-1,107,71,24567,0,-071.1412138,+42.3754855,largest_overlap,24550.274,24565.96,99.936,False
250173542002015,250173542002,CAM-09-01,Cambridge,9,1,Cambridge Precinct 9-1,33,13,6463,0,-071.1387877,+42.3744855,covered,6462.824,6462.824,100.0,False
250173542002016,250173542002,CAM-09-01,Cambridge,9,1,Cambridge Precinct 9-1,0,0,9329,0,-071.1354415,+42.3736562,covered,9329.343,9329.343,100.0,False
250173542002017,250173542002,CAM-09-01,Cambridge,9,1,Cambridge Precinct 9-1,88,32,441468,0,-071.1380993,+42.3696236,largest_overlap,441381.486,441437.918,99.987,False
250173542002018,250173542002,CAM-09-01,Cambridge,9,1,Cambridge Precinct 9-1,0,0,11575,0,-071.1400270,+42.3702427,covered,11574.324,11574.324,100.0,False
250173542002019,250173542002,CAM-09-01,Cambridge,9,1,Cambridge Precinct 9-1,0,0,0,17525,-071.1333905,+42.3725819,largest_overlap,17288.764,17523.956,98.658,False
250173542002020,250173542002,CAM-09-01,Cambridge,9,1,Cambridge Precinct 9-1,33,8,12611,0,-071.1391110,+42.3727479,covered,12610.457,12610.457,100.0,False
250173542002021,250173542002,CAM-09-01,Cambridge,9,1,Cambridge Precinct 9-1,52,14,12773,0,-071.1394401,+42.3738511,covered,12772.275,12772.275,100.0,False
250173542002022,250173542002,CAM-09-01,Cambridge,9,1,Cambridge Precinct 9-1,0,0,57429,720,-071.1423488,+42.3746173,largest_overlap,57835.901,58146.341,99.466,False
250173542002023,250173542002,CAM-09-01,Cambridge,9,1,Cambridge Precinct 9-1,0,0,61461,0,-071.1337861,+42.3690215,largest_overlap,61455.09,61457.403,99.996,False
250173542002024,250173542002,CAM-09-01,Cambridge,9,1,Cambridge Precinct 9-1,0,0,0,67630,-071.1365894,+42.3671739,largest_overlap,66715.303,67624.921,98.655,False
250173542002025,250173542002,CAM-09-01,Cambridge,9,1,Cambridge Precinct 9-1,33,20,1314,0,-071.1316070,+42.3751983,covered,1313.713,1313.713,100.0,False
250173542003000,250173542003,CAM-09-01,Cambridge,9,1,Cambridge Precinct 9-1,20,3,6812,0,-071.1307986,+42.3819068,covered,6811.645,6811.645,100.0,False
250173542003001,250173542003,CAM-09-01,Cambridge,9,1,Cambridge Precinct 9-1,85,35,59315,0,-071.1305631,+42.3801934,largest_overlap,59152.53,59311.668,99.732,False
250173542003002,250173542003,CAM-09-01,Cambridge,9,1,Cambridge Precinct 9-1,124,53,47044,0,-071.1329245,+42.3803198,covered,47040.671,47040.671,100.0,False
250173542003003,250173542003,CAM-09-01,Cambridge,9,1,Cambridge Precinct 9-1,76,45,38420,0,-071.1350020,+42.3799815,covered,38418.143,38418.143,100.0,False
250173542003004,250173542003,CAM-09-01,Cambridge,9,1,Cambridge Precinct 9-1,60,27,7565,0,-071.1354751,+42.3809541,covered,7564.354,7564.354,100.0,False
250173542003005,250173542003,CAM-09-01,Cambridge,9,1,Cambridge Precinct 9-1,99,44,35550,0,-071.1368441,+42.3800596,covered,35547.602,35547.602,100.0,False
250173542003006,250173542003,CAM-09-01,Cambridge,9,1,Cambridge Precinct 9-1,80,39,66600,0,-071.1356351,+42.3780181,covered,66595.676,66595.676,100.0,False
250173542003007,250173542003,CAM-09-01,Cambridge,9,1,Cambridge Precinct 9-1,66,42,19433,0,-071.1324100,+42.3789233,covered,19431.711,19431.711,100.0,False
250173542003008,250173542003,CAM-09-01,Cambridge,9,1,Cambridge Precinct 9-1,18,5,13935,0,-071.1311108,+42.3782087,covered,13934.563,13934.563,100.0,False
250173542003009,250173542003,CAM-09-01,Cambridge,9,1,Cambridge Precinct 9-1,51,11,15495,0,-071.1325974,+42.3779690,covered,15493.72,15493.72,100.0,False
250173544001004,250173544001,CAM-09-01,Cambridge,9,1,Cambridge Precinct 9-1,160,86,17861,0,-071.1375825,+42.3823325,largest_overlap,17859.494,17859.675,99.999,False
250173544002003,250173544002,CAM-09-01,Cambridge,9,1,Cambridge Precinct 9-1,65,30,9538,0,-071.1342754,+42.3827229,covered,9537.79,9537.79,100.0,False
250173544002004,250173544002,CAM-09-01,Cambridge,9,1,Cambridge Precinct 9-1,69,26,8561,0,-071.1338136,+42.3832961,covered,8560.176,8560.176,100.0,False
250173544002005,250173544002,CAM-09-01,Cambridge,9,1,Cambridge Precinct 9-1,138,69,19323,0,-071.1330387,+42.3823250,covered,19321.933,19321.933,100.0,False
250173544002006,250173544002,CAM-09-01,Cambridge,9,1,Cambridge Precinct 9-1,70,31,11794,0,-071.1320464,+42.3820854,covered,11793.402,11793.402,100.0,False
250173544002007,250173544002,CAM-09-01,Cambridge,9,1,Cambridge Precinct 9-1,79,38,9113,0,-071.1360455,+42.3820623,covered,9112.745,9112.745,100.0,False
250173544002008,250173544002,CAM-09-01,Cambridge,9,1,Cambridge Precinct 9-1,131,62,12089,0,-071.1367625,+42.3822009,covered,12087.865,12087.865,100.0,False
250173544002009,250173544002,CAM-09-01,Cambridge,9,1,Cambridge Precinct 9-1,74,31,6650,0,-071.1352435,+42.3818011,covered,6649.792,6649.792,100.0,False
250173544002010,250173544002,CAM-09-01,Cambridge,9,1,Cambridge Precinct 9-1,79,34,9775,0,-071.1346545,+42.3821614,covered,9774.5,9774.5,100.0,False
250173545002012,250173545002,CAM-09-01,Cambridge,9,1,Cambridge Precinct 9-1,161,82,12263,0,-071.1300230,+42.3823727,largest_overlap,12203.285,12262.312,99.519,False
250173546022012,250173546022,CAM-09-01,Cambridge,9,1,Cambridge Precinct 9-1,78,45,13434,0,-071.1316607,+42.3831079,covered,13433.647,13433.647,100.0,False
250173543002000,250173543002,CAM-09-02,Cambridge,9,2,Cambridge Precinct 9-2,0,0,17387,0,-071.1414731,+42.3863809,covered,17386.107,17386.107,100.0,False
250173543002001,250173543002,CAM-09-02,Cambridge,9,2,Cambridge Precinct 9-2,34,13,4774,0,-071.1424701,+42.3829220,covered,4773.277,4773.277,100.0,False
250173543002002,250173543002,CAM-09-02,Cambridge,9,2,Cambridge Precinct 9-2,0,0,30657,0,-071.1457862,+42.3799510,largest_overlap,30399.251,30655.051,99.166,False
250173543002003,250173543002,CAM-09-02,Cambridge,9,2,Cambridge Precinct 9-2,96,41,10693,0,-071.1441443,+42.3807354,largest_overlap,10609.868,10692.049,99.231,False
250173543002004,250173543002,CAM-09-02,Cambridge,9,2,Cambridge Precinct 9-2,176,84,41802,0,-071.1426829,+42.3814394,largest_overlap,41619.022,41799.408,99.568,False
250173543002005,250173543002,CAM-09-02,Cambridge,9,2,Cambridge Precinct 9-2,141,75,29990,0,-071.1410673,+42.3820191,largest_overlap,29886.9,29987.968,99.663,False
250173543002006,250173543002,CAM-09-02,Cambridge,9,2,Cambridge Precinct 9-2,0,0,13571,0,-071.1415720,+42.3838725,covered,13570.619,13570.619,100.0,False
250173543003000,250173543003,CAM-09-02,Cambridge,9,2,Cambridge Precinct 9-2,239,107,688868,655856,-071.1471164,+42.3830878,largest_overlap,1343667.916,1344642.295,99.928,False
250173544001000,250173544001,CAM-09-02,Cambridge,9,2,Cambridge Precinct 9-2,0,0,2348,0,-071.1411629,+42.3867734,covered,2347.87,2347.87,100.0,False
250173544001001,250173544001,CAM-09-02,Cambridge,9,2,Cambridge Precinct 9-2,45,17,71255,0,-071.1395646,+42.3850843,covered,71250.382,71250.382,100.0,False
250173544001002,250173544001,CAM-09-02,Cambridge,9,2,Cambridge Precinct 9-2,83,38,14239,0,-071.1375436,+42.3843049,largest_overlap,14237.872,14238.384,99.996,False
250173544001003,250173544001,CAM-09-02,Cambridge,9,2,Cambridge Precinct 9-2,108,42,13261,0,-071.1367422,+42.3840477,largest_overlap,13191.624,13260.547,99.48,False
250173544001005,250173544001,CAM-09-02,Cambridge,9,2,Cambridge Precinct 9-2,218,89,26021,0,-071.1386669,+42.3826255,largest_overlap,25926.846,26019.446,99.644,False
250173544001006,250173544001,CAM-09-02,Cambridge,9,2,Cambridge Precinct 9-2,153,83,29557,0,-071.1400716,+42.3828960,covered,29555.528,29555.528,100.0,False
250173544001007,250173544001,CAM-09-02,Cambridge,9,2,Cambridge Precinct 9-2,69,37,7410,0,-071.1394980,+42.3813599,largest_overlap,7310.932,7409.942,98.664,False
250173544002000,250173544002,CAM-09-02,Cambridge,9,2,Cambridge Precinct 9-2,91,44,12134,0,-071.1352011,+42.3839393,largest_overlap,12083.244,12133.352,99.587,False
250173544002001,250173544002,CAM-09-02,Cambridge,9,2,Cambridge Precinct 9-2,46,21,5738,0,-071.1363108,+42.3834189,largest_overlap,5683.764,5737.909,99.056,False
250173544002002,250173544002,CAM-09-02,Cambridge,9,2,Cambridge Precinct 9-2,52,27,9133,0,-071.1355114,+42.3831785,largest_overlap,9011.458,9132.367,98.676,False
250173546011002,250173546011,CAM-09-02,Cambridge,9,2,Cambridge Precinct 9-2,0,0,73167,0,-071.1430218,+42.3908839,largest_overlap,72904.451,73162.361,99.647,False
250173546012000,250173546012,CAM-09-02,Cambridge,9,2,Cambridge Precinct 9-2,1421,801,406470,4512,-071.1519019,+42.3928191,largest_overlap,410935.749,410956.819,99.995,False
250173546012001,250173546012,CAM-09-02,Cambridge,9,2,Cambridge Precinct 9-2,45,24,9884,0,-071.1571003,+42.3936897,largest_overlap,9872.271,9883.199,99.889,False
250173546012002,250173546012,CAM-09-02,Cambridge,9,2,Cambridge Precinct 9-2,78,39,16229,0,-071.1572228,+42.3922291,largest_overlap,16188.096,16227.639,99.756,False
250173546012003,250173546012,CAM-09-02,Cambridge,9,2,Cambridge Precinct 9-2,0,0,88724,0,-071.1477487,+42.3916597,covered,88718.903,88718.903,100.0,False
250173546012004,250173546012,CAM-09-02,Cambridge,9,2,Cambridge Precinct 9-2,97,86,59118,0,-071.1492993,+42.3909869,covered,59114.624,59114.624,100.0,False
250173546023004,250173546023,CAM-09-02,Cambridge,9,2,Cambridge Precinct 9-2,48,18,11206,0,-071.1380235,+42.3863549,covered,11205.208,11205.208,100.0,False
250173546023005,250173546023,CAM-09-02,Cambridge,9,2,Cambridge Precinct 9-2,0,0,12487,0,-071.1387887,+42.3867540,covered,12486.655,12486.655,100.0,False
250173546023007,250173546023,CAM-09-02,Cambridge,9,2,Cambridge Precinct 9-2,89,57,11124,0,-071.1399207,+42.3869374,covered,11122.991,11122.991,100.0,False
250173546023011,250173546023,CAM-09-02,Cambridge,9,2,Cambridge Precinct 9-2,71,30,9671,0,-071.1357077,+42.3852735,largest_overlap,9583.214,9670.344,99.099,False
250173546023012,250173546023,CAM-09-02,Cambridge,9,2,Cambridge Precinct 9-2,66,32,8904,0,-071.1365167,+42.3855579,covered,8903.491,8903.491,100.0,False
250173546023013,250173546023,CAM-09-02,Cambridge,9,2,Cambridge Precinct 9-2,64,28,9664,0,-071.1372963,+42.3859191,covered,9663.111,9663.111,100.0,False
250173542001004,250173542001,CAM-09-03,Cambridge,9,3,Cambridge Precinct 9-3,150,73,30632,0,-071.1423438,+42.3789986,largest_overlap,30614.214,30630.086,99.948,False
250173542001005,250173542001,CAM-09-03,Cambridge,9,3,Cambridge Precinct 9-3,104,47,27069,0,-071.1434771,+42.3789051,covered,27067.155,27067.155,100.0,False
250173542001006,250173542001,CAM-09-03,Cambridge,9,3,Cambridge Precinct 9-3,25,14,12408,0,-071.1452898,+42.3791984,covered,12407.036,12407.036,100.0,False
250173542001007,250173542001,CAM-09-03,Cambridge,9,3,Cambridge Precinct 9-3,18,5,6633,0,-071.1454887,+42.3782993,covered,6632.524,6632.524,100.0,False
250173542001008,250173542001,CAM-09-03,Cambridge,9,3,Cambridge Precinct 9-3,198,92,49383,0,-071.1453513,+42.3766659,largest_overlap,49303.919,49379.868,99.846,False
250173542001009,250173542001,CAM-09-03,Cambridge,9,3,Cambridge Precinct 9-3,46,13,12258,0,-071.1450202,+42.3772668,covered,12256.771,12256.771,100.0,False
250173542001010,250173542001,CAM-09-03,Cambridge,9,3,Cambridge Precinct 9-3,32,13,20846,0,-071.1428152,+42.3766454,largest_overlap,20782.161,20844.894,99.699,False
250173542001011,250173542001,CAM-09-03,Cambridge,9,3,Cambridge Precinct 9-3,54,19,18700,0,-071.1440908,+42.3781131,covered,18699.019,18699.019,100.0,False
250173542001012,250173542001,CAM-09-03,Cambridge,9,3,Cambridge Precinct 9-3,12,4,4646,0,-071.1446361,+42.3776442,covered,4645.789,4645.789,100.0,False
250173542001013,250173542001,CAM-09-03,Cambridge,9,3,Cambridge Precinct 9-3,13,3,4528,0,-071.1436818,+42.3770115,covered,4527.6,4527.6,100.0,False
250173542001014,250173542001,CAM-09-03,Cambridge,9,3,Cambridge Precinct 9-3,40,11,12243,0,-071.1416330,+42.3766084,largest_overlap,12135.345,12242.719,99.123,False
250173542001015,250173542001,CAM-09-03,Cambridge,9,3,Cambridge Precinct 9-3,0,0,1172,0,-071.1447153,+42.3753041,largest_overlap,1020.468,1172.48,87.035,True
250173543001000,250173543001,CAM-09-03,Cambridge,9,3,Cambridge Precinct 9-3,586,303,48840,0,-071.1547354,+42.3797115,largest_overlap,48735.83,48837.344,99.792,False
250173543001001,250173543001,CAM-09-03,Cambridge,9,3,Cambridge Precinct 9-3,33,10,2422,0,-071.1553758,+42.3786950,largest_overlap,2404.481,2422.205,99.268,False
250173543001002,250173543001,CAM-09-03,Cambridge,9,3,Cambridge Precinct 9-3,157,92,18762,0,-071.1531281,+42.3796477,covered,18760.455,18760.455,100.0,False
250173543001003,250173543001,CAM-09-03,Cambridge,9,3,Cambridge Precinct 9-3,90,38,17230,0,-071.1530500,+42.3782610,covered,17229.381,17229.381,100.0,False
250173543001004,250173543001,CAM-09-03,Cambridge,9,3,Cambridge Precinct 9-3,76,26,10876,0,-071.1529400,+42.3774427,covered,10875.571,10875.571,100.0,False
250173543001005,250173543001,CAM-09-03,Cambridge,9,3,Cambridge Precinct 9-3,232,88,21540,0,-071.1544786,+42.3771848,largest_overlap,21495.831,21538.809,99.8,False
250173543001006,250173543001,CAM-09-03,Cambridge,9,3,Cambridge Precinct 9-3,170,71,18153,0,-071.1528871,+42.3767248,covered,18151.633,18151.633,100.0,False
250173543002007,250173543002,CAM-09-03,Cambridge,9,3,Cambridge Precinct 9-3,369,217,70257,0,-071.1477428,+42.3763367,covered,70252.206,70252.206,100.0,False
250173543002008,250173543002,CAM-09-03,Cambridge,9,3,Cambridge Precinct 9-3,7,1,7204,0,-071.1466064,+42.3770991,covered,7203.492,7203.492,100.0,False
250173543002009,250173543002,CAM-09-03,Cambridge,9,3,Cambridge Precinct 9-3,0,0,4532,0,-071.1481764,+42.3748543,largest_overlap,4071.28,4531.581,89.842,True
250173543003001,250173543003,CAM-09-03,Cambridge,9,3,Cambridge Precinct 9-3,116,56,18799,0,-071.1517669,+42.3789192,covered,18797.966,18797.966,100.0,False
250173543003002,250173543003,CAM-09-03,Cambridge,9,3,Cambridge Precinct 9-3,68,23,7472,0,-071.1511037,+42.3793624,covered,7471.383,7471.383,100.0,False
250173543003003,250173543003,CAM-09-03,Cambridge,9,3,Cambridge Precinct 9-3,0,0,1719,0,-071.1504209,+42.3790997,covered,1719.336,1719.336,100.0,False
250173543003004,250173543003,CAM-09-03,Cambridge,9,3,Cambridge Precinct 9-3,120,47,18489,0,-071.1496725,+42.3786005,covered,18488.263,18488.263,100.0,False
250173543003005,250173543003,CAM-09-03,Cambridge,9,3,Cambridge Precinct 9-3,92,43,26235,0,-071.1490702,+42.3767928,covered,26233.817,26233.817,100.0,False
250173543003006,250173543003,CAM-09-03,Cambridge,9,3,Cambridge Precinct 9-3,74,35,9861,0,-071.1498179,+42.3778711,covered,9860.561,9860.561,100.0,False
250173543003007,250173543003,CAM-09-03,Cambridge,9,3,Cambridge Precinct 9-3,0,0,3654,0,-071.1512420,+42.3747768,largest_overlap,3458.742,3653.623,94.666,True
250173543003008,250173543003,CAM-09-03,Cambridge,9,3,Cambridge Precinct 9-3,189,92,26739,0,-071.1526086,+42.3755568,largest_overlap,26656.671,26738.141,99.695,False
250173543003009,250173543003,CAM-09-03,Cambridge,9,3,Cambridge Precinct 9-3,195,98,34447,0,-071.1510739,+42.3767123,covered,34445.216,34445.216,100.0,False
250173543003010,250173543003,CAM-09-03,Cambridge,9,3,Cambridge Precinct 9-3,72,26,6651,0,-071.1498823,+42.3773074,covered,6650.338,6650.338,100.0,False
250173543003011,250173543003,CAM-09-03,Cambridge,9,3,Cambridge Precinct 9-3,66,26,7410,0,-071.1497847,+42.3766688,covered,7409.539,7409.539,100.0,False
250173543003012,250173543003,CAM-09-03,Cambridge,9,3,Cambridge Precinct 9-3,24,9,7199,0,-071.1506407,+42.3751047,covered,7198.466,7198.466,100.0,False
250173543003013,250173543003,CAM-09-03,Cambridge,9,3,Cambridge Precinct 9-3,0,0,643,0,-071.1500093,+42.3745010,largest_overlap,607.74,642.467,94.595,True
250173543003014,250173543003,CAM-09-03,Cambridge,9,3,Cambridge Precinct 9-3,66,32,7112,0,-071.1542005,+42.3756670,largest_overlap,7048.11,7112.246,99.098,False
250173703011000,250173703011,WAT-00-01,Watertown,,1,Watertown Precinct 1,36,10,150626,0,-071.1605025,+42.3658139,largest_overlap,150616.163,150616.564,100.0,False
250173703011001,250173703011,WAT-00-01,Watertown,,1,Watertown Precinct 1,26,6,4260,0,-071.1603515,+42.3664161,covered,4259.761,4259.761,100.0,False
250173703011003,250173703011,WAT-00-01,Watertown,,1,Watertown Precinct 1,12,4,12196,0,-071.1656502,+42.3650226,covered,12195.164,12195.164,100.0,False
250173703012000,250173703012,WAT-00-01,Watertown,,1,Watertown Precinct 1,117,59,20694,0,-071.1589551,+42.3691504,largest_overlap,20691.753,20692.991,99.994,False
250173703013000,250173703013,WAT-00-01,Watertown,,1,Watertown Precinct 1,540,241,679936,7106,-071.1515350,+42.3718808,largest_overlap,686921.987,686997.532,99.989,False
250173703013001,250173703013,WAT-00-01,Watertown,,1,Watertown Precinct 1,11,1,19420,0,-071.1509405,+42.3696611,covered,19418.582,19418.582,100.0,False
250173703013002,250173703013,WAT-00-01,Watertown,,1,Watertown Precinct 1,24,9,4212,0,-071.1508790,+42.3720753,covered,4212.056,4212.056,100.0,False
250173703013003,250173703013,WAT-00-01,Watertown,,1,Watertown Precinct 1,0,0,16793,0,-071.1550485,+42.3695803,covered,16791.606,16791.606,100.0,False
250173703013004,250173703013,WAT-00-01,Watertown,,1,Watertown Precinct 1,25,11,11945,0,-071.1554336,+42.3704128,covered,11943.996,11943.996,100.0,False
250173703013005,250173703013,WAT-00-01,Watertown,,1,Watertown Precinct 1,0,0,12785,0,-071.1568458,+42.3713783,covered,12784.135,12784.135,100.0,False
250173703013006,250173703013,WAT-00-01,Watertown,,1,Watertown Precinct 1,11,1,148063,0,-071.1454009,+42.3677345,largest_overlap,147720.442,148054.389,99.774,False
250173703013007,250173703013,WAT-00-01,Watertown,,1,Watertown Precinct 1,166,130,18264,0,-071.1454797,+42.3657539,covered,18262.671,18262.671,100.0,False
250173703013008,250173703013,WAT-00-01,Watertown,,1,Watertown Precinct 1,0,0,11035,0,-071.1581628,+42.3704230,covered,11034.745,11034.745,100.0,False
250173703013009,250173703013,WAT-00-01,Watertown,,1,Watertown Precinct 1,46,23,12216,0,-071.1568113,+42.3706371,covered,12215.11,12215.11,100.0,False
250173703013010,250173703013,WAT-00-01,Watertown,,1,Watertown Precinct 1,198,124,40290,0,-071.1566961,+42.3691071,covered,40287.424,40287.424,100.0,False
250173703013011,250173703013,WAT-00-01,Watertown,,1,Watertown Precinct 1,37,12,16051,0,-071.1580369,+42.3686556,covered,16049.94,16049.94,100.0,False
250173703021000,250173703021,WAT-00-01,Watertown,,1,Watertown Precinct 1,0,0,1654,384,-071.1487883,+42.3618611,largest_overlap,2032.27,2038.09,99.714,False
250173703021001,250173703021,WAT-00-01,Watertown,,1,Watertown Precinct 1,0,0,40703,0,-071.1514633,+42.3614335,covered,40700.481,40700.481,100.0,False
250173703021002,250173703021,WAT-00-01,Watertown,,1,Watertown Precinct 1,250,210,174695,0,-071.1587517,+42.3614372,covered,174683.692,174683.692,100.0,False
250173703021003,250173703021,WAT-00-01,Watertown,,1,Watertown Precinct 1,29,8,36490,0,-071.1560156,+42.3622223,covered,36487.41,36487.41,100.0,False
250173703021004,250173703021,WAT-00-01,Watertown,,1,Watertown Precinct 1,16,28,11433,0,-071.1589993,+42.3625034,covered,11432.307,11432.307,100.0,False
250173703021005,250173703021,WAT-00-01,Watertown,,1,Watertown Precinct 1,0,0,9927,0,-071.1600348,+42.3624807,covered,9926.002,9926.002,100.0,False
250173703021006,250173703021,WAT-00-01,Watertown,,1,Watertown Precinct 1,0,0,43154,0,-071.1663241,+42.3633461,covered,43151.38,43151.38,100.0,False
250173703021007,250173703021,WAT-00-01,Watertown,,1,Watertown Precinct 1,0,0,8470,0,-071.1636956,+42.3628782,covered,8469.938,8469.938,100.0,False
250173703021008,250173703021,WAT-00-01,Watertown,,1,Watertown Precinct 1,11,2,36803,0,-071.1697516,+42.3632491,largest_overlap,36537.465,36800.857,99.284,False
250173703021009,250173703021,WAT-00-01,Watertown,,1,Watertown Precinct 1,0,0,80110,0,-071.1647543,+42.3614776,largest_overlap,79973.572,80105.134,99.836,False
250173703021010,250173703021,WAT-00-01,Watertown,,1,Watertown Precinct 1,0,0,7533,0,-071.1636897,+42.3622986,covered,7532.531,7532.531,100.0,False
250173703021011,250173703021,WAT-00-01,Watertown,,1,Watertown Precinct 1,0,0,0,53852,-071.1548081,+42.3604362,largest_overlap,52804.275,53849.06,98.06,False
250173703022000,250173703022,WAT-00-01,Watertown,,1,Watertown Precinct 1,291,69,238513,4886,-071.1514459,+42.3663618,covered,243384.53,243384.53,100.0,False
250173703022001,250173703022,WAT-00-01,Watertown,,1,Watertown Precinct 1,140,59,10252,0,-071.1541345,+42.3655202,covered,10251.76,10251.76,100.0,False
250173703022002,250173703022,WAT-00-01,Watertown,,1,Watertown Precinct 1,115,56,18395,0,-071.1541267,+42.3681098,covered,18393.752,18393.752,100.0,False
250173703022003,250173703022,WAT-00-01,Watertown,,1,Watertown Precinct 1,157,66,24875,0,-071.1517993,+42.3683956,covered,24873.253,24873.253,100.0,False
250173703022004,250173703022,WAT-00-01,Watertown,,1,Watertown Precinct 1,56,18,41024,0,-071.1535539,+42.3692226,covered,41021.656,41021.656,100.0,False
250173703022005,250173703022,WAT-00-01,Watertown,,1,Watertown Precinct 1,58,23,99924,0,-071.1583527,+42.3645388,covered,99918.034,99918.034,100.0,False
250173703022006,250173703022,WAT-00-01,Watertown,,1,Watertown Precinct 1,0,0,8567,0,-071.1567879,+42.3656852,covered,8566.218,8566.218,100.0,False
250173703022007,250173703022,WAT-00-01,Watertown,,1,Watertown Precinct 1,40,30,52448,0,-071.1551682,+42.3641668,covered,52444.347,52444.347,100.0,False
250173703022008,250173703022,WAT-00-01,Watertown,,1,Watertown Precinct 1,0,0,20324,0,-071.1566613,+42.3634369,covered,20323.23,20323.23,100.0,False
250173703022009,250173703022,WAT-00-01,Watertown,,1,Watertown Precinct 1,0,0,27475,0,-071.1637244,+42.3638409,covered,27472.866,27472.866,100.0,False
250173703022010,250173703022,WAT-00-01,Watertown,,1,Watertown Precinct 1,409,283,106624,0,-071.1486363,+42.3638574,covered,106616.191,106616.191,100.0,False
250173703022011,250173703022,WAT-00-01,Watertown,,1,Watertown Precinct 1,0,0,6460,0,-071.1479618,+42.3628498,covered,6459.566,6459.566,100.0,False
250173703022012,250173703022,WAT-00-01,Watertown,,1,Watertown Precinct 1,0,0,25547,0,-071.1469872,+42.3631804,covered,25545.072,25545.072,100.0,False
250173703022013,250173703022,WAT-00-01,Watertown,,1,Watertown Precinct 1,0,0,0,23939,-071.1457289,+42.3637145,largest_overlap,23640.076,23937.11,98.759,False
250173703022014,250173703022,WAT-00-01,Watertown,,1,Watertown Precinct 1,0,0,26946,0,-071.1518806,+42.3629247,covered,26944.679,26944.679,100.0,False
250173704021010,250173704021,WAT-00-01,Watertown,,1,Watertown Precinct 1,0,0,0,41137,-071.1653353,+42.3598806,largest_overlap,40623.787,41134.639,98.758,False
250173704021011,250173704021,WAT-00-01,Watertown,,1,Watertown Precinct 1,0,0,29025,0,-071.1643129,+42.3599406,covered,29022.915,29022.915,100.0,False
250173703011002,250173703011,WAT-00-02,Watertown,,2,Watertown Precinct 2,78,28,12703,0,-071.1629618,+42.3658126,largest_overlap,12496.682,12702.236,98.382,False
250173703011004,250173703011,WAT-00-02,Watertown,,2,Watertown Precinct 2,207,82,19605,0,-071.1606515,+42.3670605,largest_overlap,19416.473,19603.692,99.045,False
250173703011005,250173703011,WAT-00-02,Watertown,,2,Watertown Precinct 2,46,17,4328,0,-071.1606010,+42.3681661,covered,4328.026,4328.026,100.0,False
250173703011006,250173703011,WAT-00-02,Watertown,,2,Watertown Precinct 2,127,62,15823,0,-071.1616220,+42.3672803,covered,15821.639,15821.639,100.0,False
250173703011007,250173703011,WAT-00-02,Watertown,,2,Watertown Precinct 2,35,14,5929,0,-071.1627373,+42.3663802,covered,5928.956,5928.956,100.0,False
250173703011008,250173703011,WAT-00-02,Watertown,,2,Watertown Precinct 2,74,42,10979,0,-071.1649756,+42.3658251,largest_overlap,10849.307,10978.684,98.822,False
250173703012001,250173703012,WAT-00-02,Watertown,,2,Watertown Precinct 2,102,56,23744,0,-071.1599850,+42.3693474,largest_overlap,23692.088,23742.469,99.788,False
250173703012002,250173703012,WAT-00-02,Watertown,,2,Watertown Precinct 2,82,39,8957,0,-071.1611238,+42.3700165,covered,8956.76,8956.76,100.0,False
250173703012003,250173703012,WAT-00-02,Watertown,,2,Watertown Precinct 2,94,40,17229,0,-071.1624325,+42.3698981,covered,17227.793,17227.793,100.0,False
250173703012004,250173703012,WAT-00-02,Watertown,,2,Watertown Precinct 2,52,28,19462,0,-071.1641774,+42.3702865,covered,19461.016,19461.016,100.0,False
250173703012005,250173703012,WAT-00-02,Watertown,,2,Watertown Precinct 2,175,86,27081,0,-071.1646208,+42.3689628,covered,27078.872,27078.872,100.0,False
250173703012006,250173703012,WAT-00-02,Watertown,,2,Watertown Precinct 2,139,67,20113,0,-071.1623747,+42.3686636,covered,20111.351,20111.351,100.0,False
250173703012007,250173703012,WAT-00-02,Watertown,,2,Watertown Precinct 2,79,35,10155,0,-071.1612854,+42.3691838,covered,10154.419,10154.419,100.0,False
250173703012008,250173703012,WAT-00-02,Watertown,,2,Watertown Precinct 2,129,65,18357,0,-071.1632107,+42.3681790,covered,18355.814,18355.814,100.0,False
250173703012009,250173703012,WAT-00-02,Watertown,,2,Watertown Precinct 2,101,52,16108,0,-071.1636686,+42.3675931,covered,16106.841,16106.841,100.0,False
250173703012010,250173703012,WAT-00-02,Watertown,,2,Watertown Precinct 2,28,20,7020,0,-071.1654767,+42.3671761,covered,7019.152,7019.152,100.0,False
250173703012011,250173703012,WAT-00-02,Watertown,,2,Watertown Precinct 2,41,21,7264,0,-071.1645279,+42.3671390,covered,7263.89,7263.89,100.0,False
250173703012012,250173703012,WAT-00-02,Watertown,,2,Watertown Precinct 2,121,61,19451,0,-071.1643194,+42.3665843,covered,19449.454,19449.454,100.0,False
250173704011000,250173704011,WAT-00-02,Watertown,,2,Watertown Precinct 2,134,68,25280,0,-071.1659668,+42.3691378,covered,25278.228,25278.228,100.0,False
250173704011001,250173704011,WAT-00-02,Watertown,,2,Watertown Precinct 2,80,33,10073,0,-071.1670557,+42.3695379,covered,10072.064,10072.064,100.0,False
250173704011002,250173704011,WAT-00-02,Watertown,,2,Watertown Precinct 2,86,64,50221,0,-071.1685795,+42.3690728,covered,50218.272,50218.272,100.0,False
250173704011003,250173704011,WAT-00-02,Watertown,,2,Watertown Precinct 2,318,169,62182,0,-071.1702008,+42.3671100,largest_overlap,62139.263,62177.931,99.938,False
250173704011004,250173704011,WAT-00-02,Watertown,,2,Watertown Precinct 2,128,62,16431,0,-071.1678089,+42.3674463,covered,16430.001,16430.001,100.0,False
250173704011005,250173704011,WAT-00-02,Watertown,,2,Watertown Precinct 2,116,48,16049,0,-071.1689905,+42.3679530,covered,16047.7,16047.7,100.0,False
250173704011008,250173704011,WAT-00-02,Watertown,,2,Watertown Precinct 2,238,122,45311,0,-071.1675088,+42.3659415,largest_overlap,44808.891,45308.588,98.897,False
250173704011010,250173704011,WAT-00-02,Watertown,,2,Watertown Precinct 2,70,36,12710,0,-071.1667365,+42.3671374,covered,12709.232,12709.232,100.0,False
250173702012000,250173702012,WAT-00-03,Watertown,,3,Watertown Precinct 3,58,23,7963,0,-071.1613182,+42.3761330,covered,7962.47,7962.47,100.0,False
250173702012001,250173702012,WAT-00-03,Watertown,,3,Watertown Precinct 3,173,98,22352,0,-071.1620354,+42.3751479,covered,22350.624,22350.624,100.0,False
250173702012002,250173702012,WAT-00-03,Watertown,,3,Watertown Precinct 3,181,87,23701,0,-071.1628523,+42.3752513,covered,23699.694,23699.694,100.0,False
250173702012003,250173702012,WAT-00-03,Watertown,,3,Watertown Precinct 3,139,65,24296,0,-071.1637348,+42.3754154,largest_overlap,24269.003,24294.204,99.896,False
250173702012004,250173702012,WAT-00-03,Watertown,,3,Watertown Precinct 3,125,57,25331,0,-071.1641640,+42.3723151,largest_overlap,25254.05,25329.697,99.701,False
250173702012005,250173702012,WAT-00-03,Watertown,,3,Watertown Precinct 3,92,31,23312,0,-071.1632723,+42.3722995,largest_overlap,23241.711,23310.17,99.706,False
250173702012006,250173702012,WAT-00-03,Watertown,,3,Watertown Precinct 3,86,38,22924,0,-071.1624274,+42.3721634,largest_overlap,22860.049,22922.824,99.726,False
250173702012007,250173702012,WAT-00-03,Watertown,,3,Watertown Precinct 3,53,20,6263,0,-071.1613652,+42.3730201,covered,6262.543,6262.543,100.0,False
250173702012008,250173702012,WAT-00-03,Watertown,,3,Watertown Precinct 3,195,95,30884,0,-071.1607776,+42.3744046,covered,30881.777,30881.777,100.0,False
250173702012009,250173702012,WAT-00-03,Watertown,,3,Watertown Precinct 3,76,38,13512,0,-071.1613770,+42.3708496,largest_overlap,13354.654,13511.052,98.842,False
250173702012010,250173702012,WAT-00-03,Watertown,,3,Watertown Precinct 3,79,41,15418,0,-071.1613987,+42.3718872,covered,15416.64,15416.64,100.0,False
250173702012011,250173702012,WAT-00-03,Watertown,,3,Watertown Precinct 3,21,9,5775,0,-071.1605801,+42.3726985,covered,5775.089,5775.089,100.0,False
250173702012012,250173702012,WAT-00-03,Watertown,,3,Watertown Precinct 3,92,44,18756,0,-071.1600825,+42.3713037,largest_overlap,18635.179,18755.167,99.36,False
250173703014000,250173703014,WAT-00-03,Watertown,,3,Watertown Precinct 3,65,27,14307,0,-071.1518398,+42.3743995,largest_overlap,14117.873,14306.07,98.684,False
250173703014001,250173703014,WAT-00-03,Watertown,,3,Watertown Precinct 3,108,39,11390,0,-071.1531788,+42.3742989,largest_overlap,11328.791,11389.662,99.466,False
250173703014002,250173703014,WAT-00-03,Watertown,,3,Watertown Precinct 3,110,44,12980,0,-071.1539962,+42.3741787,largest_overlap,12917.778,12979.403,99.525,False
250173703014003,250173703014,WAT-00-03,Watertown,,3,Watertown Precinct 3,130,58,16328,0,-071.1547885,+42.3740590,largest_overlap,16264.549,16327.02,99.617,False
250173703014004,250173703014,WAT-00-03,Watertown,,3,Watertown Precinct 3,137,70,19654,0,-071.1556131,+42.3740196,largest_overlap,19595.059,19652.81,99.706,False
250173703014005,250173703014,WAT-00-03,Watertown,,3,Watertown Precinct 3,114,48,18100,0,-071.1574615,+42.3752381,covered,18099.326,18099.326,100.0,False
250173703014006,250173703014,WAT-00-03,Watertown,,3,Watertown Precinct 3,91,45,11261,0,-071.1571461,+42.3744137,covered,11260.375,11260.375,100.0,False
250173703014007,250173703014,WAT-00-03,Watertown,,3,Watertown Precinct 3,97,57,30670,0,-071.1566930,+42.3732428,largest_overlap,30572.705,30668.378,99.688,False
250173703015000,250173703015,WAT-00-03,Watertown,,3,Watertown Precinct 3,140,76,20784,0,-071.1585113,+42.3743964,covered,20782.974,20782.974,100.0,False
250173703015001,250173703015,WAT-00-03,Watertown,,3,Watertown Precinct 3,101,43,19501,0,-071.1595012,+42.3755921,covered,19499.426,19499.426,100.0,False
250173703015002,250173703015,WAT-00-03,Watertown,,3,Watertown Precinct 3,52,27,9549,0,-071.1605125,+42.3758901,covered,9548.248,9548.248,100.0,False
250173703015003,250173703015,WAT-00-03,Watertown,,3,Watertown Precinct 3,76,34,10968,0,-071.1576761,+42.3725584,largest_overlap,10923.757,10967.403,99.602,False
250173703015004,250173703015,WAT-00-03,Watertown,,3,Watertown Precinct 3,62,41,10832,0,-071.1582622,+42.3722119,largest_overlap,10788.166,10831.595,99.599,False
250173703015005,250173703015,WAT-00-03,Watertown,,3,Watertown Precinct 3,50,27,10838,0,-071.1598293,+42.3731674,covered,10837.385,10837.385,100.0,False
250173703015006,250173703015,WAT-00-03,Watertown,,3,Watertown Precinct 3,53,29,9851,0,-071.1591984,+42.3738855,covered,9849.938,9849.938,100.0,False
250173703015007,250173703015,WAT-00-03,Watertown,,3,Watertown Precinct 3,111,56,15307,0,-071.1589306,+42.3719051,largest_overlap,15253.382,15305.719,99.658,False
250173703015008,250173703015,WAT-00-03,Watertown,,3,Watertown Precinct 3,75,41,9012,0,-071.1592697,+42.3712700,largest_overlap,8970.618,9011.934,99.542,False
250173702011000,250173702011,WAT-00-04,Watertown,,4,Watertown Precinct 4,144,79,22488,0,-071.1646001,+42.3753761,largest_overlap,22472.8,22486.12,99.941,False
250173702011001,250173702011,WAT-00-04,Watertown,,4,Watertown Precinct 4,128,69,18850,0,-071.1657412,+42.3758636,covered,18849.198,18849.198,100.0,False
250173702011002,250173702011,WAT-00-04,Watertown,,4,Watertown Precinct 4,532,256,502847,0,-071.1704396,+42.3751732,largest_overlap,502760.398,502816.503,99.989,False
250173702011003,250173702011,WAT-00-04,Watertown,,4,Watertown Precinct 4,31,11,7551,0,-071.1721444,+42.3782221,covered,7550.367,7550.367,100.0,False
250173702011004,250173702011,WAT-00-04,Watertown,,4,Watertown Precinct 4,39,11,5219,0,-071.1651333,+42.3727609,largest_overlap,5206.064,5218.351,99.765,False
250173702011005,250173702011,WAT-00-04,Watertown,,4,Watertown Precinct 4,89,44,10828,0,-071.1658010,+42.3743335,covered,10827.731,10827.731,100.0,False
250173702011006,250173702011,WAT-00-04,Watertown,,4,Watertown Precinct 4,79,50,8428,0,-071.1751105,+42.3789561,covered,8427.205,8427.205,100.0,False
250173702011007,250173702011,WAT-00-04,Watertown,,4,Watertown Precinct 4,126,63,47515,0,-071.1757205,+42.3750808,covered,47512.307,47512.307,100.0,False
250173702011008,250173702011,WAT-00-04,Watertown,,4,Watertown Precinct 4,29,10,5830,0,-071.1653059,+42.3750667,covered,5829.437,5829.437,100.0,False
250173702013000,250173702013,WAT-00-04,Watertown,,4,Watertown Precinct 4,67,34,21144,0,-071.1659486,+42.3708400,largest_overlap,20965.885,21142.248,99.166,False
250173702013001,250173702013,WAT-00-04,Watertown,,4,Watertown Precinct 4,84,36,26577,0,-071.1672704,+42.3710367,largest_overlap,26474.104,26575.086,99.62,False
250173702013002,250173702013,WAT-00-04,Watertown,,4,Watertown Precinct 4,62,32,11323,0,-071.1687305,+42.3707219,largest_overlap,11250.693,11322.301,99.368,False
250173702013003,250173702013,WAT-00-04,Watertown,,4,Watertown Precinct 4,84,34,12904,0,-071.1696321,+42.3708396,largest_overlap,12830.248,12902.739,99.438,False
250173702013004,250173702013,WAT-00-04,Watertown,,4,Watertown Precinct 4,86,35,21897,0,-071.1713464,+42.3707641,largest_overlap,21853.308,21895.483,99.807,False
250173702013005,250173702013,WAT-00-04,Watertown,,4,Watertown Precinct 4,30,11,16105,0,-071.1718175,+42.3717788,covered,16103.625,16103.625,100.0,False
250173702013006,250173702013,WAT-00-04,Watertown,,4,Watertown Precinct 4,26,11,16838,0,-071.1730670,+42.3728148,covered,16836.862,16836.862,100.0,False
250173702013007,250173702013,WAT-00-04,Watertown,,4,Watertown Precinct 4,62,17,22551,0,-071.1742236,+42.3729877,covered,22549.56,22549.56,100.0,False
250173702013008,250173702013,WAT-00-04,Watertown,,4,Watertown Precinct 4,106,48,45222,0,-071.1757792,+42.3720930,covered,45218.745,45218.745,100.0,False
250173702013009,250173702013,WAT-00-04,Watertown,,4,Watertown Precinct 4,56,31,25223,0,-071.1765739,+42.3731444,covered,25221.646,25221.646,100.0,False
250173702013010,250173702013,WAT-00-04,Watertown,,4,Watertown Precinct 4,90,32,24323,0,-071.1775859,+42.3733913,covered,24321.233,24321.233,100.0,False
250173702013011,250173702013,WAT-00-04,Watertown,,4,Watertown Precinct 4,40,20,18357,0,-071.1783116,+42.3713039,covered,18355.756,18355.756,100.0,False
250173702013012,250173702013,WAT-00-04,Watertown,,4,Watertown Precinct 4,60,22,17401,0,-071.1772637,+42.3710358,covered,17399.871,17399.871,100.0,False
250173702013013,250173702013,WAT-00-04,Watertown,,4,Watertown Precinct 4,47,22,35728,0,-071.1779249,+42.3694508,covered,35726.219,35726.219,100.0,False
250173702013014,250173702013,WAT-00-04,Watertown,,4,Watertown Precinct 4,25,10,6870,0,-071.1766070,+42.3696001,covered,6869.755,6869.755,100.0,False
250173702013015,250173702013,WAT-00-04,Watertown,,4,Watertown Precinct 4,193,93,60470,0,-071.1747981,+42.3703093,covered,60466.021,60466.021,100.0,False
250173702013016,250173702013,WAT-00-04,Watertown,,4,Watertown Precinct 4,26,10,6660,0,-071.1747152,+42.3691993,covered,6659.555,6659.555,100.0,False
250173702013017,250173702013,WAT-00-04,Watertown,,4,Watertown Precinct 4,57,24,28143,0,-071.1730234,+42.3707788,covered,28141.317,28141.317,100.0,False
250173702013018,250173702013,WAT-00-04,Watertown,,4,Watertown Precinct 4,26,12,6956,0,-071.1705000,+42.3704229,largest_overlap,6867.136,6955.396,98.731,False
250173702013019,250173702013,WAT-00-04,Watertown,,4,Watertown Precinct 4,4,1,5160,0,-071.1777588,+42.3684731,covered,5159.815,5159.815,100.0,False
250173702021013,250173702021,WAT-00-04,Watertown,,4,Watertown Precinct 4,37,21,23087,0,-071.1794267,+42.3689321,largest_overlap,23051.717,23086.056,99.851,False
250173702021014,250173702021,WAT-00-04,Watertown,,4,Watertown Precinct 4,102,55,14175,0,-071.1802078,+42.3682643,largest_overlap,14006.462,14174.538,98.814,False
250173704011006,250173704011,WAT-00-04,Watertown,,4,Watertown Precinct 4,81,37,22169,0,-071.1718184,+42.3686712,largest_overlap,22078.079,22167.871,99.595,False
250173704011007,250173704011,WAT-00-04,Watertown,,4,Watertown Precinct 4,74,31,20657,0,-071.1729913,+42.3685791,largest_overlap,20559.123,20655.89,99.532,False
250173704012000,250173704012,WAT-00-04,Watertown,,4,Watertown Precinct 4,91,30,18695,0,-071.1747337,+42.3682102,largest_overlap,18543.606,18693.44,99.198,False
250173704012001,250173704012,WAT-00-04,Watertown,,4,Watertown Precinct 4,84,43,13261,0,-071.1759884,+42.3677092,largest_overlap,13191.556,13260.066,99.483,False
250173704012002,250173704012,WAT-00-04,Watertown,,4,Watertown Precinct 4,49,22,12078,0,-071.1767789,+42.3675144,largest_overlap,12032.062,12077.414,99.624,False
250173704012003,250173704012,WAT-00-04,Watertown,,4,Watertown Precinct 4,99,40,16822,0,-071.1775294,+42.3672928,largest_overlap,16653.286,16821.123,99.002,False
250173704011009,250173704011,WAT-00-05,Watertown,,5,Watertown Precinct 5,146,60,18057,0,-071.1674943,+42.3651282,largest_overlap,18001.968,18056.366,99.699,False
250173704012004,250173704012,WAT-00-05,Watertown,,5,Watertown Precinct 5,55,30,10657,0,-071.1785100,+42.3672796,covered,10656.713,10656.713,100.0,False
250173704012005,250173704012,WAT-00-05,Watertown,,5,Watertown Precinct 5,74,18,11088,0,-071.1792222,+42.3669312,covered,11087.639,11087.639,100.0,False
250173704012006,250173704012,WAT-00-05,Watertown,,5,Watertown Precinct 5,269,122,31705,0,-071.1798566,+42.3659507,largest_overlap,31638.498,31703.069,99.796,False
250173704012009,250173704012,WAT-00-05,Watertown,,5,Watertown Precinct 5,75,38,16915,0,-071.1740519,+42.3674123,largest_overlap,16902.053,16914.058,99.929,False
250173704012010,250173704012,WAT-00-05,Watertown,,5,Watertown Precinct 5,221,103,71711,0,-071.1758853,+42.3661748,covered,71706.508,71706.508,100.0,False
250173704012011,250173704012,WAT-00-05,Watertown,,5,Watertown Precinct 5,950,595,138209,0,-071.1721630,+42.3651380,largest_overlap,137825.004,138200.051,99.729,False
250173704021001,250173704021,WAT-00-05,Watertown,,5,Watertown Precinct 5,113,38,14470,0,-071.1709273,+42.3619743,largest_overlap,14399.576,14468.748,99.522,False
250173704021002,250173704021,WAT-00-05,Watertown,,5,Watertown Precinct 5,216,77,190544,1912,-071.1764284,+42.3627382,largest_overlap,191972.56,192443.443,99.755,False
250173704021003,250173704021,WAT-00-05,Watertown,,5,Watertown Precinct 5,0,0,4075,0,-071.1796483,+42.3608568,largest_overlap,3946.535,4074.838,96.851,False
250173704021004,250173704021,WAT-00-05,Watertown,,5,Watertown Precinct 5,61,26,10125,0,-071.1700674,+42.3621021,largest_overlap,10052.856,10123.959,99.298,False
250173704021005,250173704021,WAT-00-05,Watertown,,5,Watertown Precinct 5,74,49,19217,0,-071.1718025,+42.3618757,largest_overlap,19145.723,19216.186,99.633,False
250173704021006,250173704021,WAT-00-05,Watertown,,5,Watertown Precinct 5,77,36,14422,0,-071.1726436,+42.3613087,largest_overlap,14350.447,14421.304,99.509,False
250173704021007,250173704021,WAT-00-05,Watertown,,5,Watertown Precinct 5,23,6,6634,0,-071.1691009,+42.3622407,largest_overlap,6517.891,6633.869,98.252,False
250173704021012,250173704021,WAT-00-05,Watertown,,5,Watertown Precinct 5,52,22,9409,0,-071.1728416,+42.3626760,covered,9408.16,9408.16,100.0,False
250173704022000,250173704022,WAT-00-05,Watertown,,5,Watertown Precinct 5,87,43,11773,0,-071.1724144,+42.3640297,largest_overlap,11767.246,11772.348,99.957,False
250173704022001,250173704022,WAT-00-05,Watertown,,5,Watertown Precinct 5,65,27,12522,0,-071.1741142,+42.3639709,covered,12520.75,12520.75,100.0,False
250173704022002,250173704022,WAT-00-05,Watertown,,5,Watertown Precinct 5,33,17,20974,0,-071.1770702,+42.3643722,covered,20972.324,20972.324,100.0,False
250173704022003,250173704022,WAT-00-05,Watertown,,5,Watertown Precinct 5,23,12,11976,0,-071.1801417,+42.3646917,largest_overlap,11869.431,11975.044,99.118,False
250173704022007,250173704022,WAT-00-05,Watertown,,5,Watertown Precinct 5,0,0,940,0,-071.1821074,+42.3648439,largest_overlap,805.4,939.937,85.687,True
250173704022011,250173704022,WAT-00-05,Watertown,,5,Watertown Precinct 5,34,23,10492,0,-071.1811085,+42.3622544,largest_overlap,10440.431,10491.366,99.515,False
250173704022012,250173704022,WAT-00-05,Watertown,,5,Watertown Precinct 5,82,38,16105,0,-071.1797407,+42.3635250,covered,16103.694,16103.694,100.0,False
250173704022013,250173704022,WAT-00-05,Watertown,,5,Watertown Precinct 5,31,11,8688,0,-071.1784627,+42.3637428,covered,8687.092,8687.092,100.0,False
250173704022014,250173704022,WAT-00-05,Watertown,,5,Watertown Precinct 5,18,1,2964,0,-071.1787087,+42.3632203,covered,2964.281,2964.281,100.0,False
250173704022015,250173704022,WAT-00-05,Watertown,,5,Watertown Precinct 5,39,15,8956,0,-071.1789395,+42.3627158,covered,8955.356,8955.356,100.0,False
250173704022016,250173704022,WAT-00-05,Watertown,,5,Watertown Precinct 5,60,31,11155,0,-071.1724021,+42.3634226,largest_overlap,11146.418,11154.257,99.93,False
250173704022017,250173704022,WAT-00-05,Watertown,,5,Watertown Precinct 5,42,25,10274,0,-071.1804676,+42.3619666,largest_overlap,10225.05,10273.848,99.525,False
250173704022018,250173704022,WAT-00-05,Watertown,,5,Watertown Precinct 5,31,15,8530,0,-071.1753699,+42.3639318,covered,8529.469,8529.469,100.0,False
250173701032011,250173701032,WAT-00-06,Watertown,,6,Watertown Precinct 6,112,84,10954,0,-071.1828901,+42.3664626,covered,10953.196,10953.196,100.0,False
250173701032012,250173701032,WAT-00-06,Watertown,,6,Watertown Precinct 6,222,103,31516,0,-071.1814301,+42.3673950,largest_overlap,31407.429,31513.564,99.663,False
250173701032014,250173701032,WAT-00-06,Watertown,,6,Watertown Precinct 6,12,3,7920,0,-071.1839629,+42.3657758,covered,7919.999,7919.999,100.0,False
250173701033011,250173701033,WAT-00-06,Watertown,,6,Watertown Precinct 6,0,0,5253,0,-071.1851166,+42.3653614,largest_overlap,5227.991,5252.276,99.538,False
250173704012007,250173704012,WAT-00-06,Watertown,,6,Watertown Precinct 6,49,28,24393,0,-071.1814519,+42.3656750,largest_overlap,24343.201,24391.872,99.8,False
250173704012008,250173704012,WAT-00-06,Watertown,,6,Watertown Precinct 6,44,14,9681,0,-071.1831243,+42.3654577,covered,9680.816,9680.816,100.0,False
250173704021000,250173704021,WAT-00-06,Watertown,,6,Watertown Precinct 6,0,0,86266,0,-071.1687626,+42.3617918,largest_overlap,86239.541,86260.851,99.975,False
250173704021008,250173704021,WAT-00-06,Watertown,,6,Watertown Precinct 6,0,0,0,56646,-071.1750153,+42.3596111,largest_overlap,55999.772,56641.996,98.866,False
250173704021009,250173704021,WAT-00-06,Watertown,,6,Watertown Precinct 6,0,0,0,40048,-071.1697635,+42.3603844,largest_overlap,39636.548,40045.267,98.979,False
250173704022004,250173704022,WAT-00-06,Watertown,,6,Watertown Precinct 6,0,0,1008,0,-071.1819449,+42.3650186,largest_overlap,886.888,1008.374,87.952,True
250173704022005,250173704022,WAT-00-06,Watertown,,6,Watertown Precinct 6,0,0,1626,0,-071.1832890,+42.3650770,largest_overlap,1583.052,1626.164,97.349,False
250173704022006,250173704022,WAT-00-06,Watertown,,6,Watertown Precinct 6,84,48,27140,0,-071.1811678,+42.3639397,largest_overlap,27036.357,27138.778,99.623,False
250173704022008,250173704022,WAT-00-06,Watertown,,6,Watertown Precinct 6,190,105,14697,0,-071.1829043,+42.3644467,covered,14695.971,14695.971,100.0,False
250173704022009,250173704022,WAT-00-06,Watertown,,6,Watertown Precinct 6,0,0,8195,0,-071.1833146,+42.3638153,covered,8194.106,8194.106,100.0,False
250173704022010,250173704022,WAT-00-06,Watertown,,6,Watertown Precinct 6,85,40,17379,0,-071.1820276,+42.3628714,largest_overlap,17300.463,17377.944,99.554,False
250173704031000,250173704031,WAT-00-06,Watertown,,6,Watertown Precinct 6,0,0,0,9734,-071.1834515,+42.3622083,largest_overlap,9729.268,9733.536,99.956,False
250173704031001,250173704031,WAT-00-06,Watertown,,6,Watertown Precinct 6,0,0,13689,0,-071.1835708,+42.3620248,largest_overlap,13671.175,13688.337,99.875,False
250173704031002,250173704031,WAT-00-06,Watertown,,6,Watertown Precinct 6,0,0,18384,0,-071.1847469,+42.3633210,covered,18383.098,18383.098,100.0,False
250173704031003,250173704031,WAT-00-06,Watertown,,6,Watertown Precinct 6,349,227,28039,0,-071.1873832,+42.3638633,covered,28037.061,28037.061,100.0,False
250173704031004,250173704031,WAT-00-06,Watertown,,6,Watertown Precinct 6,0,0,31633,0,-071.1851461,+42.3623647,covered,31631.458,31631.458,100.0,False
250173704031005,250173704031,WAT-00-06,Watertown,,6,Watertown Precinct 6,52,18,18361,0,-071.1839293,+42.3608152,largest_overlap,18331.15,18359.519,99.845,False
250173704031006,250173704031,WAT-00-06,Watertown,,6,Watertown Precinct 6,61,17,10989,0,-071.1845593,+42.3604591,covered,10988.032,10988.032,100.0,False
250173704031007,250173704031,WAT-00-06,Watertown,,6,Watertown Precinct 6,255,166,16144,0,-071.1841895,+42.3597386,largest_overlap,16093.717,16142.825,99.696,False
250173704031008,250173704031,WAT-00-06,Watertown,,6,Watertown Precinct 6,27,12,5808,0,-071.1842045,+42.3591665,largest_overlap,5652.045,5807.861,97.317,False
250173704032000,250173704032,WAT-00-06,Watertown,,6,Watertown Precinct 6,0,0,0,11068,-071.1889115,+42.3650735,covered,11067.252,11067.252,100.0,False
250173704032001,250173704032,WAT-00-06,Watertown,,6,Watertown Precinct 6,11,1,29529,0,-071.1898271,+42.3647717,covered,29527.541,29527.541,100.0,False
250173704032002,250173704032,WAT-00-06,Watertown,,6,Watertown Precinct 6,102,51,60611,0,-071.1930442,+42.3632815,covered,60607.746,60607.746,100.0,False
250173704032003,250173704032,WAT-00-06,Watertown,,6,Watertown Precinct 6,84,44,26256,0,-071.1897977,+42.3640945,covered,26254.326,26254.326,100.0,False
250173704032004,250173704032,WAT-00-06,Watertown,,6,Watertown Precinct 6,215,98,60165,0,-071.1895688,+42.3627299,covered,60161.003,60161.003,100.0,False
250173704032005,250173704032,WAT-00-06,Watertown,,6,Watertown Precinct 6,31,10,4360,0,-071.1921379,+42.3621518,covered,4360.079,4360.079,100.0,False
250173704032006,250173704032,WAT-00-06,Watertown,,6,Watertown Precinct 6,48,24,8462,0,-071.1927904,+42.3618365,covered,8461.61,8461.61,100.0,False
250173704032007,250173704032,WAT-00-06,Watertown,,6,Watertown Precinct 6,41,14,5552,0,-071.1934375,+42.3615578,largest_overlap,5514.866,5551.754,99.336,False
250173704032008,250173704032,WAT-00-06,Watertown,,6,Watertown Precinct 6,30,11,4577,0,-071.1941229,+42.3615645,largest_overlap,4507.256,4576.353,98.49,False
250173704032009,250173704032,WAT-00-06,Watertown,,6,Watertown Precinct 6,20,4,2573,0,-071.1949822,+42.3616330,largest_overlap,2467.013,2572.767,95.889,False
250173704032010,250173704032,WAT-00-06,Watertown,,6,Watertown Precinct 6,43,20,9207,0,-071.1953464,+42.3621388,largest_overlap,9168.147,9206.497,99.583,False
250173704032011,250173704032,WAT-00-06,Watertown,,6,Watertown Precinct 6,133,49,21532,0,-071.1876350,+42.3618481,covered,21530.508,21530.508,100.0,False
250173704032012,250173704032,WAT-00-06,Watertown,,6,Watertown Precinct 6,138,54,16347,0,-071.1873584,+42.3624184,covered,16345.608,16345.608,100.0,False
250173704032013,250173704032,WAT-00-06,Watertown,,6,Watertown Precinct 6,152,74,30483,0,-071.1878343,+42.3611941,covered,30480.75,30480.75,100.0,False
250173704032014,250173704032,WAT-00-06,Watertown,,6,Watertown Precinct 6,36,19,23283,0,-071.1913130,+42.3611264,largest_overlap,23058.722,23281.52,99.043,False
250173704032015,250173704032,WAT-00-06,Watertown,,6,Watertown Precinct 6,76,29,14880,0,-071.1891092,+42.3605375,largest_overlap,14734.21,14879.457,99.024,False
250173704032016,250173704032,WAT-00-06,Watertown,,6,Watertown Precinct 6,13,9,2178,0,-071.1880403,+42.3601515,largest_overlap,2137.482,2178.062,98.137,False
250173704032017,250173704032,WAT-00-06,Watertown,,6,Watertown Precinct 6,113,75,19311,0,-071.1866715,+42.3602848,largest_overlap,19266.599,19309.905,99.776,False
250173704032018,250173704032,WAT-00-06,Watertown,,6,Watertown Precinct 6,16,4,1747,0,-071.1868898,+42.3597250,largest_overlap,1689.526,1746.598,96.732,False
250173704032019,250173704032,WAT-00-06,Watertown,,6,Watertown Precinct 6,24,11,6312,0,-071.1858696,+42.3596206,largest_overlap,6207.82,6311.292,98.361,False
250173701012003,250173701012,WAT-00-07,Watertown,,7,Watertown Precinct 7,17,6,6308,0,-071.1897580,+42.3785473,largest_overlap,6259.986,6307.75,99.243,False
250173701012004,250173701012,WAT-00-07,Watertown,,7,Watertown Precinct 7,37,9,6528,0,-071.1891101,+42.3779355,covered,6527.854,6527.854,100.0,False
250173701012005,250173701012,WAT-00-07,Watertown,,7,Watertown Precinct 7,45,21,10109,0,-071.1895968,+42.3769878,largest_overlap,10043.117,10108.847,99.35,False
250173701012006,250173701012,WAT-00-07,Watertown,,7,Watertown Precinct 7,40,15,6575,0,-071.1888658,+42.3765880,largest_overlap,6491.473,6574.421,98.738,False
250173701012007,250173701012,WAT-00-07,Watertown,,7,Watertown Precinct 7,0,0,5626,0,-071.1884916,+42.3773095,covered,5625.997,5625.997,100.0,False
250173702021000,250173702021,WAT-00-07,Watertown,,7,Watertown Precinct 7,72,43,13955,0,-071.1808302,+42.3749944,largest_overlap,13896.844,13953.68,99.593,False
250173702021001,250173702021,WAT-00-07,Watertown,,7,Watertown Precinct 7,80,33,14350,0,-071.1800819,+42.3745425,largest_overlap,14294.707,14349.05,99.621,False
250173702021002,250173702021,WAT-00-07,Watertown,,7,Watertown Precinct 7,39,22,15225,0,-071.1793152,+42.3741276,largest_overlap,15168.111,15223.738,99.635,False
250173702021003,250173702021,WAT-00-07,Watertown,,7,Watertown Precinct 7,73,25,19975,0,-071.1784979,+42.3737459,largest_overlap,19829.772,19973.479,99.281,False
250173702022000,250173702022,WAT-00-07,Watertown,,7,Watertown Precinct 7,73,42,13930,0,-071.1836839,+42.3795591,covered,13930.16,13930.16,100.0,False
250173702022001,250173702022,WAT-00-07,Watertown,,7,Watertown Precinct 7,107,53,21511,0,-071.1848956,+42.3796866,covered,21509.991,21509.991,100.0,False
250173702022002,250173702022,WAT-00-07,Watertown,,7,Watertown Precinct 7,101,38,16877,0,-071.1864509,+42.3797948,covered,16875.614,16875.614,100.0,False
250173702022003,250173702022,WAT-00-07,Watertown,,7,Watertown Precinct 7,49,28,15008,0,-071.1880254,+42.3799982,covered,15007.72,15007.72,100.0,False
250173702022004,250173702022,WAT-00-07,Watertown,,7,Watertown Precinct 7,49,25,12559,0,-071.1894736,+42.3801839,largest_overlap,12558.507,12558.589,99.999,False
250173702022005,250173702022,WAT-00-07,Watertown,,7,Watertown Precinct 7,22,11,7831,0,-071.1895959,+42.3793687,largest_overlap,7785.798,7830.8,99.425,False
250173702022006,250173702022,WAT-00-07,Watertown,,7,Watertown Precinct 7,57,26,9454,0,-071.1882875,+42.3791671,covered,9453.359,9453.359,100.0,False
250173702022007,250173702022,WAT-00-07,Watertown,,7,Watertown Precinct 7,51,21,9514,0,-071.1867651,+42.3789028,covered,9513.339,9513.339,100.0,False
250173702022008,250173702022,WAT-00-07,Watertown,,7,Watertown Precinct 7,70,39,18864,0,-071.1853469,+42.3783081,covered,18862.392,18862.392,100.0,False
250173702022009,250173702022,WAT-00-07,Watertown,,7,Watertown Precinct 7,55,29,10658,0,-071.1841518,+42.3781131,covered,10657.108,10657.108,100.0,False
250173702022010,250173702022,WAT-00-07,Watertown,,7,Watertown Precinct 7,40,21,9839,0,-071.1845253,+42.3768785,largest_overlap,9776.458,9838.225,99.372,False
250173702022011,250173702022,WAT-00-07,Watertown,,7,Watertown Precinct 7,75,28,15572,0,-071.1857010,+42.3771278,largest_overlap,15570.557,15570.821,99.998,False
250173702022012,250173702022,WAT-00-07,Watertown,,7,Watertown Precinct 7,95,29,13682,0,-071.1871703,+42.3774436,covered,13680.998,13680.998,100.0,False
250173702022013,250173702022,WAT-00-07,Watertown,,7,Watertown Precinct 7,45,16,3436,0,-071.1882313,+42.3778780,covered,3435.383,3435.383,100.0,False
250173702022014,250173702022,WAT-00-07,Watertown,,7,Watertown Precinct 7,53,30,8907,0,-071.1884382,+42.3785251,covered,8906.463,8906.463,100.0,False
250173702022015,250173702022,WAT-00-07,Watertown,,7,Watertown Precinct 7,45,19,9675,0,-071.1869643,+42.3782522,covered,9674.839,9674.839,100.0,False
250173702023001,250173702023,WAT-00-07,Watertown,,7,Watertown Precinct 7,80,36,20730,0,-071.1868032,+42.3764637,largest_overlap,20469.031,20728.981,98.746,False
250173702024000,250173702024,WAT-00-07,Watertown,,7,Watertown Precinct 7,52,23,18031,0,-071.1764587,+42.3783815,largest_overlap,17932.807,18029.771,99.462,False
250173702024001,250173702024,WAT-00-07,Watertown,,7,Watertown Precinct 7,49,22,15949,0,-071.1772338,+42.3785407,covered,15948.148,15948.148,100.0,False
250173702024002,250173702024,WAT-00-07,Watertown,,7,Watertown Precinct 7,68,24,14857,0,-071.1779543,+42.3786745,covered,14855.905,14855.905,100.0,False
250173702024003,250173702024,WAT-00-07,Watertown,,7,Watertown Precinct 7,88,40,17294,0,-071.1786995,+42.3788350,covered,17292.932,17292.932,100.0,False
250173702024004,250173702024,WAT-00-07,Watertown,,7,Watertown Precinct 7,132,68,22109,0,-071.1795799,+42.3787122,covered,22107.257,22107.257,100.0,False
250173702024005,250173702024,WAT-00-07,Watertown,,7,Watertown Precinct 7,103,48,17370,0,-071.1803097,+42.3791179,covered,17369.05,17369.05,100.0,False
250173702024006,250173702024,WAT-00-07,Watertown,,7,Watertown Precinct 7,89,43,14121,0,-071.1810747,+42.3793215,covered,14120.336,14120.336,100.0,False
250173702024007,250173702024,WAT-00-07,Watertown,,7,Watertown Precinct 7,52,34,11987,0,-071.1818528,+42.3795665,covered,11985.811,11985.811,100.0,False
250173702024008,250173702024,WAT-00-07,Watertown,,7,Watertown Precinct 7,92,44,30031,0,-071.1829417,+42.3786156,covered,30029.205,30029.205,100.0,False
250173702024009,250173702024,WAT-00-07,Watertown,,7,Watertown Precinct 7,154,79,31437,0,-071.1809249,+42.3773876,covered,31434.572,31434.572,100.0,False
250173702024010,250173702024,WAT-00-07,Watertown,,7,Watertown Precinct 7,47,23,10509,0,-071.1814726,+42.3764402,covered,10508.632,10508.632,100.0,False
250173702024011,250173702024,WAT-00-07,Watertown,,7,Watertown Precinct 7,54,20,12425,0,-071.1816903,+42.3772482,covered,12424.07,12424.07,100.0,False
250173702024012,250173702024,WAT-00-07,Watertown,,7,Watertown Precinct 7,87,42,19626,0,-071.1792648,+42.3765492,covered,19625.154,19625.154,100.0,False
250173702024013,250173702024,WAT-00-07,Watertown,,7,Watertown Precinct 7,91,30,21124,0,-071.1784505,+42.3762767,covered,21123.158,21123.158,100.0,False
250173702024014,250173702024,WAT-00-07,Watertown,,7,Watertown Precinct 7,75,28,23145,0,-071.1775496,+42.3760819,largest_overlap,23039.875,23143.256,99.553,False
250173702024015,250173702024,WAT-00-07,Watertown,,7,Watertown Precinct 7,0,0,19940,0,-071.1833904,+42.3765288,largest_overlap,19835.623,19938.612,99.483,False
250173702024016,250173702024,WAT-00-07,Watertown,,7,Watertown Precinct 7,75,30,11869,0,-071.1823973,+42.3758708,largest_overlap,11813.304,11868.3,99.537,False
250173702024017,250173702024,WAT-00-07,Watertown,,7,Watertown Precinct 7,78,33,10613,0,-071.1816158,+42.3753007,largest_overlap,10558.83,10612.351,99.496,False
250173701012002,250173701012,WAT-00-08,Watertown,,8,Watertown Precinct 8,123,51,27911,0,-071.1908693,+42.3765884,largest_overlap,27847.44,27909.013,99.779,False
250173701012008,250173701012,WAT-00-08,Watertown,,8,Watertown Precinct 8,73,25,11310,0,-071.1920963,+42.3744277,covered,11309.276,11309.276,100.0,False
250173701012009,250173701012,WAT-00-08,Watertown,,8,Watertown Precinct 8,60,29,10503,0,-071.1929692,+42.3747413,covered,10502.125,10502.125,100.0,False
250173701012010,250173701012,WAT-00-08,Watertown,,8,Watertown Precinct 8,80,46,14309,0,-071.1934944,+42.3733345,covered,14308.213,14308.213,100.0,False
250173701012011,250173701012,WAT-00-08,Watertown,,8,Watertown Precinct 8,89,37,13691,0,-071.1926529,+42.3730335,covered,13690.417,13690.417,100.0,False
250173701012012,250173701012,WAT-00-08,Watertown,,8,Watertown Precinct 8,25,10,25479,0,-071.1914499,+42.3726211,largest_overlap,25417.369,25477.196,99.765,False
250173701012013,250173701012,WAT-00-08,Watertown,,8,Watertown Precinct 8,75,25,11039,0,-071.1912109,+42.3741785,covered,11037.905,11037.905,100.0,False
250173701012014,250173701012,WAT-00-08,Watertown,,8,Watertown Precinct 8,39,15,7441,0,-071.1901131,+42.3741726,largest_overlap,7440.324,7440.72,99.995,False
250173701012015,250173701012,WAT-00-08,Watertown,,8,Watertown Precinct 8,38,16,6035,0,-071.1904193,+42.3735500,largest_overlap,5990.354,6034.241,99.273,False
250173701031000,250173701031,WAT-00-08,Watertown,,8,Watertown Precinct 8,75,27,10648,0,-071.1890199,+42.3738596,largest_overlap,10588.017,10647.249,99.444,False
250173701031005,250173701031,WAT-00-08,Watertown,,8,Watertown Precinct 8,239,116,56352,0,-071.1871675,+42.3719786,largest_overlap,56098.688,56348.902,99.556,False
250173701031008,250173701031,WAT-00-08,Watertown,,8,Watertown Precinct 8,79,41,14978,0,-071.1862027,+42.3697365,largest_overlap,14854.967,14977.281,99.183,False
250173701032000,250173701032,WAT-00-08,Watertown,,8,Watertown Precinct 8,122,50,23263,0,-071.1845608,+42.3700608,covered,23261.882,23261.882,100.0,False
250173701032001,250173701032,WAT-00-08,Watertown,,8,Watertown Precinct 8,55,23,6724,0,-071.1850452,+42.3690090,largest_overlap,6671.811,6723.707,99.228,False
250173701032002,250173701032,WAT-00-08,Watertown,,8,Watertown Precinct 8,65,27,10932,0,-071.1834333,+42.3693184,largest_overlap,10848.653,10931.057,99.246,False
250173701032005,250173701032,WAT-00-08,Watertown,,8,Watertown Precinct 8,45,17,7987,0,-071.1842971,+42.3685431,largest_overlap,7865.247,7986.61,98.48,False
250173701042000,250173701042,WAT-00-08,Watertown,,8,Watertown Precinct 8,56,21,39834,0,-071.1922437,+42.3709052,largest_overlap,39593.018,39831.435,99.401,False
250173701042001,250173701042,WAT-00-08,Watertown,,8,Watertown Precinct 8,86,38,17678,0,-071.1936613,+42.3713127,largest_overlap,17610.053,17677.113,99.621,False
250173701042002,250173701042,WAT-00-08,Watertown,,8,Watertown Precinct 8,84,39,16501,0,-071.1944461,+42.3717038,largest_overlap,16449.533,16499.565,99.697,False
250173702021004,250173702021,WAT-00-08,Watertown,,8,Watertown Precinct 8,37,14,8619,0,-071.1791501,+42.3719074,largest_overlap,8576.819,8618.371,99.518,False
250173702021005,250173702021,WAT-00-08,Watertown,,8,Watertown Precinct 8,72,39,49022,0,-071.1808701,+42.3728047,covered,49019.16,49019.16,100.0,False
250173702021006,250173702021,WAT-00-08,Watertown,,8,Watertown Precinct 8,28,9,4789,0,-071.1800511,+42.3722474,covered,4789.127,4789.127,100.0,False
250173702021007,250173702021,WAT-00-08,Watertown,,8,Watertown Precinct 8,33,16,11559,0,-071.1814228,+42.3713132,covered,11558.504,11558.504,100.0,False
250173702021008,250173702021,WAT-00-08,Watertown,,8,Watertown Precinct 8,58,21,16077,0,-071.1824304,+42.3711284,covered,16075.904,16075.904,100.0,False
250173702021009,250173702021,WAT-00-08,Watertown,,8,Watertown Precinct 8,66,31,14328,0,-071.1815771,+42.3694226,largest_overlap,14176.964,14327.4,98.95,False
250173702021010,250173702021,WAT-00-08,Watertown,,8,Watertown Precinct 8,65,20,13842,0,-071.1807352,+42.3700002,largest_overlap,13767.985,13840.948,99.473,False
250173702021011,250173702021,WAT-00-08,Watertown,,8,Watertown Precinct 8,65,28,16352,0,-071.1799073,+42.3709006,largest_overlap,16293.005,16350.937,99.646,False
250173702021012,250173702021,WAT-00-08,Watertown,,8,Watertown Precinct 8,24,8,3244,0,-071.1794699,+42.3707044,largest_overlap,3223.021,3244.112,99.35,False
250173702021015,250173702021,WAT-00-08,Watertown,,8,Watertown Precinct 8,42,15,8277,0,-071.1825639,+42.3701243,largest_overlap,8276.124,8276.558,99.995,False
250173702023000,250173702023,WAT-00-08,Watertown,,8,Watertown Precinct 8,65,29,10661,0,-071.1844853,+42.3758288,covered,10660.64,10660.64,100.0,False
250173702023002,250173702023,WAT-00-08,Watertown,,8,Watertown Precinct 8,35,16,5411,0,-071.1881279,+42.3760642,covered,5410.602,5410.602,100.0,False
250173702023003,250173702023,WAT-00-08,Watertown,,8,Watertown Precinct 8,72,27,13306,0,-071.1866145,+42.3756980,covered,13304.72,13304.72,100.0,False
250173702023004,250173702023,WAT-00-08,Watertown,,8,Watertown Precinct 8,50,23,8680,0,-071.1849043,+42.3752376,covered,8679.779,8679.779,100.0,False
250173702023005,250173702023,WAT-00-08,Watertown,,8,Watertown Precinct 8,239,113,150598,0,-071.1840654,+42.3732161,covered,150588.57,150588.57,100.0,False
250173702023006,250173702023,WAT-00-08,Watertown,,8,Watertown Precinct 8,45,13,9715,0,-071.1859054,+42.3732136,covered,9714.531,9714.531,100.0,False
250173702023007,250173702023,WAT-00-08,Watertown,,8,Watertown Precinct 8,44,22,10108,0,-071.1871255,+42.3751769,covered,10107.766,10107.766,100.0,False
250173702023008,250173702023,WAT-00-08,Watertown,,8,Watertown Precinct 8,51,22,11232,0,-071.1885405,+42.3751098,covered,11231.427,11231.427,100.0,False
250173702023009,250173702023,WAT-00-08,Watertown,,8,Watertown Precinct 8,58,25,10156,0,-071.1892878,+42.3756056,covered,10155.766,10155.766,100.0,False
250173702023010,250173702023,WAT-00-08,Watertown,,8,Watertown Precinct 8,59,24,10966,0,-071.1902246,+42.3758337,covered,10965.701,10965.701,100.0,False
250173702023011,250173702023,WAT-00-08,Watertown,,8,Watertown Precinct 8,55,23,13757,0,-071.1903127,+42.3749256,covered,13755.733,13755.733,100.0,False
250173702023012,250173702023,WAT-00-08,Watertown,,8,Watertown Precinct 8,18,9,5614,0,-071.1870022,+42.3740138,covered,5613.875,5613.875,100.0,False
250173702023013,250173702023,WAT-00-08,Watertown,,8,Watertown Precinct 8,30,13,8108,0,-071.1879291,+42.3744917,covered,8107.351,8107.351,100.0,False
250173702023014,250173702023,WAT-00-08,Watertown,,8,Watertown Precinct 8,35,15,6815,0,-071.1875993,+42.3737012,covered,6814.74,6814.74,100.0,False
250173702023015,250173702023,WAT-00-08,Watertown,,8,Watertown Precinct 8,20,15,8336,0,-071.1866924,+42.3729289,covered,8335.978,8335.978,100.0,False
250173701031001,250173701031,WAT-00-09,Watertown,,9,Watertown Precinct 9,70,51,8593,0,-071.1896572,+42.3730439,largest_overlap,8547.84,8592.071,99.485,False
250173701031002,250173701031,WAT-00-09,Watertown,,9,Watertown Precinct 9,19,7,1437,0,-071.1904133,+42.3726251,covered,1437.119,1437.119,100.0,False
250173701031003,250173701031,WAT-00-09,Watertown,,9,Watertown Precinct 9,256,182,13452,0,-071.1901893,+42.3719405,covered,13451.58,13451.58,100.0,False
250173701031004,250173701031,WAT-00-09,Watertown,,9,Watertown Precinct 9,46,20,11268,0,-071.1891725,+42.3716174,covered,11266.83,11266.83,100.0,False
250173701031006,250173701031,WAT-00-09,Watertown,,9,Watertown Precinct 9,46,26,10477,0,-071.1870821,+42.3712320,largest_overlap,10434.242,10475.884,99.603,False
250173701031007,250173701031,WAT-00-09,Watertown,,9,Watertown Precinct 9,93,38,15164,0,-071.1878465,+42.3708097,largest_overlap,15105.837,15162.736,99.625,False
250173701031009,250173701031,WAT-00-09,Watertown,,9,Watertown Precinct 9,58,26,39530,0,-071.1874329,+42.3686781,covered,39527.811,39527.811,100.0,False
250173701031010,250173701031,WAT-00-09,Watertown,,9,Watertown Precinct 9,769,441,57969,0,-071.1894702,+42.3700567,covered,57965.279,57965.279,100.0,False
250173701032003,250173701032,WAT-00-09,Watertown,,9,Watertown Precinct 9,90,43,17538,0,-071.1823872,+42.3686401,largest_overlap,17461.68,17536.904,99.571,False
250173701032004,250173701032,WAT-00-09,Watertown,,9,Watertown Precinct 9,112,50,14268,0,-071.1832205,+42.3678724,largest_overlap,14197.262,14267.157,99.51,False
250173701032006,250173701032,WAT-00-09,Watertown,,9,Watertown Precinct 9,175,91,16897,0,-071.1854076,+42.3680825,covered,16896.138,16896.138,100.0,False
250173701032007,250173701032,WAT-00-09,Watertown,,9,Watertown Precinct 9,0,0,11783,0,-071.1865831,+42.3675270,covered,11782.551,11782.551,100.0,False
250173701032008,250173701032,WAT-00-09,Watertown,,9,Watertown Precinct 9,0,0,7581,0,-071.1858583,+42.3670157,covered,7580.423,7580.423,100.0,False
250173701032009,250173701032,WAT-00-09,Watertown,,9,Watertown Precinct 9,0,0,7834,0,-071.1845271,+42.3666599,largest_overlap,7789.732,7833.525,99.441,False
250173701032010,250173701032,WAT-00-09,Watertown,,9,Watertown Precinct 9,21,6,13952,0,-071.1840628,+42.3672342,largest_overlap,13900.699,13950.765,99.641,False
250173701032013,250173701032,WAT-00-09,Watertown,,9,Watertown Precinct 9,0,0,10958,0,-071.1850645,+42.3661972,largest_overlap,10867.545,10957.686,99.177,False
250173701033000,250173701033,WAT-00-09,Watertown,,9,Watertown Precinct 9,22,12,6003,0,-071.1911589,+42.3695022,covered,6002.582,6002.582,100.0,False
250173701033001,250173701033,WAT-00-09,Watertown,,9,Watertown Precinct 9,40,23,9314,0,-071.1915530,+42.3687485,covered,9312.954,9312.954,100.0,False
250173701033002,250173701033,WAT-00-09,Watertown,,9,Watertown Precinct 9,14,4,2401,0,-071.1904297,+42.3692865,covered,2401.347,2401.347,100.0,False
250173701033003,250173701033,WAT-00-09,Watertown,,9,Watertown Precinct 9,85,37,13828,0,-071.1904025,+42.3685419,covered,13827.29,13827.29,100.0,False
250173701033004,250173701033,WAT-00-09,Watertown,,9,Watertown Precinct 9,37,17,14610,0,-071.1896749,+42.3678595,covered,14608.939,14608.939,100.0,False
250173701033005,250173701033,WAT-00-09,Watertown,,9,Watertown Precinct 9,303,167,72396,0,-071.1897161,+42.3668808,covered,72391.721,72391.721,100.0,False
250173701033006,250173701033,WAT-00-09,Watertown,,9,Watertown Precinct 9,52,15,5534,0,-071.1915533,+42.3680090,covered,5533.178,5533.178,100.0,False
250173701033007,250173701033,WAT-00-09,Watertown,,9,Watertown Precinct 9,31,11,5736,0,-071.1923670,+42.3676374,covered,5735.691,5735.691,100.0,False
250173701033008,250173701033,WAT-00-09,Watertown,,9,Watertown Precinct 9,21,11,8589,0,-071.1863693,+42.3662400,largest_overlap,8587.132,8588.522,99.984,False
250173701033009,250173701033,WAT-00-09,Watertown,,9,Watertown Precinct 9,158,84,60348,0,-071.1897052,+42.3659673,largest_overlap,60300.084,60343.989,99.927,False
250173701033010,250173701033,WAT-00-09,Watertown,,9,Watertown Precinct 9,0,0,0,25693,-071.1939809,+42.3667085,largest_overlap,24930.682,25691.588,97.038,False
250173701042003,250173701042,WAT-00-09,Watertown,,9,Watertown Precinct 9,68,33,9252,0,-071.1952774,+42.3701761,largest_overlap,9202.181,9251.673,99.465,False
250173701042010,250173701042,WAT-00-09,Watertown,,9,Watertown Precinct 9,198,130,29819,0,-071.1945423,+42.3693064,largest_overlap,29744.994,29817.228,99.758,False
250173701042011,250173701042,WAT-00-09,Watertown,,9,Watertown Precinct 9,92,51,28364,0,-071.1935827,+42.3683959,covered,28362.228,28362.228,100.0,False
250173701042012,250173701042,WAT-00-09,Watertown,,9,Watertown Precinct 9,80,36,13451,0,-071.1923337,+42.3692760,covered,13449.959,13449.959,100.0,False
250173701042013,250173701042,WAT-00-09,Watertown,,9,Watertown Precinct 9,44,21,5291,0,-071.1929049,+42.3684307,covered,5290.659,5290.659,100.0,False
250173701041000,250173701041,WAT-00-10,Watertown,,10,Watertown Precinct 10,81,24,8785,0,-071.2018828,+42.3726051,covered,8784.344,8784.344,100.0,False
250173701041001,250173701041,WAT-00-10,Watertown,,10,Watertown Precinct 10,42,16,9220,0,-071.2030240,+42.3728773,covered,9219.914,9219.914,100.0,False
250173701041002,250173701041,WAT-00-10,Watertown,,10,Watertown Precinct 10,104,33,15298,0,-071.2030171,+42.3713934,covered,15296.61,15296.61,100.0,False
250173701041003,250173701041,WAT-00-10,Watertown,,10,Watertown Precinct 10,96,44,16184,0,-071.2038397,+42.3715416,covered,16182.528,16182.528,100.0,False
250173701041004,250173701041,WAT-00-10,Watertown,,10,Watertown Precinct 10,189,84,42540,0,-071.2049540,+42.3711550,covered,42537.186,42537.186,100.0,False
250173701041005,250173701041,WAT-00-10,Watertown,,10,Watertown Precinct 10,58,19,9830,0,-071.2045626,+42.3699450,covered,9829.228,9829.228,100.0,False
250173701041006,250173701041,WAT-00-10,Watertown,,10,Watertown Precinct 10,138,63,40219,0,-071.2058532,+42.3713602,covered,40216.848,40216.848,100.0,False
250173701041007,250173701041,WAT-00-10,Watertown,,10,Watertown Precinct 10,75,27,131709,1722,-071.2081424,+42.3718114,covered,133422.783,133422.783,100.0,False
250173701041008,250173701041,WAT-00-10,Watertown,,10,Watertown Precinct 10,808,497,274635,11781,-071.2096471,+42.3683292,covered,286398.174,286398.174,100.0,False
250173701041009,250173701041,WAT-00-10,Watertown,,10,Watertown Precinct 10,86,60,6971,0,-071.2119317,+42.3675200,covered,6971.024,6971.024,100.0,False
250173701041010,250173701041,WAT-00-10,Watertown,,10,Watertown Precinct 10,0,0,9952,0,-071.2048673,+42.3688643,covered,9950.963,9950.963,100.0,False
250173701041011,250173701041,WAT-00-10,Watertown,,10,Watertown Precinct 10,50,14,10465,0,-071.2037644,+42.3697865,covered,10463.988,10463.988,100.0,False
250173701041012,250173701041,WAT-00-10,Watertown,,10,Watertown Precinct 10,69,33,17076,0,-071.2034014,+42.3691102,covered,17074.928,17074.928,100.0,False
250173701041013,250173701041,WAT-00-10,Watertown,,10,Watertown Precinct 10,49,19,13180,0,-071.2022918,+42.3712063,covered,13179.12,13179.12,100.0,False
250173701041014,250173701041,WAT-00-10,Watertown,,10,Watertown Precinct 10,0,0,8618,0,-071.2118729,+42.3664393,covered,8617.173,8617.173,100.0,False
250173701041015,250173701041,WAT-00-10,Watertown,,10,Watertown Precinct 10,6,1,163326,0,-071.2076570,+42.3652065,covered,163316.092,163316.092,100.0,False
250173701041016,250173701041,WAT-00-10,Watertown,,10,Watertown Precinct 10,0,0,6121,0,-071.2091779,+42.3658944,covered,6120.656,6120.656,100.0,False
250173701041017,250173701041,WAT-00-10,Watertown,,10,Watertown Precinct 10,0,0,21666,0,-071.2105086,+42.3659016,covered,21664.636,21664.636,100.0,False
250173701041018,250173701041,WAT-00-10,Watertown,,10,Watertown Precinct 10,0,0,0,19024,-071.2099875,+42.3642564,largest_overlap,17719.122,19022.516,93.148,True
250173701042004,250173701042,WAT-00-10,Watertown,,10,Watertown Precinct 10,108,40,10102,0,-071.1959816,+42.3703025,largest_overlap,10051.978,10101.281,99.512,False
250173701042005,250173701042,WAT-00-10,Watertown,,10,Watertown Precinct 10,92,46,13634,0,-071.1967439,+42.3705594,covered,13633.448,13633.448,100.0,False
250173701042006,250173701042,WAT-00-10,Watertown,,10,Watertown Precinct 10,63,35,16150,0,-071.1977434,+42.3706298,covered,16149.335,16149.335,100.0,False
250173701042007,250173701042,WAT-00-10,Watertown,,10,Watertown Precinct 10,76,24,17176,0,-071.1987066,+42.3707347,covered,17175.1,17175.1,100.0,False
250173701042008,250173701042,WAT-00-10,Watertown,,10,Watertown Precinct 10,103,48,52635,0,-071.2007463,+42.3712076,covered,52631.419,52631.419,100.0,False
250173701042009,250173701042,WAT-00-10,Watertown,,10,Watertown Precinct 10,59,19,13224,0,-071.1998567,+42.3704298,covered,13222.841,13222.841,100.0,False
250173701042014,250173701042,WAT-00-10,Watertown,,10,Watertown Precinct 10,125,55,31365,0,-071.2020562,+42.3689776,covered,31363.443,31363.443,100.0,False
250173701042015,250173701042,WAT-00-10,Watertown,,10,Watertown Precinct 10,69,23,25018,0,-071.2001476,+42.3689834,covered,25016.303,25016.303,100.0,False
250173701042016,250173701042,WAT-00-10,Watertown,,10,Watertown Precinct 10,14,3,52929,271,-071.1974362,+42.3689576,largest_overlap,53142.85,53196.653,99.899,False
250173701042017,250173701042,WAT-00-10,Watertown,,10,Watertown Precinct 10,287,193,70716,0,-071.2003982,+42.3671282,largest_overlap,70696.528,70711.162,99.979,False
250173701042018,250173701042,WAT-00-10,Watertown,,10,Watertown Precinct 10,179,101,45739,0,-071.2027601,+42.3675870,covered,45736.564,45736.564,100.0,False
250173701042019,250173701042,WAT-00-10,Watertown,,10,Watertown Precinct 10,0,0,0,22620,-071.1997925,+42.3668545,largest_overlap,21858.089,22618.579,96.638,False
250173701013000,250173701013,WAT-00-11,Watertown,,11,Watertown Precinct 11,124,51,19062,0,-071.1951616,+42.3722063,largest_overlap,18887.146,19061.108,99.087,False
250173701013001,250173701013,WAT-00-11,Watertown,,11,Watertown Precinct 11,99,36,15758,0,-071.1961498,+42.3734917,covered,15756.691,15756.691,100.0,False
250173701013002,250173701013,WAT-00-11,Watertown,,11,Watertown Precinct 11,175,69,20665,0,-071.1984944,+42.3731498,largest_overlap,20617.175,20663.966,99.774,False
250173701013003,250173701013,WAT-00-11,Watertown,,11,Watertown Precinct 11,167,70,21614,0,-071.1993483,+42.3733604,largest_overlap,21534.438,21612.322,99.64,False
250173701013004,250173701013,WAT-00-11,Watertown,,11,Watertown Precinct 11,108,47,19192,0,-071.2001048,+42.3737476,largest_overlap,19137.911,19191.035,99.723,False
250173701013005,250173701013,WAT-00-11,Watertown,,11,Watertown Precinct 11,117,46,19056,0,-071.2008909,+42.3740331,largest_overlap,18993.509,19054.445,99.68,False
250173701013006,250173701013,WAT-00-11,Watertown,,11,Watertown Precinct 11,115,50,20171,0,-071.2017089,+42.3742939,largest_overlap,20105.271,20169.649,99.681,False
250173701013007,250173701013,WAT-00-11,Watertown,,11,Watertown Precinct 11,94,34,20283,0,-071.2025848,+42.3744747,largest_overlap,20217.057,20281.791,99.681,False
250173701013008,250173701013,WAT-00-11,Watertown,,11,Watertown Precinct 11,81,32,21076,0,-071.2034591,+42.3746341,largest_overlap,20999.241,21074.84,99.641,False
250173701013009,250173701013,WAT-00-11,Watertown,,11,Watertown Precinct 11,39,11,8937,0,-071.2039212,+42.3755397,covered,8936.012,8936.012,100.0,False
250173701013010,250173701013,WAT-00-11,Watertown,,11,Watertown Precinct 11,70,28,23633,0,-071.2052059,+42.3749202,largest_overlap,23558.694,23631.435,99.692,False
250173701013011,250173701013,WAT-00-11,Watertown,,11,Watertown Precinct 11,88,31,22099,0,-071.2060620,+42.3750172,largest_overlap,22029.918,22097.257,99.695,False
250173701013012,250173701013,WAT-00-11,Watertown,,11,Watertown Precinct 11,63,19,12609,0,-071.2071273,+42.3745664,largest_overlap,12543.807,12608.691,99.485,False
250173701013013,250173701013,WAT-00-11,Watertown,,11,Watertown Precinct 11,0,0,1835,0,-071.2080624,+42.3740747,largest_overlap,1797.497,1834.4,97.988,False
250173701013014,250173701013,WAT-00-11,Watertown,,11,Watertown Precinct 11,113,42,17475,0,-071.1978101,+42.3727032,largest_overlap,17404.843,17474.153,99.603,False
250173701013015,250173701013,WAT-00-11,Watertown,,11,Watertown Precinct 11,118,40,15321,0,-071.1970178,+42.3724073,largest_overlap,15253.69,15320.459,99.564,False
250173701013016,250173701013,WAT-00-11,Watertown,,11,Watertown Precinct 11,90,42,13604,0,-071.1962079,+42.3721057,largest_overlap,13534.729,13603.283,99.496,False
250173701013017,250173701013,WAT-00-11,Watertown,,11,Watertown Precinct 11,51,17,13010,0,-071.2046077,+42.3742606,largest_overlap,12937.306,13009.468,99.445,False
250173701014000,250173701014,WAT-00-11,Watertown,,11,Watertown Precinct 11,307,199,45585,0,-071.1951212,+42.3748914,largest_overlap,45544.482,45582.227,99.917,False
250173701014001,250173701014,WAT-00-11,Watertown,,11,Watertown Precinct 11,10,1,1807,0,-071.1948977,+42.3744829,covered,1807.193,1807.193,100.0,False
250173701014002,250173701014,WAT-00-11,Watertown,,11,Watertown Precinct 11,89,32,11556,0,-071.1964375,+42.3754870,covered,11554.973,11554.973,100.0,False
250173701014003,250173701014,WAT-00-11,Watertown,,11,Watertown Precinct 11,69,32,11089,0,-071.1971795,+42.3756552,covered,11088.296,11088.296,100.0,False
250173701014004,250173701014,WAT-00-11,Watertown,,11,Watertown Precinct 11,63,32,11562,0,-071.1979783,+42.3758495,covered,11561.11,11561.11,100.0,False
250173701014005,250173701014,WAT-00-11,Watertown,,11,Watertown Precinct 11,87,40,122561,0,-071.2015884,+42.3767917,covered,122553.303,122553.303,100.0,False
250173701014006,250173701014,WAT-00-11,Watertown,,11,Watertown Precinct 11,55,19,11098,0,-071.1996666,+42.3752880,covered,11097.038,11097.038,100.0,False
250173701014007,250173701014,WAT-00-11,Watertown,,11,Watertown Precinct 11,80,33,10362,0,-071.1980766,+42.3747373,covered,10361.539,10361.539,100.0,False
250173701014008,250173701014,WAT-00-11,Watertown,,11,Watertown Precinct 11,80,51,15049,0,-071.1947926,+42.3738402,largest_overlap,15009.437,15048.215,99.742,False
250173701015005,250173701015,WAT-00-11,Watertown,,11,Watertown Precinct 11,44,13,10109,0,-071.1984545,+42.3790332,covered,10108.138,10108.138,100.0,False
250173701015007,250173701015,WAT-00-11,Watertown,,11,Watertown Precinct 11,44,16,11597,0,-071.2003421,+42.3785467,covered,11596.666,11596.666,100.0,False
250173701015008,250173701015,WAT-00-11,Watertown,,11,Watertown Precinct 11,52,15,9707,0,-071.2010889,+42.3787274,covered,9706.846,9706.846,100.0,False
250173701015009,250173701015,WAT-00-11,Watertown,,11,Watertown Precinct 11,52,17,13065,0,-071.2016863,+42.3791230,largest_overlap,13024.125,13064.385,99.692,False
250173701015010,250173701015,WAT-00-11,Watertown,,11,Watertown Precinct 11,3,1,1497,0,-071.2025248,+42.3787898,covered,1497.134,1497.134,100.0,False
250173701015011,250173701015,WAT-00-11,Watertown,,11,Watertown Precinct 11,76,25,19078,0,-071.1985640,+42.3777002,covered,19077.126,19077.126,100.0,False
250173701015012,250173701015,WAT-00-11,Watertown,,11,Watertown Precinct 11,53,16,12106,0,-071.1975533,+42.3781998,covered,12105.331,12105.331,100.0,False
250173701015013,250173701015,WAT-00-11,Watertown,,11,Watertown Precinct 11,46,20,11739,0,-071.1967878,+42.3779773,largest_overlap,11675.294,11738.721,99.46,False
250173701015017,250173701015,WAT-00-11,Watertown,,11,Watertown Precinct 11,53,17,13048,0,-071.1995499,+42.3782495,covered,13046.771,13046.771,100.0,False
250173701015018,250173701015,WAT-00-11,Watertown,,11,Watertown Precinct 11,23,7,6442,0,-071.1973947,+42.3768699,covered,6441.926,6441.926,100.0,False
250173701015019,250173701015,WAT-00-11,Watertown,,11,Watertown Precinct 11,21,11,5440,0,-071.1965985,+42.3766996,largest_overlap,5408.047,5440.056,99.412,False
250173701011000,250173701011,WAT-00-12,Watertown,,12,Watertown Precinct 12,42,17,7098,0,-071.1941580,+42.3854303,covered,7097.347,7097.347,100.0,False
250173701011001,250173701011,WAT-00-12,Watertown,,12,Watertown Precinct 12,6,7,3653,0,-071.1949360,+42.3850652,covered,3652.575,3652.575,100.0,False
250173701011002,250173701011,WAT-00-12,Watertown,,12,Watertown Precinct 12,37,17,8056,0,-071.1936349,+42.3847453,covered,8055.92,8055.92,100.0,False
250173701011003,250173701011,WAT-00-12,Watertown,,12,Watertown Precinct 12,20,11,3919,0,-071.1968006,+42.3837078,covered,3918.332,3918.332,100.0,False
250173701011004,250173701011,WAT-00-12,Watertown,,12,Watertown Precinct 12,139,66,28704,0,-071.1938511,+42.3838483,covered,28701.909,28701.909,100.0,False
250173701011005,250173701011,WAT-00-12,Watertown,,12,Watertown Precinct 12,51,14,6675,0,-071.1944155,+42.3833251,covered,6674.533,6674.533,100.0,False
250173701011006,250173701011,WAT-00-12,Watertown,,12,Watertown Precinct 12,32,14,3566,0,-071.1928095,+42.3842085,covered,3565.436,3565.436,100.0,False
250173701011007,250173701011,WAT-00-12,Watertown,,12,Watertown Precinct 12,36,14,8503,0,-071.1920748,+42.3832528,covered,8502.616,8502.616,100.0,False
250173701011008,250173701011,WAT-00-12,Watertown,,12,Watertown Precinct 12,54,21,83482,0,-071.1930911,+42.3819650,covered,83476.755,83476.755,100.0,False
250173701011009,250173701011,WAT-00-12,Watertown,,12,Watertown Precinct 12,50,24,9720,0,-071.1952143,+42.3834947,covered,9719.76,9719.76,100.0,False
250173701011010,250173701011,WAT-00-12,Watertown,,12,Watertown Precinct 12,122,48,18364,0,-071.1962664,+42.3833195,covered,18363.052,18363.052,100.0,False
250173701011011,250173701011,WAT-00-12,Watertown,,12,Watertown Precinct 12,41,16,6580,0,-071.1974689,+42.3828795,covered,6579.371,6579.371,100.0,False
250173701011012,250173701011,WAT-00-12,Watertown,,12,Watertown Precinct 12,0,0,3004,0,-071.1904670,+42.3803664,largest_overlap,2937.318,3003.76,97.788,False
250173701011013,250173701011,WAT-00-12,Watertown,,12,Watertown Precinct 12,17,9,8105,0,-071.1900888,+42.3809291,largest_overlap,8061.101,8103.566,99.476,False
250173701011014,250173701011,WAT-00-12,Watertown,,12,Watertown Precinct 12,30,7,3717,0,-071.1903431,+42.3815518,covered,3716.618,3716.618,100.0,False
250173701011015,250173701011,WAT-00-12,Watertown,,12,Watertown Precinct 12,141,96,24215,0,-071.1928168,+42.3800750,covered,24213.478,24213.478,100.0,False
250173701011016,250173701011,WAT-00-12,Watertown,,12,Watertown Precinct 12,49,18,13834,0,-071.1939346,+42.3803969,covered,13833.276,13833.276,100.0,False
250173701011017,250173701011,WAT-00-12,Watertown,,12,Watertown Precinct 12,38,19,12997,0,-071.1947447,+42.3806110,covered,12995.762,12995.762,100.0,False
250173701011018,250173701011,WAT-00-12,Watertown,,12,Watertown Precinct 12,51,20,11008,0,-071.1954762,+42.3808141,covered,11006.83,11006.83,100.0,False
250173701011019,250173701011,WAT-00-12,Watertown,,12,Watertown Precinct 12,49,23,13718,0,-071.1961769,+42.3811238,covered,13717.429,13717.429,100.0,False
250173701011020,250173701011,WAT-00-12,Watertown,,12,Watertown Precinct 12,23,8,6635,0,-071.1969535,+42.3800269,covered,6635.019,6635.019,100.0,False
250173701011021,250173701011,WAT-00-12,Watertown,,12,Watertown Precinct 12,20,7,6261,0,-071.1961822,+42.3797236,covered,6261.043,6261.043,100.0,False
250173701011022,250173701011,WAT-00-12,Watertown,,12,Watertown Precinct 12,59,21,11684,0,-071.1955536,+42.3791777,largest_overlap,11660.582,11682.976,99.808,False
250173701011023,250173701011,WAT-00-12,Watertown,,12,Watertown Precinct 12,63,26,11270,0,-071.1947397,+42.3789358,covered,11269.772,11269.772,100.0,False
250173701011024,250173701011,WAT-00-12,Watertown,,12,Watertown Precinct 12,285,160,41367,0,-071.1929107,+42.3783787,covered,41364.456,41364.456,100.0,False
250173701011025,250173701011,WAT-00-12,Watertown,,12,Watertown Precinct 12,142,88,22988,0,-071.1914566,+42.3796520,covered,22986.488,22986.488,100.0,False
250173701011026,250173701011,WAT-00-12,Watertown,,12,Watertown Precinct 12,46,15,10001,0,-071.1969964,+42.3792406,largest_overlap,9874.854,10000.62,98.742,False
250173701012000,250173701012,WAT-00-12,Watertown,,12,Watertown Precinct 12,35,9,6703,0,-071.1904140,+42.3791541,largest_overlap,6669.271,6702.928,99.498,False
250173701012001,250173701012,WAT-00-12,Watertown,,12,Watertown Precinct 12,164,72,31671,0,-071.1915861,+42.3770303,largest_overlap,31407.462,31669.354,99.173,False
250173701015000,250173701015,WAT-00-12,Watertown,,12,Watertown Precinct 12,76,35,23374,0,-071.1974396,+42.3807117,largest_overlap,23306.092,23372.592,99.715,False
250173701015001,250173701015,WAT-00-12,Watertown,,12,Watertown Precinct 12,182,78,32269,0,-071.1985367,+42.3808612,largest_overlap,32266.804,32267.225,99.999,False
250173701015002,250173701015,WAT-00-12,Watertown,,12,Watertown Precinct 12,56,21,11202,0,-071.1983083,+42.3818768,covered,11201.059,11201.059,100.0,False
250173701015003,250173701015,WAT-00-12,Watertown,,12,Watertown Precinct 12,15,3,1924,0,-071.1990422,+42.3817612,covered,1924.145,1924.145,100.0,False
250173701015004,250173701015,WAT-00-12,Watertown,,12,Watertown Precinct 12,54,20,12996,0,-071.2002577,+42.3803524,largest_overlap,12941.838,12995.324,99.588,False
250173701015006,250173701015,WAT-00-12,Watertown,,12,Watertown Precinct 12,29,10,7271,0,-071.1997106,+42.3795096,largest_overlap,7141.283,7270.083,98.228,False
250173701015014,250173701015,WAT-00-12,Watertown,,12,Watertown Precinct 12,90,34,15380,0,-071.1958797,+42.3776911,largest_overlap,15323.953,15379.203,99.641,False
250173701015015,250173701015,WAT-00-12,Watertown,,12,Watertown Precinct 12,317,148,32270,0,-071.1942689,+42.3770064,covered,32268.151,32268.151,100.0,False
250173701015016,250173701015,WAT-00-12,Watertown,,12,Watertown Precinct 12,131,58,15012,0,-071.1929382,+42.3771568,covered,15011.044,15011.044,100.0,False
250173701015020,250173701015,WAT-00-12,Watertown,,12,Watertown Precinct 12,255,122,17809,0,-071.1946845,+42.3761424,largest_overlap,17570.049,17807.963,98.664,False
