{"type":"FeatureCollection","name":"Suffolk and Middlesex State Senate District precincts","crs":null,"features":[{"type":"Feature","geometry":{"type":"Polygon","coordinates":[[[-71.19333963597045,42.37546067169576],[-71.19352363594305,42.37549067145495],[-71.19410463685254,42.375640672389025],[-71.19510063626184,42.375959671632984],[-71.1956506362977,42.376128672108855],[-71.19640363703006,42.37632867135181],[-71.19633063748356,42.37637767182283],[-71.19628063730099,42.37642267270421],[-71.19621363751536,42.376526671788284],[-71.19603663744276,42.37691567199872],[-71.19644463708974,42.37706767144907],[-71.19675463762628,42.37715467198272],[-71.1965596365576,42.377559672087216],[-71.19644163748622,42.377762672039715],[-71.19629163715184,42.37811667245267],[-71.19605563729749,42.37857867267279],[-71.19635063669162,42.37869167252073],[-71.1964366372902,42.37872367307264],[-71.19681463772082,42.378835672625584],[-71.19754063673952,42.37910767307905],[-71.19797763739493,42.379257672566446],[-71.1985166379117,42.37946167274203],[-71.198839638336,42.37957267249395],[-71.19889663810666,42.37946267332585],[-71.19906163801431,42.37936967218693],[-71.19925563889579,42.379298672048016],[-71.19940363790951,42.379227672932984],[-71.19953163714011,42.379083672597446],[-71.1999056377446,42.37920367211372],[-71.20045063854666,42.37934467276952],[-71.20113763874532,42.379519672460894],[-71.2008736394973,42.38008467273799],[-71.20070463838482,42.38047267244189],[-71.20069663866802,42.38049267295265],[-71.20073963866767,42.38045867321042],[-71.20162163887338,42.37970767202781],[-71.20167163947012,42.379665672197014],[-71.20173463837016,42.3796116729025],[-71.20201063891531,42.379377672537416],[-71.20206763839906,42.37932967228927],[-71.20211063915366,42.37929467182038],[-71.20220863936859,42.3792126723516],[-71.20223863967017,42.379183672759154],[-71.20289963971938,42.37862067201269],[-71.2053556404938,42.37653467234281],[-71.20559463971243,42.37633467203291],[-71.20596364054302,42.376017671815475],[-71.2076196410134,42.374608671692855],[-71.20780964027139,42.37444667177156],[-71.20851564119407,42.37385867086931],[-71.20842364034398,42.373854670939764],[-71.20804164003374,42.37378267170136],[-71.20757064062843,42.37371367068887],[-71.20721463984864,42.37368467098668],[-71.20636363991089,42.37362867138945],[-71.20572964047447,42.373574672057565],[-71.20544163934719,42.37355867069798],[-71.20452563857508,42.37347467144816],[-71.20356463971838,42.37338267058842],[-71.20313363967098,42.37332667078498],[-71.20297363947208,42.37329767113729],[-71.20274063852672,42.37325467143527],[-71.20226063815562,42.373142671170044],[-71.20191463860493,42.37305967125923],[-71.20149263892927,42.372940670725136],[-71.20120863835967,42.37283967087481],[-71.20112763918418,42.37280467088472],[-71.20086363813155,42.37268567149439],[-71.2004326381176,42.37245967130402],[-71.2001326384205,42.37230067148955],[-71.19986763778341,42.37216467166895],[-71.19982063762986,42.3721446708144],[-71.199695638051,42.37209267109739],[-71.19941463738537,42.37199567186288],[-71.19928263736017,42.371951671308786],[-71.19904763755281,42.371890671241815],[-71.19881563765854,42.3718356717222],[-71.19860863781523,42.37177567135275],[-71.19792663735012,42.37163067102858],[-71.197663636268,42.371569671112056],[-71.19707263607555,42.37146067124138],[-71.1967796368137,42.37139967132027],[-71.19619363659433,42.37125967079287],[-71.19582763611483,42.37116067097644],[-71.19533263671974,42.37101967145287],[-71.19511463583838,42.37146967143715],[-71.19436863608074,42.37273967104817],[-71.19413263571022,42.37312067134319],[-71.19396963569433,42.37339767217903],[-71.19375663593338,42.373740671647035],[-71.19369563622571,42.37382767178648],[-71.19358363542595,42.374037672041496],[-71.19348163577065,42.37431867160712],[-71.19340763524879,42.374845671920106],[-71.19341663537578,42.3753056720663],[-71.19333963597045,42.37546067169576]]]},"properties":{"WARD":null,"PRECINCT":"11","WP_DISTRICT":"11","WP_NAME":"Watertown Precinct 11","TOWN":"WATERTOWN","TOWN_ID":314}},{"type":"Feature","geometry":{"type":"Polygon","coordinates":[[[-71.18915963434272,42.380725673318906],[-71.18922763553745,42.3808036736427],[-71.1897166357547,42.38129867379662],[-71.19022563493233,42.38179467363915],[-71.19032963460074,42.381906672946585],[-71.19071663492714,42.38232267362782],[-71.19119363600423,42.38283867364654],[-71.19151063609432,42.38317667336951],[-71.1921466354898,42.383857673789564],[-71.19280163526966,42.38456767426341],[-71.19296563553632,42.38473767331667],[-71.19341363687829,42.385223673682454],[-71.19346663570083,42.3852826733392],[-71.19386663614829,42.38570267415645],[-71.1940756369247,42.38593667418255],[-71.19409763623148,42.38595967448118],[-71.19414763655135,42.38600967385323],[-71.19417763653836,42.3860396734651],[-71.1942166362167,42.386001673715704],[-71.19439063686997,42.385856674354706],[-71.19463763697922,42.38564467437272],[-71.19476263737211,42.385537673899734],[-71.1954256371107,42.3849746741595],[-71.19574963706664,42.38469867397016],[-71.19660863688098,42.38396867413694],[-71.197015636567,42.383623673011435],[-71.19798863790014,42.3827956731279],[-71.19835463816733,42.38248567318056],[-71.19860563849358,42.382273673272046],[-71.19957863813823,42.38144467308236],[-71.20007663821865,42.3810146727243],[-71.20064563777161,42.380537673085655],[-71.20069663866802,42.38049267295265],[-71.20070463838482,42.38047267244189],[-71.2008736394973,42.38008467273799],[-71.20113763874532,42.379519672460894],[-71.20045063854666,42.37934467276952],[-71.1999056377446,42.37920367211372],[-71.19953163714011,42.379083672597446],[-71.19940363790951,42.379227672932984],[-71.19925563889579,42.379298672048016],[-71.19906163801431,42.37936967218693],[-71.19889663810666,42.37946267332585],[-71.198839638336,42.37957267249395],[-71.1985166379117,42.37946167274203],[-71.19797763739493,42.379257672566446],[-71.19754063673952,42.37910767307905],[-71.19681463772082,42.378835672625584],[-71.1964366372902,42.37872367307264],[-71.19635063669162,42.37869167252073],[-71.19605563729749,42.37857867267279],[-71.19629163715184,42.37811667245267],[-71.19644163748622,42.377762672039715],[-71.1965596365576,42.377559672087216],[-71.19675463762628,42.37715467198272],[-71.19644463708974,42.37706767144907],[-71.19603663744276,42.37691567199872],[-71.19621363751536,42.376526671788284],[-71.19628063730099,42.37642267270421],[-71.19633063748356,42.37637767182283],[-71.19640363703006,42.37632867135181],[-71.1956506362977,42.376128672108855],[-71.19510063626184,42.375959671632984],[-71.19410463685254,42.375640672389025],[-71.19352363594305,42.37549067145495],[-71.19333963597045,42.37546067169576],[-71.19311863595208,42.37543867187345],[-71.19240063593864,42.3752226719052],[-71.19231963557552,42.37540367198646],[-71.19225763512387,42.37552367206933],[-71.1921516351711,42.37566467137371],[-71.19201663588845,42.375804671956],[-71.19181063446918,42.37598967269248],[-71.19158663502846,42.376162672674596],[-71.19138263496443,42.37633367233004],[-71.1912766348419,42.37644567186009],[-71.19117663569992,42.376577672737156],[-71.19108663521101,42.37675567231888],[-71.19089463448225,42.37716467275606],[-71.19025463462229,42.378481672670674],[-71.19002963494741,42.37898167216213],[-71.18988363422501,42.37921067286129],[-71.18994463509246,42.379273672353236],[-71.19020463588893,42.379514672925616],[-71.19037063452784,42.3796766733171],[-71.19045363486116,42.37978767256351],[-71.1905036345225,42.37987567264029],[-71.19020363513067,42.38030667292094],[-71.19011263522474,42.38041167330059],[-71.19000263547142,42.380504672993844],[-71.18988563482655,42.38057467315821],[-71.18970163442529,42.38065667240653],[-71.18949563459154,42.38070567343765],[-71.18932263438833,42.38073067352094],[-71.18924863478594,42.38073367236305],[-71.18915963434272,42.380725673318906]]]},"properties":{"WARD":null,"PRECINCT":"12","WP_DISTRICT":"12","WP_NAME":"Watertown Precinct 12","TOWN":"WATERTOWN","TOWN_ID":314}},{"type":"Feature","geometry":{"type":"Polygon","coordinates":[[[-71.15921162408101,42.37049467234058],[-71.15951562406627,42.37040667228566],[-71.15976062518897,42.37036967174693],[-71.16001062501293,42.370345672050846],[-71.16026662447861,42.370338672479235],[-71.16042662464547,42.37034867172261],[-71.16095562464336,42.37040667182226],[-71.16148462504894,42.37047067257636],[-71.16163362583102,42.3704956716009],[-71.16242062517262,42.37065567215233],[-71.16279262568882,42.37072667206819],[-71.16322362595994,42.37082267244011],[-71.16350662560966,42.37086967166582],[-71.16375162618297,42.37089067147941],[-71.1639796257152,42.37088767177535],[-71.16409062592663,42.370879671952785],[-71.16435762643677,42.37083867189453],[-71.16466462544037,42.37074867197792],[-71.16502562635569,42.37062167202445],[-71.16591862611908,42.370268671579595],[-71.16610262727367,42.37018967210978],[-71.16643062723487,42.37007567197236],[-71.16657562669539,42.370046671106365],[-71.16673762691684,42.370026672631205],[-71.16692062682833,42.37001067167612],[-71.16733762688737,42.37001167133444],[-71.16751662745652,42.37001667137652],[-71.16819462662625,42.37002667223237],[-71.16909862774607,42.37004567227981],[-71.17001362810218,42.37006067160966],[-71.17060262771862,42.37006667124513],[-71.17095862812926,42.370071671196165],[-71.17112562825561,42.37006467193213],[-71.17129562843955,42.37003967173609],[-71.17146762804207,42.37000767099673],[-71.17165162874387,42.36995767158826],[-71.17154362892737,42.369712671704455],[-71.17128762838513,42.368661671782206],[-71.17114662809553,42.36804067097925],[-71.1709956279239,42.36766967076712],[-71.1712356275797,42.36756967197738],[-71.17149062743101,42.36750867169976],[-71.17157362865633,42.3675036708729],[-71.17170162726136,42.36750967115055],[-71.17187362857906,42.3675536708493],[-71.17198562875386,42.36759967158369],[-71.17212862909093,42.36767767112672],[-71.17248962864501,42.367449671046934],[-71.1722286276327,42.36721667153281],[-71.17194462835485,42.36693667132887],[-71.17156562749388,42.3665956705291],[-71.17076962758958,42.366037671253544],[-71.17038362797983,42.36578767143625],[-71.17009862842409,42.365625671106564],[-71.16980662756566,42.36548467069441],[-71.16947162740054,42.365374670596935],[-71.16922362770745,42.36546267165561],[-71.16908062787694,42.365496670983326],[-71.16871262715999,42.3655176712946],[-71.16721262635339,42.36548567088428],[-71.16604862567073,42.36548767098185],[-71.16540462542346,42.365496671204966],[-71.16442162537464,42.36549967098538],[-71.1632876249698,42.36552467081141],[-71.16213862523247,42.3655206712588],[-71.1619876250196,42.365531671123584],[-71.16192062469925,42.365564670393994],[-71.1618746249699,42.36560367053886],[-71.16185962514568,42.36565967094484],[-71.16184462507744,42.365765671339155],[-71.16187962522986,42.36617967183353],[-71.16124262512729,42.36618267165828],[-71.16085962436392,42.366393671596455],[-71.16000962408982,42.36681667167624],[-71.15985162389683,42.36684867058906],[-71.15982062416417,42.36718467119559],[-71.1596726234849,42.36800767189805],[-71.15966062403892,42.36814367200102],[-71.15959162382839,42.36837067157336],[-71.1595286239962,42.36863967179213],[-71.15920862405595,42.37014067197254],[-71.15918562436596,42.3703616720527],[-71.15921162408101,42.37049467234058]]]},"properties":{"WARD":null,"PRECINCT":"2","WP_DISTRICT":"2","WP_NAME":"Watertown Precinct 2","TOWN":"WATERTOWN","TOWN_ID":314}},{"type":"Feature","geometry":{"type":"Polygon","coordinates":[[[-71.16336362601015,42.376810673849555],[-71.16387162639941,42.37683767324947],[-71.16403162700257,42.3768466735039],[-71.1644836268749,42.376894673169275],[-71.16445562668552,42.37678667290383],[-71.16431262551404,42.37646767292067],[-71.16424262584974,42.376209672867624],[-71.16424062634154,42.37606667342258],[-71.16423262570063,42.37590067315392],[-71.16419362540508,42.37549567269719],[-71.1641186257697,42.37502967288726],[-71.16405362668439,42.374759672959314],[-71.16400162598387,42.374465672500605],[-71.16402462611526,42.37425267252072],[-71.16407962626079,42.3740996725768],[-71.1641176256059,42.37393267218527],[-71.1643046264821,42.37336667198635],[-71.16447562674372,42.37287567232438],[-71.1645986261372,42.3724326723401],[-71.16480962686678,42.37157267178811],[-71.16502562635569,42.37062167202445],[-71.16466462544037,42.37074867197792],[-71.16435762643677,42.37083867189453],[-71.16409062592663,42.370879671952785],[-71.1639796257152,42.37088767177535],[-71.16375162618297,42.37089067147941],[-71.16350662560966,42.37086967166582],[-71.16322362595994,42.37082267244011],[-71.16279262568882,42.37072667206819],[-71.16242062517262,42.37065567215233],[-71.16163362583102,42.3704956716009],[-71.16148462504894,42.37047067257636],[-71.16095562464336,42.37040667182226],[-71.16042662464547,42.37034867172261],[-71.16026662447861,42.370338672479235],[-71.16001062501293,42.370345672050846],[-71.15976062518897,42.37036967174693],[-71.15951562406627,42.37040667228566],[-71.15921162408101,42.37049467234058],[-71.15892662482132,42.3706196719662],[-71.15880462423718,42.37067567240396],[-71.15843162458671,42.370925671583365],[-71.15780562348243,42.37139367164926],[-71.15759862369994,42.371555672059145],[-71.1572856235366,42.3717756721853],[-71.15675562421092,42.3720546733227],[-71.15656062390238,42.372148673254145],[-71.15613962252606,42.37232967248669],[-71.15558762310421,42.37255467280569],[-71.15488162308112,42.37285867204817],[-71.15411662276232,42.37317067224389],[-71.15364262274294,42.37335567308077],[-71.1533676233536,42.37346167235148],[-71.15314562284658,42.37355167339926],[-71.15291762320274,42.37363867238008],[-71.15262062282217,42.37373167361634],[-71.15214662242683,42.37389067261592],[-71.15154162199934,42.3740986732544],[-71.15037362149785,42.37447067337959],[-71.1503016221733,42.37449167330276],[-71.15037862212006,42.37462167324445],[-71.15061062199628,42.37464967288925],[-71.15134162101751,42.37473667310531],[-71.15164262178426,42.37477367283896],[-71.15237662138895,42.37486267328112],[-71.15278562222278,42.374910672781716],[-71.15291362298068,42.37492667265824],[-71.15382062217357,42.375036673446346],[-71.15437362305636,42.37510367337117],[-71.15436162322733,42.37506567329417],[-71.15446862338625,42.37507667388823],[-71.15460662316703,42.37508967336002],[-71.15478362354146,42.375107672843214],[-71.15524162240656,42.37516267258133],[-71.15541462397275,42.37516567300238],[-71.15546662328015,42.375177672869164],[-71.15551062407269,42.37518867375431],[-71.15563262327564,42.37521467277448],[-71.1558656224698,42.375289673053906],[-71.15626862350109,42.37538967403514],[-71.15641362306506,42.375444673327756],[-71.15671362389526,42.3755596734674],[-71.15706462395731,42.37568267262356],[-71.1575646235833,42.37582667317434],[-71.15779562454289,42.37589167313828],[-71.15804162469165,42.37597067340068],[-71.15834562381238,42.37606467305002],[-71.15844362355213,42.37609467247508],[-71.15860462414452,42.37614467311152],[-71.15907562456668,42.37625667319039],[-71.15961962469137,42.376411673262375],[-71.16002362497952,42.37647367297183],[-71.16018962545023,42.37650967326258],[-71.16077462589874,42.376636674038764],[-71.16094262561558,42.37665867254465],[-71.16110262491577,42.37668067334481],[-71.16142062568237,42.37670667355741],[-71.16174862541521,42.376723673361084],[-71.16186262552397,42.37673067328526],[-71.16248462537851,42.37676367300805],[-71.1625076259662,42.376764673178975],[-71.16327462632464,42.37680667360939],[-71.16336362601015,42.376810673849555]]]},"properties":{"WARD":null,"PRECINCT":"3","WP_DISTRICT":"3","WP_NAME":"Watertown Precinct 3","TOWN":"WATERTOWN","TOWN_ID":314}},{"type":"Feature","geometry":{"type":"Polygon","coordinates":[[[-71.1644836268749,42.376894673169275],[-71.16450862647922,42.3768976728945],[-71.16474862633414,42.37692667381403],[-71.16484062585538,42.376940672981554],[-71.16496062652524,42.37696067298148],[-71.1656256270796,42.37704767360717],[-71.16571962637215,42.377062673594466],[-71.16606462591619,42.37711967308895],[-71.16646662691417,42.377185673087624],[-71.16701262713453,42.37727567325522],[-71.16862962786762,42.37752767307703],[-71.16908262835987,42.3776006727484],[-71.1693336275712,42.377656672661224],[-71.1695496284375,42.37769467300165],[-71.16999662872063,42.37782267343593],[-71.17023262907541,42.37796967292203],[-71.17042962843594,42.37809367323904],[-71.17068362824911,42.378251673470494],[-71.17080362828563,42.37832767296095],[-71.17086262839666,42.37833967327234],[-71.17093362866454,42.378338672704636],[-71.17104562828963,42.37828467363182],[-71.17122962923479,42.378287673588865],[-71.1712676288658,42.37829967309418],[-71.171361629007,42.37832867323745],[-71.17257162961255,42.3787056726267],[-71.17341062905601,42.37895367306431],[-71.17387162916526,42.379074674106214],[-71.17437163075793,42.379200673116934],[-71.17473263028529,42.379288674090986],[-71.17499363003908,42.37934367345671],[-71.17546162989682,42.37942167334918],[-71.17568863070449,42.37914667354987],[-71.17581762936058,42.37893667385358],[-71.17590763092274,42.37875467362948],[-71.17603662965729,42.37837867263134],[-71.17627362997477,42.37775467244803],[-71.17651563118466,42.37720867263924],[-71.17668463092718,42.37686967320597],[-71.17695463020806,42.37625467246217],[-71.17724163010566,42.37564067301067],[-71.17764063043406,42.37475667255608],[-71.17771463078383,42.374586672607506],[-71.1778836302417,42.37414067273573],[-71.17799563075421,42.37381367167139],[-71.17828863071318,42.372897672059096],[-71.17843663114617,42.37250667196194],[-71.17850863080344,42.37231467193907],[-71.17860163137544,42.372093672128514],[-71.17887563164459,42.37134367203278],[-71.17905563062786,42.370888671029455],[-71.17917963093497,42.370570671599936],[-71.1792796313185,42.370335671487844],[-71.17976563146037,42.369910670524305],[-71.18005263036699,42.36966067108696],[-71.1806306311067,42.3691436712098],[-71.1812566307457,42.3685776711697],[-71.1806356306259,42.36806767135819],[-71.17983163120351,42.367475670636836],[-71.17936663096285,42.36770367120955],[-71.17907963082652,42.36785367096936],[-71.17866663056682,42.368048670751904],[-71.17833063053455,42.36766767073907],[-71.17766663001859,42.36683867115278],[-71.17714663000505,42.36622267109674],[-71.17643862973034,42.366567670739585],[-71.17588862993486,42.366861670942505],[-71.17527962940107,42.36712267042208],[-71.17504962935526,42.36720567072275],[-71.17522162982273,42.36742367129966],[-71.17476862941761,42.367623671294325],[-71.17420362853382,42.36785667091509],[-71.17375362899317,42.36804867099077],[-71.17338162858049,42.36817467047086],[-71.17307962897166,42.36791367113948],[-71.17277962852616,42.367707670497346],[-71.17248962864501,42.367449671046934],[-71.17212862909093,42.36767767112672],[-71.17198562875386,42.36759967158369],[-71.17187362857906,42.3675536708493],[-71.17170162726136,42.36750967115055],[-71.17157362865633,42.3675036708729],[-71.17149062743101,42.36750867169976],[-71.1712356275797,42.36756967197738],[-71.1709956279239,42.36766967076712],[-71.17114662809553,42.36804067097925],[-71.17128762838513,42.368661671782206],[-71.17154362892737,42.369712671704455],[-71.17165162874387,42.36995767158826],[-71.17146762804207,42.37000767099673],[-71.17129562843955,42.37003967173609],[-71.17112562825561,42.37006467193213],[-71.17095862812926,42.370071671196165],[-71.17060262771862,42.37006667124513],[-71.17001362810218,42.37006067160966],[-71.16909862774607,42.37004567227981],[-71.16819462662625,42.37002667223237],[-71.16751662745652,42.37001667137652],[-71.16733762688737,42.37001167133444],[-71.16692062682833,42.37001067167612],[-71.16673762691684,42.370026672631205],[-71.16657562669539,42.370046671106365],[-71.16643062723487,42.37007567197236],[-71.16610262727367,42.37018967210978],[-71.16591862611908,42.370268671579595],[-71.16502562635569,42.37062167202445],[-71.16480962686678,42.37157267178811],[-71.1645986261372,42.3724326723401],[-71.16447562674372,42.37287567232438],[-71.1643046264821,42.37336667198635],[-71.1641176256059,42.37393267218527],[-71.16407962626079,42.3740996725768],[-71.16402462611526,42.37425267252072],[-71.16400162598387,42.374465672500605],[-71.16405362668439,42.374759672959314],[-71.1641186257697,42.37502967288726],[-71.16419362540508,42.37549567269719],[-71.16423262570063,42.37590067315392],[-71.16424062634154,42.37606667342258],[-71.16424262584974,42.376209672867624],[-71.16431262551404,42.37646767292067],[-71.16445562668552,42.37678667290383],[-71.1644836268749,42.376894673169275]]]},"properties":{"WARD":null,"PRECINCT":"4","WP_DISTRICT":"4","WP_NAME":"Watertown Precinct 4","TOWN":"WATERTOWN","TOWN_ID":314}},{"type":"Feature","geometry":{"type":"Polygon","coordinates":[[[-71.17248962864501,42.367449671046934],[-71.17277962852616,42.367707670497346],[-71.17307962897166,42.36791367113948],[-71.17338162858049,42.36817467047086],[-71.17375362899317,42.36804867099077],[-71.17420362853382,42.36785667091509],[-71.17476862941761,42.367623671294325],[-71.17522162982273,42.36742367129966],[-71.17504962935526,42.36720567072275],[-71.17527962940107,42.36712267042208],[-71.17588862993486,42.366861670942505],[-71.17643862973034,42.366567670739585],[-71.17714663000505,42.36622267109674],[-71.17766663001859,42.36683867115278],[-71.17833063053455,42.36766767073907],[-71.17866663056682,42.368048670751904],[-71.17907963082652,42.36785367096936],[-71.17936663096285,42.36770367120955],[-71.17983163120351,42.367475670636836],[-71.18005463097533,42.367348670587376],[-71.1805936309416,42.367010670863145],[-71.18111663122957,42.366680670980195],[-71.18076763178897,42.36609967098343],[-71.18048863131808,42.3655926704551],[-71.18043563077153,42.36547767043082],[-71.18039163109174,42.36540567043028],[-71.18031263089667,42.36527667070609],[-71.18023963122637,42.36508367023025],[-71.18017163131003,42.364926670644074],[-71.18073163063507,42.3649736709708],[-71.18185363208335,42.36499267084481],[-71.1823046314363,42.36497666980538],[-71.18268763114999,42.36496667067256],[-71.18289063168159,42.36497767021701],[-71.18202063107843,42.36478567037373],[-71.18109763089839,42.364643670900506],[-71.17979463013297,42.36441667056086],[-71.18014662995652,42.36381467041322],[-71.18030363028731,42.3635486705619],[-71.18067262990617,42.362955670191376],[-71.18098763030505,42.363066669778284],[-71.18117763127266,42.36278867031618],[-71.18160863041388,42.362180669835325],[-71.1818796312509,42.361837669579046],[-71.18172463057482,42.36172166945042],[-71.18120763103225,42.36142566994296],[-71.18057163057455,42.3611166697293],[-71.18002463085396,42.360868669310975],[-71.1797216305979,42.36073966951454],[-71.17959963050524,42.36068866889206],[-71.17890462997337,42.36046166937495],[-71.1777476292264,42.36014066883334],[-71.17733562996352,42.36005066908377],[-71.17675762914165,42.35997666942584],[-71.17615162951407,42.35996366965277],[-71.17581362984882,42.359984669052146],[-71.17486662927982,42.360121669581936],[-71.17433362812126,42.36020366928314],[-71.17371262843064,42.360276669727334],[-71.17296062888275,42.360374669821546],[-71.17252562812095,42.36044567001313],[-71.17208162836313,42.360573669654244],[-71.17156262791933,42.36075066930495],[-71.171216626825,42.36089466979889],[-71.17084762791595,42.36107267021769],[-71.17037362725578,42.36129466978158],[-71.16950762664688,42.361716670671974],[-71.16875462714432,42.362060670264306],[-71.16846762600501,42.36222666970011],[-71.16808662711067,42.36238067098395],[-71.16900162715187,42.362536670496446],[-71.16966862721577,42.36266167052919],[-71.1705736271349,42.36281467044619],[-71.17144562828246,42.36296167030012],[-71.17139162784578,42.363598670737574],[-71.17137462779431,42.36424867065525],[-71.17074462753075,42.364201670136055],[-71.17066362851381,42.36418667087202],[-71.16975462660191,42.364107670852455],[-71.16865262663671,42.36400767044767],[-71.16701062604228,42.36386867073807],[-71.16685762653786,42.36412167036855],[-71.16665962666515,42.36444867149411],[-71.16646262672631,42.36480667104996],[-71.16619762709533,42.3652366712181],[-71.16604862567073,42.36548767098185],[-71.16721262635339,42.36548567088428],[-71.16871262715999,42.3655176712946],[-71.16908062787694,42.365496670983326],[-71.16922362770745,42.36546267165561],[-71.16947162740054,42.365374670596935],[-71.16980662756566,42.36548467069441],[-71.17009862842409,42.365625671106564],[-71.17038362797983,42.36578767143625],[-71.17076962758958,42.366037671253544],[-71.17156562749388,42.3665956705291],[-71.17194462835485,42.36693667132887],[-71.1722286276327,42.36721667153281],[-71.17248962864501,42.367449671046934]]]},"properties":{"WARD":null,"PRECINCT":"5","WP_DISTRICT":"5","WP_NAME":"Watertown Precinct 5","TOWN":"WATERTOWN","TOWN_ID":314}},{"type":"Feature","geometry":{"type":"Polygon","coordinates":[[[-71.17983163120351,42.367475670636836],[-71.1806356306259,42.36806767135819],[-71.1812566307457,42.3685776711697],[-71.18167063091794,42.36823567028155],[-71.18186963171226,42.368071671608135],[-71.18214963158647,42.36782367045897],[-71.18251863182454,42.36751167010349],[-71.18297863191178,42.36710467033603],[-71.18357263223332,42.366596670026695],[-71.18390563279235,42.36629767065669],[-71.18401863245826,42.36620467127285],[-71.18409163257483,42.36614467074497],[-71.18437363312425,42.365885670854205],[-71.18482663165507,42.36550466979334],[-71.18520063282678,42.36579167083662],[-71.18538863235534,42.36578267012348],[-71.18548663248062,42.36576067052883],[-71.18551463206785,42.36573267085027],[-71.18554263278502,42.36569467081998],[-71.18554263234829,42.36558267016161],[-71.1855576327694,42.36548666983535],[-71.18560963183342,42.3652786700458],[-71.1855776325474,42.36520967037645],[-71.18548963170716,42.36513867019738],[-71.1852786326445,42.36500366991073],[-71.18540263277163,42.364952670470714],[-71.18541863286238,42.36494567041424],[-71.18555163267666,42.3648476700163],[-71.18587863191821,42.364936670679825],[-71.18597363294374,42.36495067021948],[-71.18621763301742,42.364950670823625],[-71.18646063305802,42.36493567036106],[-71.18684863326523,42.36494066972914],[-71.18704263269703,42.364950670532565],[-71.18728463232888,42.36497567060414],[-71.1874736330891,42.36500967035024],[-71.18783063318247,42.36512166998116],[-71.18787263375486,42.365139669896266],[-71.18800563266795,42.3651836701754],[-71.18847963304528,42.36526067057465],[-71.18929163363615,42.36536666960834],[-71.1895026347753,42.365393669919534],[-71.19052663371431,42.365163670418866],[-71.19081463363595,42.36512467044025],[-71.19105863472701,42.36511067037322],[-71.19110663382892,42.36511167076286],[-71.19139763387238,42.36513866994808],[-71.19144463489384,42.36514867035144],[-71.19162063466997,42.365210669519314],[-71.19174263476644,42.36526966980951],[-71.19185963451245,42.365334670464875],[-71.19221563543941,42.36543266967585],[-71.19227263473823,42.365376669724164],[-71.19245463449101,42.365214669793374],[-71.19323163506927,42.36452267047256],[-71.19437963574542,42.36351466964667],[-71.19506963531178,42.36289966997544],[-71.19602863558345,42.36204767006506],[-71.19606063496063,42.36202166891116],[-71.19629863585168,42.36181066971567],[-71.19605863539947,42.361755669388465],[-71.19581463530318,42.36169766993851],[-71.19539463558236,42.36159966981409],[-71.1953256350398,42.36158366906195],[-71.19444363527208,42.361376669481515],[-71.19356163508452,42.36116166948958],[-71.19309263510787,42.361060669258435],[-71.19155963371223,42.36068766872261],[-71.19044763326072,42.360451669582964],[-71.19030663299688,42.360413668913786],[-71.19023163365055,42.36039266946863],[-71.19008763442204,42.36034666952894],[-71.18836763372737,42.35993666972355],[-71.18819563305932,42.35989566913152],[-71.18784463312498,42.35981266866803],[-71.18728963234835,42.3596916688979],[-71.18655763247698,42.35951866900351],[-71.18554963250364,42.35927866989305],[-71.18553063209069,42.35927366907657],[-71.18522963251581,42.35920466889474],[-71.18399363184248,42.35891166858489],[-71.18368063109305,42.358837668987796],[-71.18327163179745,42.35933166937956],[-71.18270263122653,42.360018669333265],[-71.1823746311416,42.36041466883604],[-71.18229063032405,42.36049866924548],[-71.18217463079483,42.36063866979846],[-71.18212663126081,42.36068966970574],[-71.18208763123705,42.36067866936625],[-71.18199063118723,42.3606486693016],[-71.18113463053884,42.36038666976648],[-71.18023863091362,42.36006666971691],[-71.17938762956788,42.359827669678566],[-71.17885762994412,42.359713668872836],[-71.17824062963753,42.35957466891486],[-71.1777196302387,42.3595016689973],[-71.17724562921191,42.35945266967471],[-71.17674862935435,42.3593796687788],[-71.1757856284702,42.359305668995724],[-71.17527262875005,42.35928067022285],[-71.17481062918415,42.359274669847835],[-71.173972628846,42.359264669210056],[-71.1739326278903,42.35926766899385],[-71.17348062785825,42.35928766935378],[-71.17275462792772,42.35933966980853],[-71.17202562749837,42.35945366967112],[-71.1716506280747,42.359544670027226],[-71.17152262853728,42.359567669619956],[-71.17138262805068,42.359598669825715],[-71.1708276268393,42.35973766940649],[-71.17046462743673,42.35984467040326],[-71.17028562691374,42.3599026705103],[-71.1701546273457,42.35995066990346],[-71.1699836270995,42.36001867034553],[-71.16938162632916,42.36014466930886],[-71.1691656266154,42.36016666963846],[-71.16898462649213,42.360158670167564],[-71.1688386269715,42.36016666933417],[-71.16840162743476,42.36020266940449],[-71.1682106264232,42.36017466975416],[-71.16804062587228,42.36015667045166],[-71.168032626346,42.360165670020294],[-71.16800762670333,42.360194669868044],[-71.16799862651544,42.36020466946338],[-71.16759962654886,42.36062367016115],[-71.1668886258329,42.36137167027112],[-71.16679062659867,42.36147466978982],[-71.1666586256463,42.36161367030841],[-71.16663962626703,42.36166666993447],[-71.16638662654086,42.361895670159385],[-71.1666006258563,42.36201867002674],[-71.16693862671112,42.3621536702294],[-71.1670466264055,42.36218367072184],[-71.16720062664986,42.36222766951361],[-71.16774062696611,42.36232367064455],[-71.16808662711067,42.36238067098395],[-71.16846762600501,42.36222666970011],[-71.16875462714432,42.362060670264306],[-71.16950762664688,42.361716670671974],[-71.17037362725578,42.36129466978158],[-71.17084762791595,42.36107267021769],[-71.171216626825,42.36089466979889],[-71.17156262791933,42.36075066930495],[-71.17208162836313,42.360573669654244],[-71.17252562812095,42.36044567001313],[-71.17296062888275,42.360374669821546],[-71.17371262843064,42.360276669727334],[-71.17433362812126,42.36020366928314],[-71.17486662927982,42.360121669581936],[-71.17581362984882,42.359984669052146],[-71.17615162951407,42.35996366965277],[-71.17675762914165,42.35997666942584],[-71.17733562996352,42.36005066908377],[-71.1777476292264,42.36014066883334],[-71.17890462997337,42.36046166937495],[-71.17959963050524,42.36068866889206],[-71.1797216305979,42.36073966951454],[-71.18002463085396,42.360868669310975],[-71.18057163057455,42.3611166697293],[-71.18120763103225,42.36142566994296],[-71.18172463057482,42.36172166945042],[-71.1818796312509,42.361837669579046],[-71.18160863041388,42.362180669835325],[-71.18117763127266,42.36278867031618],[-71.18098763030505,42.363066669778284],[-71.18067262990617,42.362955670191376],[-71.18030363028731,42.3635486705619],[-71.18014662995652,42.36381467041322],[-71.17979463013297,42.36441667056086],[-71.18109763089839,42.364643670900506],[-71.18202063107843,42.36478567037373],[-71.18289063168159,42.36497767021701],[-71.18268763114999,42.36496667067256],[-71.1823046314363,42.36497666980538],[-71.18185363208335,42.36499267084481],[-71.18073163063507,42.3649736709708],[-71.18017163131003,42.364926670644074],[-71.18023963122637,42.36508367023025],[-71.18031263089667,42.36527667070609],[-71.18039163109174,42.36540567043028],[-71.18043563077153,42.36547767043082],[-71.18048863131808,42.3655926704551],[-71.18076763178897,42.36609967098343],[-71.18111663122957,42.366680670980195],[-71.1805936309416,42.367010670863145],[-71.18005463097533,42.367348670587376],[-71.17983163120351,42.367475670636836]]]},"properties":{"WARD":null,"PRECINCT":"6","WP_DISTRICT":"6","WP_NAME":"Watertown Precinct 6","TOWN":"WATERTOWN","TOWN_ID":314}},{"type":"Feature","geometry":{"type":"Polygon","coordinates":[[[-71.18915963434272,42.380725673318906],[-71.18924863478594,42.38073367236305],[-71.18932263438833,42.38073067352094],[-71.18949563459154,42.38070567343765],[-71.18970163442529,42.38065667240653],[-71.18988563482655,42.38057467315821],[-71.19000263547142,42.380504672993844],[-71.19011263522474,42.38041167330059],[-71.19020363513067,42.38030667292094],[-71.1905036345225,42.37987567264029],[-71.19045363486116,42.37978767256351],[-71.19037063452784,42.3796766733171],[-71.19020463588893,42.379514672925616],[-71.18994463509246,42.379273672353236],[-71.18988363422501,42.37921067286129],[-71.19002963494741,42.37898167216213],[-71.19025463462229,42.378481672670674],[-71.18960563413717,42.377881672547154],[-71.19028563489802,42.37651767293637],[-71.18944063438738,42.376291672358754],[-71.18859463365234,42.37609667212294],[-71.18840963417162,42.37649367231277],[-71.18756863374816,42.37627267256154],[-71.1865516335861,42.37602467213938],[-71.18591363335177,42.375878671835096],[-71.18541063286929,42.375770672595294],[-71.18512463250785,42.376431672500715],[-71.1848856325363,42.37635967260047],[-71.18460263308528,42.37626367251848],[-71.1843746330729,42.37617967214921],[-71.1843266329394,42.37616067234946],[-71.1841136329472,42.37607567189341],[-71.18384163236226,42.37595867225589],[-71.18360363221329,42.37583867212034],[-71.18348163260183,42.37577167247748],[-71.18297663191434,42.37545667246021],[-71.18266663159605,42.3752196720938],[-71.18224563222341,42.37493267238167],[-71.18153563219879,42.37444667257542],[-71.18137363156775,42.374325671750114],[-71.18091463155567,42.37402767200561],[-71.18078163127836,42.373931671469705],[-71.18006363174283,42.373475672714406],[-71.17948163178902,42.37309767164274],[-71.17932663011186,42.37298567219386],[-71.178800630213,42.37260367160375],[-71.17843663114617,42.37250667196194],[-71.17828863071318,42.372897672059096],[-71.17799563075421,42.37381367167139],[-71.1778836302417,42.37414067273573],[-71.17771463078383,42.374586672607506],[-71.17764063043406,42.37475667255608],[-71.17724163010566,42.37564067301067],[-71.17695463020806,42.37625467246217],[-71.17668463092718,42.37686967320597],[-71.17651563118466,42.37720867263924],[-71.17627362997477,42.37775467244803],[-71.17603662965729,42.37837867263134],[-71.17590763092274,42.37875467362948],[-71.17581762936058,42.37893667385358],[-71.17568863070449,42.37914667354987],[-71.17546162989682,42.37942167334918],[-71.17559963089494,42.379444674017975],[-71.17636362969264,42.379586672708186],[-71.17712563075467,42.37968467298124],[-71.17748063075233,42.37976367356679],[-71.17779863083933,42.379818673282784],[-71.17862863139803,42.380005673899696],[-71.17912863115771,42.38012767381616],[-71.17939563124307,42.380185673332385],[-71.17949563150833,42.38020367398699],[-71.17967363221337,42.38021967346649],[-71.17984563220274,42.380228673394946],[-71.18026363155916,42.380226673163136],[-71.18108863172058,42.380258673187136],[-71.18147863150294,42.380266673164115],[-71.18203163221882,42.380300673299594],[-71.18270663224403,42.38035767366847],[-71.18299063292373,42.380361673276155],[-71.18353063255482,42.38038767279724],[-71.18390263372382,42.38040567297539],[-71.18434763307714,42.38042767324006],[-71.18516563372678,42.380449673109595],[-71.18549963377065,42.38043067333393],[-71.18582163298034,42.380387672553105],[-71.18617363296146,42.38037067268393],[-71.18651763369797,42.38035867350641],[-71.18677963315312,42.380371673232844],[-71.18709863459915,42.38040567249875],[-71.1875826339754,42.38047767334945],[-71.18813363417344,42.380553673691274],[-71.18862763505436,42.3806336737308],[-71.18910763467639,42.38072067310048],[-71.18915963434272,42.380725673318906]]]},"properties":{"WARD":null,"PRECINCT":"7","WP_DISTRICT":"7","WP_NAME":"Watertown Precinct 7","TOWN":"WATERTOWN","TOWN_ID":314}},{"type":"Feature","geometry":{"type":"Polygon","coordinates":[[[-71.17843663114617,42.37250667196194],[-71.178800630213,42.37260367160375],[-71.17932663011186,42.37298567219386],[-71.17948163178902,42.37309767164274],[-71.18006363174283,42.373475672714406],[-71.18078163127836,42.373931671469705],[-71.18091463155567,42.37402767200561],[-71.18137363156775,42.374325671750114],[-71.18153563219879,42.37444667257542],[-71.18224563222341,42.37493267238167],[-71.18266663159605,42.3752196720938],[-71.18297663191434,42.37545667246021],[-71.18348163260183,42.37577167247748],[-71.18360363221329,42.37583867212034],[-71.18384163236226,42.37595867225589],[-71.1841136329472,42.37607567189341],[-71.1843266329394,42.37616067234946],[-71.1843746330729,42.37617967214921],[-71.18460263308528,42.37626367251848],[-71.1848856325363,42.37635967260047],[-71.18512463250785,42.376431672500715],[-71.18541063286929,42.375770672595294],[-71.18591363335177,42.375878671835096],[-71.1865516335861,42.37602467213938],[-71.18756863374816,42.37627267256154],[-71.18840963417162,42.37649367231277],[-71.18859463365234,42.37609667212294],[-71.18944063438738,42.376291672358754],[-71.19028563489802,42.37651767293637],[-71.18960563413717,42.377881672547154],[-71.19025463462229,42.378481672670674],[-71.19089463448225,42.37716467275606],[-71.19108663521101,42.37675567231888],[-71.19117663569992,42.376577672737156],[-71.1912766348419,42.37644567186009],[-71.19138263496443,42.37633367233004],[-71.19158663502846,42.376162672674596],[-71.19181063446918,42.37598967269248],[-71.19201663588845,42.375804671956],[-71.1921516351711,42.37566467137371],[-71.19225763512387,42.37552367206933],[-71.19231963557552,42.37540367198646],[-71.19240063593864,42.3752226719052],[-71.19311863595208,42.37543867187345],[-71.19333963597045,42.37546067169576],[-71.19341663537578,42.3753056720663],[-71.19340763524879,42.374845671920106],[-71.19348163577065,42.37431867160712],[-71.19358363542595,42.374037672041496],[-71.19369563622571,42.37382767178648],[-71.19375663593338,42.373740671647035],[-71.19396963569433,42.37339767217903],[-71.19413263571022,42.37312067134319],[-71.19436863608074,42.37273967104817],[-71.19511463583838,42.37146967143715],[-71.19533263671974,42.37101967145287],[-71.19514463540636,42.370932670670776],[-71.19497263613452,42.370832670527555],[-71.19472363621371,42.37064967136145],[-71.19467363602668,42.37061967089842],[-71.19452863552495,42.37053367180502],[-71.19405763520676,42.37030067033487],[-71.19379663502255,42.37019667118058],[-71.19354063562142,42.37011767118444],[-71.19346063625075,42.37010167157383],[-71.19326263519963,42.37006267109086],[-71.19273263552358,42.369995671000076],[-71.19244063517628,42.36997867114342],[-71.19139163520181,42.369882670650945],[-71.19132763433363,42.369985671277945],[-71.19113863549501,42.37069767071962],[-71.19107663429716,42.370929670784136],[-71.1909376349326,42.37139367100017],[-71.19089163488,42.371612671537406],[-71.19076163467462,42.37213767085006],[-71.19067063494236,42.37243067138845],[-71.1905976336761,42.37266667119377],[-71.19054663474844,42.372766671452595],[-71.1904636340746,42.3728736716976],[-71.19024463478331,42.37310067161785],[-71.19003763401265,42.37331467186743],[-71.1898036347632,42.373608671786556],[-71.18973563459087,42.37370267136159],[-71.18958963475811,42.373610672034125],[-71.18894063388366,42.373102671633355],[-71.18919463339314,42.37281067207861],[-71.1894556346188,42.37245667133526],[-71.18934463397858,42.37239467170466],[-71.18882563328056,42.37202467099649],[-71.18844063339439,42.37172167159363],[-71.18794763366633,42.37137367083254],[-71.18779463325646,42.371609671562176],[-71.18770763430516,42.371784670812914],[-71.18758463376281,42.37195567219919],[-71.18744863420241,42.37189667188877],[-71.1873056337188,42.37181567199856],[-71.18664163355938,42.37136067117591],[-71.18644963256892,42.37124067152779],[-71.18621363315579,42.37109367181329],[-71.18620363383624,42.371057671957374],[-71.18619263245881,42.37100267070955],[-71.18623563338197,42.370949671354836],[-71.18668163313677,42.3705456717603],[-71.18736463289295,42.36999367096822],[-71.18695463271843,42.369739671047896],[-71.18618463273101,42.36921267036695],[-71.18574563306149,42.368938670891026],[-71.18505863301195,42.36848967098996],[-71.18428563179849,42.367985670281506],[-71.18403063207403,42.368182670425504],[-71.18353363260916,42.368636670813444],[-71.18304163181804,42.36908167097031],[-71.18255863205151,42.36950767086329],[-71.18184363112994,42.36900967113005],[-71.1812566307457,42.3685776711697],[-71.1806306311067,42.3691436712098],[-71.18005263036699,42.36966067108696],[-71.17976563146037,42.369910670524305],[-71.1792796313185,42.370335671487844],[-71.17917963093497,42.370570671599936],[-71.17905563062786,42.370888671029455],[-71.17887563164459,42.37134367203278],[-71.17860163137544,42.372093672128514],[-71.17850863080344,42.37231467193907],[-71.17843663114617,42.37250667196194]]]},"properties":{"WARD":null,"PRECINCT":"8","WP_DISTRICT":"8","WP_NAME":"Watertown Precinct 8","TOWN":"WATERTOWN","TOWN_ID":314}},{"type":"Feature","geometry":{"type":"Polygon","coordinates":[[[-71.1812566307457,42.3685776711697],[-71.18184363112994,42.36900967113005],[-71.18255863205151,42.36950767086329],[-71.18304163181804,42.36908167097031],[-71.18353363260916,42.368636670813444],[-71.18403063207403,42.368182670425504],[-71.18428563179849,42.367985670281506],[-71.18505863301195,42.36848967098996],[-71.18574563306149,42.368938670891026],[-71.18618463273101,42.36921267036695],[-71.18695463271843,42.369739671047896],[-71.18736463289295,42.36999367096822],[-71.18668163313677,42.3705456717603],[-71.18623563338197,42.370949671354836],[-71.18619263245881,42.37100267070955],[-71.18620363383624,42.371057671957374],[-71.18621363315579,42.37109367181329],[-71.18644963256892,42.37124067152779],[-71.18664163355938,42.37136067117591],[-71.1873056337188,42.37181567199856],[-71.18744863420241,42.37189667188877],[-71.18758463376281,42.37195567219919],[-71.18770763430516,42.371784670812914],[-71.18779463325646,42.371609671562176],[-71.18794763366633,42.37137367083254],[-71.18844063339439,42.37172167159363],[-71.18882563328056,42.37202467099649],[-71.18934463397858,42.37239467170466],[-71.1894556346188,42.37245667133526],[-71.18919463339314,42.37281067207861],[-71.18894063388366,42.373102671633355],[-71.18958963475811,42.373610672034125],[-71.18973563459087,42.37370267136159],[-71.1898036347632,42.373608671786556],[-71.19003763401265,42.37331467186743],[-71.19024463478331,42.37310067161785],[-71.1904636340746,42.3728736716976],[-71.19054663474844,42.372766671452595],[-71.1905976336761,42.37266667119377],[-71.19067063494236,42.37243067138845],[-71.19076163467462,42.37213767085006],[-71.19089163488,42.371612671537406],[-71.1909376349326,42.37139367100017],[-71.19107663429716,42.370929670784136],[-71.19113863549501,42.37069767071962],[-71.19132763433363,42.369985671277945],[-71.19139163520181,42.369882670650945],[-71.19244063517628,42.36997867114342],[-71.19273263552358,42.369995671000076],[-71.19326263519963,42.37006267109086],[-71.19346063625075,42.37010167157383],[-71.19354063562142,42.37011767118444],[-71.19379663502255,42.37019667118058],[-71.19405763520676,42.37030067033487],[-71.19452863552495,42.37053367180502],[-71.19467363602668,42.37061967089842],[-71.19472363621371,42.37064967136145],[-71.19497263613452,42.370832670527555],[-71.19514463540636,42.370932670670776],[-71.19533263671974,42.37101967145287],[-71.19557563595443,42.37041567101387],[-71.19570563647126,42.36997367038539],[-71.19580163620427,42.36969267075385],[-71.19585163632513,42.369572671115705],[-71.19521263558045,42.369419671099294],[-71.19523163559481,42.369377671057805],[-71.19555063612096,42.36868367071249],[-71.19580263630006,42.368158670610256],[-71.19565263643993,42.36814667097871],[-71.19538463641734,42.36810767074214],[-71.19514663525409,42.368046670861524],[-71.19486963539227,42.367945670116995],[-71.19504763505903,42.36783867093318],[-71.1952066358676,42.36774267119964],[-71.19517463651434,42.36769267023318],[-71.19504763506937,42.367491670498396],[-71.19499363524612,42.367162670255816],[-71.1949096354534,42.367001670487895],[-71.1947656361279,42.366879670147725],[-71.1946666360103,42.366819670023936],[-71.19450263488667,42.36673166944798],[-71.19414063552107,42.366573671073034],[-71.19384863610613,42.36640867002851],[-71.19360363527453,42.36623267044177],[-71.1935676355035,42.36619867078252],[-71.19330163514242,42.366044670626074],[-71.1929206348328,42.365857669999805],[-71.19287763564434,42.365832670468976],[-71.19284263441666,42.36581966964652],[-71.19267263510291,42.365736670388316],[-71.19221563543941,42.36543266967585],[-71.19185963451245,42.365334670464875],[-71.19174263476644,42.36526966980951],[-71.19162063466997,42.365210669519314],[-71.19144463489384,42.36514867035144],[-71.19139763387238,42.36513866994808],[-71.19110663382892,42.36511167076286],[-71.19105863472701,42.36511067037322],[-71.19081463363595,42.36512467044025],[-71.19052663371431,42.365163670418866],[-71.1895026347753,42.365393669919534],[-71.18929163363615,42.36536666960834],[-71.18847963304528,42.36526067057465],[-71.18800563266795,42.3651836701754],[-71.18787263375486,42.365139669896266],[-71.18783063318247,42.36512166998116],[-71.1874736330891,42.36500967035024],[-71.18728463232888,42.36497567060414],[-71.18704263269703,42.364950670532565],[-71.18684863326523,42.36494066972914],[-71.18646063305802,42.36493567036106],[-71.18621763301742,42.364950670823625],[-71.18597363294374,42.36495067021948],[-71.18587863191821,42.364936670679825],[-71.18555163267666,42.3648476700163],[-71.18541863286238,42.36494567041424],[-71.18540263277163,42.364952670470714],[-71.1852786326445,42.36500366991073],[-71.18548963170716,42.36513867019738],[-71.1855776325474,42.36520967037645],[-71.18560963183342,42.3652786700458],[-71.1855576327694,42.36548666983535],[-71.18554263234829,42.36558267016161],[-71.18554263278502,42.36569467081998],[-71.18551463206785,42.36573267085027],[-71.18548663248062,42.36576067052883],[-71.18538863235534,42.36578267012348],[-71.18520063282678,42.36579167083662],[-71.18482663165507,42.36550466979334],[-71.18437363312425,42.365885670854205],[-71.18409163257483,42.36614467074497],[-71.18401863245826,42.36620467127285],[-71.18390563279235,42.36629767065669],[-71.18357263223332,42.366596670026695],[-71.18297863191178,42.36710467033603],[-71.18251863182454,42.36751167010349],[-71.18214963158647,42.36782367045897],[-71.18186963171226,42.368071671608135],[-71.18167063091794,42.36823567028155],[-71.1812566307457,42.3685776711697]]]},"properties":{"WARD":null,"PRECINCT":"9","WP_DISTRICT":"9","WP_NAME":"Watertown Precinct 9","TOWN":"WATERTOWN","TOWN_ID":314}},{"type":"Feature","geometry":{"type":"Polygon","coordinates":[[[-71.14383161970795,42.375286674087654],[-71.14421962042262,42.3752896734882],[-71.14444862026629,42.37529167430092],[-71.14468061950814,42.37529167358989],[-71.14509161941632,42.37528367390462],[-71.14518861996366,42.37527467320022],[-71.14521062029787,42.375272674003824],[-71.14569562041528,42.375225673227504],[-71.14593762004836,42.37520367355564],[-71.14611961981984,42.375178672732666],[-71.14645461979279,42.37513267378982],[-71.14728461972844,42.37497667368981],[-71.14841162127495,42.37475067302722],[-71.14849462077824,42.374762673563225],[-71.14890662070273,42.37468667393787],[-71.14897662164155,42.37463667337192],[-71.14933962108951,42.374561673228605],[-71.14970262164817,42.37449267323158],[-71.1498646208515,42.3744596731907],[-71.15023962214322,42.37438567274385],[-71.1503016221733,42.37449167330276],[-71.15037362149785,42.37447067337959],[-71.15154162199934,42.3740986732544],[-71.15214662242683,42.37389067261592],[-71.15262062282217,42.37373167361634],[-71.15291762320274,42.37363867238008],[-71.15314562284658,42.37355167339926],[-71.1533676233536,42.37346167235148],[-71.15364262274294,42.37335567308077],[-71.15411662276232,42.37317067224389],[-71.15488162308112,42.37285867204817],[-71.15558762310421,42.37255467280569],[-71.15613962252606,42.37232967248669],[-71.15656062390238,42.372148673254145],[-71.15675562421092,42.3720546733227],[-71.1572856235366,42.3717756721853],[-71.15759862369994,42.371555672059145],[-71.15780562348243,42.37139367164926],[-71.15843162458671,42.370925671583365],[-71.15880462423718,42.37067567240396],[-71.15892662482132,42.3706196719662],[-71.15921162408101,42.37049467234058],[-71.15918562436596,42.3703616720527],[-71.15920862405595,42.37014067197254],[-71.1595286239962,42.36863967179213],[-71.15959162382839,42.36837067157336],[-71.15966062403892,42.36814367200102],[-71.1596726234849,42.36800767189805],[-71.15982062416417,42.36718467119559],[-71.15985162389683,42.36684867058906],[-71.16000962408982,42.36681667167624],[-71.16085962436392,42.366393671596455],[-71.16124262512729,42.36618267165828],[-71.16187962522986,42.36617967183353],[-71.16184462507744,42.365765671339155],[-71.16185962514568,42.36565967094484],[-71.1618746249699,42.36560367053886],[-71.16192062469925,42.365564670393994],[-71.1619876250196,42.365531671123584],[-71.16213862523247,42.3655206712588],[-71.1632876249698,42.36552467081141],[-71.16442162537464,42.36549967098538],[-71.16540462542346,42.365496671204966],[-71.16604862567073,42.36548767098185],[-71.16619762709533,42.3652366712181],[-71.16646262672631,42.36480667104996],[-71.16665962666515,42.36444867149411],[-71.16685762653786,42.36412167036855],[-71.16701062604228,42.36386867073807],[-71.16865262663671,42.36400767044767],[-71.16975462660191,42.364107670852455],[-71.17066362851381,42.36418667087202],[-71.17074462753075,42.364201670136055],[-71.17137462779431,42.36424867065525],[-71.17139162784578,42.363598670737574],[-71.17144562828246,42.36296167030012],[-71.1705736271349,42.36281467044619],[-71.16966862721577,42.36266167052919],[-71.16900162715187,42.362536670496446],[-71.16808662711067,42.36238067098395],[-71.16774062696611,42.36232367064455],[-71.16720062664986,42.36222766951361],[-71.1670466264055,42.36218367072184],[-71.16693862671112,42.3621536702294],[-71.1666006258563,42.36201867002674],[-71.16638662654086,42.361895670159385],[-71.16663962626703,42.36166666993447],[-71.1666586256463,42.36161367030841],[-71.16679062659867,42.36147466978982],[-71.1668886258329,42.36137167027112],[-71.16759962654886,42.36062367016115],[-71.16799862651544,42.36020466946338],[-71.16800762670333,42.360194669868044],[-71.168032626346,42.360165670020294],[-71.16804062587228,42.36015667045166],[-71.16792062626827,42.36014466983572],[-71.16776662639462,42.36012967016269],[-71.1676256261104,42.360081669184446],[-71.16760862630927,42.36010366984052],[-71.16750962622227,42.360091670065295],[-71.16739562555873,42.360083670005665],[-71.16729762580324,42.360077670641004],[-71.16682462685188,42.36004466984572],[-71.16648862658518,42.35998666921331],[-71.16615862665385,42.35991566958917],[-71.16587762580545,42.35980367013543],[-71.16569162618777,42.359715669598714],[-71.16534862511048,42.3594746703599],[-71.16523362599936,42.35937667000989],[-71.16457462526728,42.35881366943192],[-71.16421862546557,42.358639669508996],[-71.16388862530019,42.35853166968146],[-71.16362962413463,42.35850067005295],[-71.1634236251713,42.35847367008786],[-71.16327462548679,42.358471670135984],[-71.16300862521678,42.358477670165236],[-71.16260162442192,42.3585176703331],[-71.1622856237752,42.358572669493405],[-71.1621056248756,42.35864366939628],[-71.16187862406653,42.35874466970763],[-71.16169162414705,42.358866670273095],[-71.16150862479228,42.35898066976499],[-71.16134662397234,42.359079669919524],[-71.16096062416284,42.35929867051284],[-71.16051862358128,42.359505670264184],[-71.15974662290363,42.35978966982732],[-71.15927862349393,42.359910670034786],[-71.15883062258507,42.359970670294885],[-71.15850162338323,42.35998167036683],[-71.15791162311274,42.35996766947746],[-71.15706562285717,42.359947670046566],[-71.15672562266815,42.35989767028756],[-71.15636162276797,42.35986066996384],[-71.15561162340161,42.359879670626576],[-71.15524662172359,42.359903670738944],[-71.15481962240047,42.359973670097965],[-71.15447562225145,42.36004466989721],[-71.1541466220788,42.36013467019495],[-71.15370562108856,42.360263670361206],[-71.15294562107478,42.360524670779036],[-71.15247662156355,42.36068666994849],[-71.15199462171638,42.36076667035679],[-71.15145062126307,42.36082566986097],[-71.15064562128435,42.36089467051396],[-71.15007361985072,42.360954670498884],[-71.14973362084554,42.360986670624285],[-71.14944762145969,42.361013671208475],[-71.14902762073324,42.36104367071999],[-71.1486426203281,42.36107767026575],[-71.14833262034388,42.36112767088267],[-71.1480846199983,42.36121367015932],[-71.14780861994207,42.361314670153945],[-71.14757362041827,42.361446670432144],[-71.14729762031591,42.36164467049423],[-71.14723962008583,42.36169967112962],[-71.14717061935102,42.36176267033884],[-71.14697961918976,42.36194567141432],[-71.14665461934848,42.362219671081284],[-71.14633662004161,42.36248367116887],[-71.14613561975777,42.362697671122106],[-71.14592761964028,42.36294767139634],[-71.14576561883666,42.36324967121485],[-71.14564161989804,42.36345567069794],[-71.14554961890677,42.363707671508585],[-71.14539561960144,42.36395267134679],[-71.14524061898805,42.36415867111944],[-71.1449566191175,42.36444467162792],[-71.14473561953332,42.36464267228762],[-71.14449261886853,42.36483067167045],[-71.14406561891744,42.3650126716634],[-71.14380261833085,42.36506367160478],[-71.14366761933711,42.36508967232338],[-71.14370261889961,42.3651726709105],[-71.14382161842022,42.365455671411425],[-71.14385661837716,42.36553867174535],[-71.14390061843768,42.365636671673094],[-71.14420861870606,42.3663246719564],[-71.14424861922068,42.366402671231846],[-71.14426961952742,42.3664626717527],[-71.14359561883879,42.36656867168797],[-71.14320461900813,42.3666576716317],[-71.1429456187665,42.36672667242115],[-71.1427636181864,42.36679867207359],[-71.14261561903288,42.366865672473104],[-71.14255961824556,42.36691267159009],[-71.14246161857506,42.36702567146595],[-71.1422476181309,42.36739667157289],[-71.14210161789234,42.367646672118966],[-71.14183361888442,42.36804967236159],[-71.14162161855292,42.368391672096735],[-71.14134761891587,42.36882067248811],[-71.14100861751946,42.36934267310347],[-71.14089061741433,42.36955067291645],[-71.14081161771814,42.36968967235291],[-71.14059961737098,42.37002567331761],[-71.14045061814011,42.370367673147726],[-71.14037261851531,42.37064667319633],[-71.14036061876777,42.37070167275759],[-71.14027861791483,42.37110767320807],[-71.14019261755575,42.37156367363796],[-71.14011261757615,42.372013673434324],[-71.14007461744575,42.37267167290153],[-71.13999261818049,42.37357767256746],[-71.14031661814957,42.37361867308746],[-71.14044761866307,42.3736356730446],[-71.1408796188137,42.37369067399581],[-71.14123561889828,42.3737366729614],[-71.1416246185786,42.37378667366198],[-71.14175761871545,42.37380467316737],[-71.14185961912534,42.37381767306662],[-71.14206261837778,42.37384367307805],[-71.14360461879448,42.3740426735018],[-71.14392561911968,42.374082674135884],[-71.14387761891663,42.37431667395288],[-71.14364061933811,42.375217673654944],[-71.14363061973384,42.37528567347701],[-71.14383161970795,42.375286674087654]]]},"properties":{"WARD":null,"PRECINCT":"1","WP_DISTRICT":"1","WP_NAME":"Watertown Precinct 1","TOWN":"WATERTOWN","TOWN_ID":314}},{"type":"Feature","geometry":{"type":"Polygon","coordinates":[[[-71.19533263671974,42.37101967145287],[-71.19582763611483,42.37116067097644],[-71.19619363659433,42.37125967079287],[-71.1967796368137,42.37139967132027],[-71.19707263607555,42.37146067124138],[-71.197663636268,42.371569671112056],[-71.19792663735012,42.37163067102858],[-71.19860863781523,42.37177567135275],[-71.19881563765854,42.3718356717222],[-71.19904763755281,42.371890671241815],[-71.19928263736017,42.371951671308786],[-71.19941463738537,42.37199567186288],[-71.199695638051,42.37209267109739],[-71.19982063762986,42.3721446708144],[-71.19986763778341,42.37216467166895],[-71.2001326384205,42.37230067148955],[-71.2004326381176,42.37245967130402],[-71.20086363813155,42.37268567149439],[-71.20112763918418,42.37280467088472],[-71.20120863835967,42.37283967087481],[-71.20149263892927,42.372940670725136],[-71.20191463860493,42.37305967125923],[-71.20226063815562,42.373142671170044],[-71.20274063852672,42.37325467143527],[-71.20297363947208,42.37329767113729],[-71.20313363967098,42.37332667078498],[-71.20356463971838,42.37338267058842],[-71.20452563857508,42.37347467144816],[-71.20544163934719,42.37355867069798],[-71.20572964047447,42.373574672057565],[-71.20636363991089,42.37362867138945],[-71.20721463984864,42.37368467098668],[-71.20757064062843,42.37371367068887],[-71.20804164003374,42.37378267170136],[-71.20842364034398,42.373854670939764],[-71.20851564119407,42.37385867086931],[-71.21018364040474,42.37242767086744],[-71.21148564123808,42.371320670238696],[-71.21284164228173,42.37016867012207],[-71.21363664255456,42.36949467024616],[-71.21381964262038,42.36933767003486],[-71.2139116423432,42.369258670504976],[-71.21496164257711,42.368365669803715],[-71.21539864327787,42.36799966918768],[-71.21551564224542,42.36789966991985],[-71.21627264334381,42.36725266962278],[-71.21701564344997,42.36661866952734],[-71.21703864366702,42.36659766941478],[-71.21706164303687,42.36657766950884],[-71.2168636427051,42.366293669952874],[-71.21666964320546,42.36606467002419],[-71.21644564254073,42.36592166907808],[-71.21623264328719,42.36586466908294],[-71.21609764329362,42.36582366929723],[-71.21592564341604,42.36575766896775],[-71.21571664153821,42.36566666972198],[-71.2156266429994,42.36563866993767],[-71.2155346423659,42.36561667001402],[-71.21548564220106,42.365615669241855],[-71.21538964262494,42.36562066867947],[-71.2153406424511,42.36561966964609],[-71.21529264197734,42.36562366873284],[-71.2152466422271,42.36563466974685],[-71.21516064291643,42.36566866933629],[-71.21506764295157,42.36569066966233],[-71.21497364290639,42.365706669754225],[-71.21477864285986,42.36570066943965],[-71.21475464222664,42.36569466985905],[-71.2146646419311,42.3657026689058],[-71.21451064183955,42.36569066952642],[-71.21439664250815,42.365629669674426],[-71.21412164121051,42.3654156690938],[-71.2140226412577,42.36533866941419],[-71.21395664239611,42.36529266922179],[-71.21388764161648,42.365243669885],[-71.21373064185777,42.36513266873763],[-71.21363364118974,42.3650966689547],[-71.21355864210594,42.365068669776875],[-71.2133896419292,42.36500666945655],[-71.21328364132344,42.364967669715405],[-71.21320564123465,42.364938668913055],[-71.21302064181349,42.364870669182416],[-71.21283464164762,42.36483466989789],[-71.21258064158432,42.36478466936656],[-71.21239864222086,42.364729669005435],[-71.21225664146694,42.364685669048534],[-71.21200064181089,42.3646076688417],[-71.2118226405961,42.36452666931008],[-71.2116376412335,42.36444166910497],[-71.2115356412192,42.36440166945604],[-71.21142264146064,42.36435766917088],[-71.21134964093724,42.364328669742456],[-71.21125964054497,42.364293668620924],[-71.21096864081944,42.36422366907476],[-71.21092364078945,42.36421466929322],[-71.21085364103843,42.36420066949856],[-71.21075164122188,42.364179668717846],[-71.21071164070521,42.36417166993631],[-71.2105676398691,42.364142668765254],[-71.21018464055145,42.36412266876216],[-71.2099426409177,42.36414066937539],[-71.20955964018107,42.36427066970581],[-71.20921064037859,42.36447566905652],[-71.2090886405885,42.36453166873638],[-71.20906763987482,42.3645366698055],[-71.20900364053834,42.364568668705544],[-71.20881263974555,42.36458666902037],[-71.20863564046607,42.36456366959978],[-71.20853564058747,42.364519669696755],[-71.2084596404437,42.3644866698774],[-71.20833463971253,42.36443166888938],[-71.20816664034356,42.364338669370035],[-71.20803763963436,42.364266669569716],[-71.20798863994449,42.364247669847934],[-71.20788364036297,42.364207669239654],[-71.20777263949621,42.36416466884969],[-71.20770563984458,42.36413866858707],[-71.20745864007401,42.364108669792124],[-71.20722163954454,42.36414566976497],[-71.2069696401175,42.36422666927593],[-71.20659763899835,42.364469668778],[-71.20655463949615,42.36449166912811],[-71.20632163870071,42.36462166946752],[-71.2060936394049,42.3648076698013],[-71.20584963861472,42.365030669991725],[-71.20571363888695,42.36517766958299],[-71.20532463874142,42.36554466959934],[-71.20527363948916,42.36558166928913],[-71.20520463918925,42.36565766988082],[-71.20516363972972,42.36570166963988],[-71.20509863910281,42.36575766983679],[-71.20499263858053,42.36578767001695],[-71.20487863835419,42.36578966968985],[-71.20480863878277,42.36579166964708],[-71.20475763830855,42.365792670402364],[-71.20455363902441,42.365797669817034],[-71.20448663814894,42.36579367059494],[-71.20439063817666,42.3657896697311],[-71.20407063867535,42.365773669904215],[-71.20327963882663,42.36569667002953],[-71.20286663832304,42.36569567048394],[-71.20251863751957,42.365728670210316],[-71.2020296373877,42.3658286700578],[-71.20145963791735,42.36599166917186],[-71.20092963844684,42.36612467032293],[-71.20051563807759,42.366280669949894],[-71.20014663799908,42.36645467042368],[-71.19935863694624,42.36693466981643],[-71.19895963717124,42.367172670173815],[-71.19860063694185,42.36732866999259],[-71.19835563737499,42.36740066975145],[-71.19832363604932,42.36741067079011],[-71.1980206366482,42.36743067043052],[-71.19774463676836,42.36734867068723],[-71.19754263610226,42.367237670520566],[-71.19736263636682,42.36706767024132],[-71.19723163626362,42.36698866959492],[-71.19708063660369,42.36694767017823],[-71.19680863603139,42.366952670321574],[-71.19648563691105,42.3670326701557],[-71.19633163638059,42.367186670270996],[-71.19620063550752,42.367347670304326],[-71.19603563633483,42.367542670446404],[-71.19585463571859,42.367702670963574],[-71.19565363593782,42.367799670520576],[-71.19542263613374,42.36783367044282],[-71.1952066358676,42.36774267119964],[-71.19504763505903,42.36783867093318],[-71.19486963539227,42.367945670116995],[-71.19514663525409,42.368046670861524],[-71.19538463641734,42.36810767074214],[-71.19565263643993,42.36814667097871],[-71.19580263630006,42.368158670610256],[-71.19555063612096,42.36868367071249],[-71.19523163559481,42.369377671057805],[-71.19521263558045,42.369419671099294],[-71.19585163632513,42.369572671115705],[-71.19580163620427,42.36969267075385],[-71.19570563647126,42.36997367038539],[-71.19557563595443,42.37041567101387],[-71.19533263671974,42.37101967145287]]]},"properties":{"WARD":null,"PRECINCT":"10","WP_DISTRICT":"10","WP_NAME":"Watertown Precinct 10","TOWN":"WATERTOWN","TOWN_ID":314}},{"type":"Feature","geometry":{"type":"Polygon","coordinates":[[[-71.12152561162851,42.37979267498217],[-71.12163761319226,42.38015767519163],[-71.12180261276797,42.38052067530732],[-71.12194861277413,42.380831674491006],[-71.12238361241602,42.381220675806276],[-71.12252161226894,42.381165674845015],[-71.1229406132042,42.380999675442304],[-71.12402061282862,42.38058067478086],[-71.12428361340648,42.38048767497553],[-71.12506561416086,42.38014367571514],[-71.12548761301781,42.380652675663455],[-71.12569861354714,42.380905675609036],[-71.12611761420828,42.381388675809276],[-71.12635261423489,42.38166867543887],[-71.12641461505189,42.38174267565086],[-71.12670061378596,42.38205367570515],[-71.12710561413435,42.382406675434744],[-71.12718861440206,42.382498675097196],[-71.12825861457918,42.38204667547124],[-71.12863461558273,42.38225367542175],[-71.12880461535579,42.3821176754941],[-71.12886761501437,42.382160675463126],[-71.12901361505371,42.3822486753978],[-71.1290486153024,42.382293674532036],[-71.12907261415289,42.382346675907634],[-71.12927561476354,42.38212767571189],[-71.1297756144895,42.38169367510843],[-71.12954161481257,42.3815406750952],[-71.12927161535498,42.38137567576909],[-71.12885561503094,42.38114167538181],[-71.12910161489387,42.380999674881465],[-71.12963961503712,42.38085067463434],[-71.12978161530455,42.3807806746506],[-71.12983561477336,42.38061067517296],[-71.12991461566645,42.38030467475425],[-71.13000861480322,42.37996067474533],[-71.13006661496686,42.37972367454256],[-71.1298506149339,42.379369674557836],[-71.12960561446374,42.37896467426097],[-71.12951861429451,42.378832674609264],[-71.12934161556363,42.37856167473398],[-71.1291846154749,42.37824167449267],[-71.12981561437923,42.37799667433249],[-71.12985561433847,42.37781367461996],[-71.12964561545635,42.37777567391981],[-71.12930661435422,42.37768667481314],[-71.12895461484096,42.3775516751143],[-71.12858861455923,42.37733267409857],[-71.12835261377475,42.37718167442469],[-71.12860161533835,42.376665674419456],[-71.12874161437453,42.376375674117284],[-71.12875961381198,42.3763386747295],[-71.1289776140261,42.375824674145946],[-71.12822061450625,42.37561867421853],[-71.12835661442561,42.3752216743593],[-71.12839261392128,42.375002673257846],[-71.12843361372933,42.37457567407042],[-71.12967861396534,42.374655673538385],[-71.13057961449462,42.37471367415469],[-71.13062761519127,42.37449867394328],[-71.13064561540048,42.374382673436735],[-71.13087261533862,42.37438367394366],[-71.13099961570599,42.3743606731098],[-71.13099861618144,42.37402067406253],[-71.13099761526055,42.37390067379623],[-71.13068561518247,42.3739306738396],[-71.13064461546428,42.37393267317711],[-71.13016961505843,42.37396967381877],[-71.1296256143303,42.37395267369517],[-71.1289516154671,42.37384367395844],[-71.12862861388682,42.373749673714485],[-71.12820361483986,42.37358067337135],[-71.12792261415434,42.373437673859435],[-71.12763461380189,42.37326767307499],[-71.12727761365706,42.37303167323523],[-71.12701061320857,42.372847673758194],[-71.12668861435888,42.372575673326345],[-71.12646961423219,42.372386674197934],[-71.12602461385305,42.37195667396145],[-71.12553361333575,42.37119967290821],[-71.12545961308497,42.37106367263172],[-71.12542361334175,42.37099867367994],[-71.12540561297219,42.37096667295557],[-71.12539161279363,42.37094067395038],[-71.12535661271103,42.370877673262164],[-71.125291613337,42.37075767323492],[-71.12524561355994,42.3706776735086],[-71.12520861320448,42.37061667298912],[-71.12517761312398,42.370564673251714],[-71.12511361319962,42.37045867310085],[-71.12505161340054,42.37035467356213],[-71.1249906132994,42.37025267317797],[-71.12490261306391,42.37010767262818],[-71.12472461293109,42.36986167342329],[-71.12465461335943,42.36976567359534],[-71.12460661240988,42.36969867258017],[-71.12460061303487,42.369676672538226],[-71.12459361325239,42.369663672983094],[-71.12458261345259,42.369644672575774],[-71.12454261362439,42.36962367250915],[-71.12450161330827,42.369574672993345],[-71.12445461237049,42.36952067259314],[-71.12417361249133,42.36933867325297],[-71.12382761219979,42.36916567327973],[-71.12340061171808,42.36901367272452],[-71.12334361205532,42.36899367261076],[-71.1233216121482,42.368986672873234],[-71.12320461175193,42.36894667351119],[-71.12316861179914,42.36898867363061],[-71.1231606123795,42.36900067253573],[-71.12289861184522,42.369303673708075],[-71.12245461206373,42.36982467351914],[-71.12190561265496,42.37047467406705],[-71.12175061199646,42.37065767320254],[-71.12156861133546,42.37087267306288],[-71.12147761187923,42.3709816736607],[-71.12111561112877,42.37145467370331],[-71.12105461258399,42.37153567307517],[-71.1209656120132,42.37164267400766],[-71.11991361180505,42.37125267350569],[-71.11975161161891,42.371544674031604],[-71.1196346108919,42.37175667344899],[-71.1195316116212,42.371939673157165],[-71.11949361167885,42.37200767382844],[-71.11925461188802,42.37192267305107],[-71.11912261126125,42.37217467326386],[-71.1190076106449,42.3721286740941],[-71.11897861164468,42.37211767379263],[-71.11860661105771,42.371981673747875],[-71.11844461054979,42.372185674057334],[-71.11835161120169,42.37235567334894],[-71.11821761101541,42.37260167358309],[-71.11816161154647,42.372694674399774],[-71.11808361144053,42.37282367385951],[-71.11805561094076,42.37287067389267],[-71.117906611292,42.37311867388819],[-71.11846261115332,42.37329167427789],[-71.11858161077541,42.37337467453136],[-71.11864661170557,42.37342167333116],[-71.11884161088373,42.3736606735799],[-71.11893061147317,42.37399867419873],[-71.11889361103194,42.374086674177384],[-71.11884061095243,42.37427767489937],[-71.11882261086868,42.37436367435256],[-71.11889561127096,42.374555674111974],[-71.11914161173277,42.37515967395844],[-71.11951561074441,42.37528567475995],[-71.1197996115327,42.37544167419296],[-71.11997661153332,42.37553367390095],[-71.12004861132343,42.375570673931556],[-71.12078161210195,42.37589367474695],[-71.12098961242582,42.37598567423254],[-71.12143461223545,42.37619167410696],[-71.12183061243309,42.376355674079925],[-71.12202661330366,42.37644867385293],[-71.12215161191573,42.376542674392496],[-71.12236161185906,42.3767616746787],[-71.12256461250813,42.3769856751857],[-71.12283861301367,42.377307674422326],[-71.12314161235794,42.377639674693555],[-71.12332761239513,42.37786867409109],[-71.12335761237452,42.37790667425114],[-71.12351061318186,42.37807567483171],[-71.12371861342714,42.37834567514783],[-71.12392061353661,42.378636674367094],[-71.1241866135203,42.3789746754162],[-71.12337061265094,42.37930567530617],[-71.12319661366193,42.37937667536315],[-71.12267561230965,42.3795416750188],[-71.12230161333626,42.37964767511142],[-71.1221936131608,42.37967867555776],[-71.12181661187468,42.37974267500568],[-71.12152561162851,42.37979267498217]]]},"properties":{"WARD":"8","PRECINCT":"2","WP_DISTRICT":"8-2","WP_NAME":"Cambridge Precinct 8-2","TOWN":"CAMBRIDGE","TOWN_ID":49}},{"type":"Feature","geometry":{"type":"Polygon","coordinates":[[[-71.13022461578596,42.38307367548996],[-71.13041061569353,42.38292667547878],[-71.13152861592621,42.38343167539193],[-71.13155161607747,42.38344267577369],[-71.13241961598143,42.383829675441085],[-71.13285561552885,42.38328467565733],[-71.13303861655359,42.38336367584909],[-71.13408761644918,42.383848675772576],[-71.13468061774785,42.383308675152485],[-71.13519861745034,42.38284167519449],[-71.13555061709623,42.38253167490828],[-71.13581961743766,42.38273067517983],[-71.13618061709019,42.38289167497591],[-71.13688661738485,42.383226675628435],[-71.1373086178978,42.38336467579765],[-71.13777261751974,42.383456675307826],[-71.13781861869795,42.38338667467402],[-71.13784761766341,42.38329567544869],[-71.13791561790345,42.38299767472689],[-71.13813661849595,42.38203267542301],[-71.13816761830921,42.38182567474024],[-71.13816261809109,42.381583674891246],[-71.1381366189022,42.381251675293974],[-71.1383416180532,42.38123467526591],[-71.13877661807767,42.38117867499681],[-71.13935561884034,42.381063675343704],[-71.14000761850477,42.38094367508319],[-71.14126361913313,42.38069867481647],[-71.14179261902258,42.380594674992544],[-71.14229761899092,42.38049067464565],[-71.14205461993325,42.37977067437286],[-71.14178461936977,42.37903167444401],[-71.14159261825243,42.37844967487543],[-71.14135861832679,42.37784567430696],[-71.14133161857373,42.37763067462956],[-71.14131761838837,42.37746667417529],[-71.14131961807577,42.377341673436575],[-71.141500618727,42.377191674318475],[-71.14139561855234,42.377099673955826],[-71.1412006182602,42.37683267401792],[-71.14108661901034,42.37658667349388],[-71.140912618724,42.376349673856424],[-71.14074361923461,42.376157674003004],[-71.1410686189781,42.37609467385492],[-71.14158361886672,42.37599467359058],[-71.14208161821864,42.375900673435495],[-71.14286061913248,42.37574967364597],[-71.14366161951675,42.37560567341579],[-71.14378961924177,42.37537767340445],[-71.14383161970795,42.375286674087654],[-71.14363061973384,42.37528567347701],[-71.14364061933811,42.375217673654944],[-71.14387761891663,42.37431667395288],[-71.14392561911968,42.374082674135884],[-71.14360461879448,42.3740426735018],[-71.14206261837778,42.37384367307805],[-71.14185961912534,42.37381767306662],[-71.14175761871545,42.37380467316737],[-71.1416246185786,42.37378667366198],[-71.14123561889828,42.3737366729614],[-71.1408796188137,42.37369067399581],[-71.14044761866307,42.3736356730446],[-71.14031661814957,42.37361867308746],[-71.13999261818049,42.37357767256746],[-71.14007461744575,42.37267167290153],[-71.14011261757615,42.372013673434324],[-71.14019261755575,42.37156367363796],[-71.14027861791483,42.37110767320807],[-71.14036061876777,42.37070167275759],[-71.14037261851531,42.37064667319633],[-71.14045061814011,42.370367673147726],[-71.14059961737098,42.37002567331761],[-71.14081161771814,42.36968967235291],[-71.14089061741433,42.36955067291645],[-71.14100861751946,42.36934267310347],[-71.14134761891587,42.36882067248811],[-71.14162161855292,42.368391672096735],[-71.14183361888442,42.36804967236159],[-71.14210161789234,42.367646672118966],[-71.1422476181309,42.36739667157289],[-71.14246161857506,42.36702567146595],[-71.14255961824556,42.36691267159009],[-71.14261561903288,42.366865672473104],[-71.1427636181864,42.36679867207359],[-71.1429456187665,42.36672667242115],[-71.14320461900813,42.3666576716317],[-71.14359561883879,42.36656867168797],[-71.14426961952742,42.3664626717527],[-71.14424861922068,42.366402671231846],[-71.14420861870606,42.3663246719564],[-71.14390061843768,42.365636671673094],[-71.14385661837716,42.36553867174535],[-71.14382161842022,42.365455671411425],[-71.14370261889961,42.3651726709105],[-71.14366761933711,42.36508967232338],[-71.14329461845031,42.365092671866435],[-71.14290961912,42.365034671932],[-71.14248361845081,42.364946671800126],[-71.14213761829593,42.36482167151551],[-71.14190661857266,42.36474067231377],[-71.14139161797932,42.36458167177468],[-71.14099961813187,42.364503671665105],[-71.14064261808554,42.36443067082391],[-71.14040861710706,42.364409672253174],[-71.14012661794551,42.364424672202084],[-71.1398926183446,42.36444867245845],[-71.1396926180575,42.364483672206404],[-71.13946461686707,42.364564672156895],[-71.13914761702206,42.36471167149116],[-71.13897461716935,42.36482367149305],[-71.13856061767565,42.3651076717427],[-71.13753661614085,42.36600867260661],[-71.13705261683788,42.36642967187224],[-71.13697861617825,42.36647867134148],[-71.1365736170255,42.36674367247519],[-71.13630361662241,42.36692067220508],[-71.13616161681163,42.367012672506554],[-71.13594661618916,42.367150672147794],[-71.13580961626741,42.36723967188272],[-71.13571961678288,42.367282671697694],[-71.13559461683522,42.367323671764055],[-71.1355106159206,42.36735167276279],[-71.1353536161746,42.3674016721435],[-71.1352206163887,42.36744267255069],[-71.1350656163305,42.367490672945415],[-71.13472461663126,42.367576672432584],[-71.13416861559485,42.367767671774686],[-71.13380361544118,42.367950672644945],[-71.13344461524585,42.36816367277076],[-71.13293661538589,42.368495672316904],[-71.13237361539963,42.36889967239109],[-71.13211761456348,42.36915467259469],[-71.1319716152467,42.36934267300886],[-71.13187461547822,42.36950567249728],[-71.13179061487438,42.36969467322505],[-71.13177461545048,42.369796672896584],[-71.13176261481453,42.3698726725357],[-71.13178061581358,42.37001267313091],[-71.13179461497562,42.37011267296061],[-71.13184761555158,42.37039567335428],[-71.1319376149744,42.370599673280545],[-71.1320606148723,42.3708336726374],[-71.13221061458093,42.37101767354768],[-71.13232161521347,42.371135673083685],[-71.13278261603391,42.37155267288525],[-71.13287161670254,42.37164967272498],[-71.13290661612542,42.37168967332319],[-71.13297861585383,42.371773673631466],[-71.13302461651438,42.371826673387254],[-71.13304461614362,42.37191867332611],[-71.13309161606105,42.37198467274504],[-71.1331426161749,42.372174672954245],[-71.13317961629289,42.37234667411998],[-71.13316461593516,42.37245567321305],[-71.13315061544063,42.37257167339937],[-71.13310161570539,42.372709673835686],[-71.13296261584979,42.37294867358587],[-71.13271961541571,42.37320767316788],[-71.13245761588462,42.373390673466],[-71.1320706155739,42.3736036733179],[-71.13152561603545,42.37381067324607],[-71.13114761563799,42.37387667343687],[-71.13099761526055,42.37390067379623],[-71.13099861618144,42.37402067406253],[-71.13099961570599,42.3743606731098],[-71.13087261533862,42.37438367394366],[-71.13064561540048,42.374382673436735],[-71.13062761519127,42.37449867394328],[-71.13057961449462,42.37471367415469],[-71.12967861396534,42.374655673538385],[-71.12843361372933,42.37457567407042],[-71.12839261392128,42.375002673257846],[-71.12835661442561,42.3752216743593],[-71.12822061450625,42.37561867421853],[-71.1289776140261,42.375824674145946],[-71.12875961381198,42.3763386747295],[-71.12874161437453,42.376375674117284],[-71.12860161533835,42.376665674419456],[-71.12835261377475,42.37718167442469],[-71.12858861455923,42.37733267409857],[-71.12895461484096,42.3775516751143],[-71.12930661435422,42.37768667481314],[-71.12964561545635,42.37777567391981],[-71.12985561433847,42.37781367461996],[-71.12981561437923,42.37799667433249],[-71.1291846154749,42.37824167449267],[-71.12934161556363,42.37856167473398],[-71.12951861429451,42.378832674609264],[-71.12960561446374,42.37896467426097],[-71.1298506149339,42.379369674557836],[-71.13006661496686,42.37972367454256],[-71.13000861480322,42.37996067474533],[-71.12991461566645,42.38030467475425],[-71.12983561477336,42.38061067517296],[-71.12978161530455,42.3807806746506],[-71.12963961503712,42.38085067463434],[-71.12910161489387,42.380999674881465],[-71.12885561503094,42.38114167538181],[-71.12927161535498,42.38137567576909],[-71.12954161481257,42.3815406750952],[-71.1297756144895,42.38169367510843],[-71.12927561476354,42.38212767571189],[-71.12907261415289,42.382346675907634],[-71.12967861521672,42.38273367522082],[-71.13022461578596,42.38307367548996]]]},"properties":{"WARD":"9","PRECINCT":"1","WP_DISTRICT":"9-1","WP_NAME":"Cambridge Precinct 9-1","TOWN":"CAMBRIDGE","TOWN_ID":49}},{"type":"Feature","geometry":{"type":"Polygon","coordinates":[[[-71.14112161999546,42.39210067684688],[-71.14152061916583,42.39216367615146],[-71.14220962017599,42.39227267656589],[-71.14428062132463,42.39264667705189],[-71.1448426210712,42.392784677514015],[-71.14524862128135,42.392886676568004],[-71.14577762149963,42.393063677039805],[-71.1461916215927,42.39321167734236],[-71.14656462058413,42.393359677158166],[-71.14722862101188,42.39366067761307],[-71.14759862187113,42.393838676560364],[-71.14801962202827,42.394048676783214],[-71.14892562167354,42.39447867726293],[-71.14936862249046,42.39468367734327],[-71.14976062336474,42.394828677152645],[-71.15011562252857,42.39494167704354],[-71.15230662350511,42.395479676818496],[-71.15316962412858,42.39565167750382],[-71.15385162375688,42.39574867795865],[-71.154358624046,42.39580267733305],[-71.15476462443712,42.39583467659886],[-71.15479962472654,42.39583567737391],[-71.1551276236223,42.39585067636065],[-71.15546162389575,42.395861677138775],[-71.15552762422087,42.395860677355394],[-71.15616362486111,42.3958606771388],[-71.15630462445648,42.39586067701654],[-71.15638562533535,42.39583167697149],[-71.15682562459537,42.39555867694708],[-71.15714062474858,42.395363676611396],[-71.15735762498186,42.395228677097954],[-71.15838762569868,42.39460167680767],[-71.15837462507527,42.39455467698404],[-71.15834062638133,42.394437676676766],[-71.15821162467998,42.39403467639506],[-71.15808462532675,42.39363767683161],[-71.15796462523862,42.39329667632774],[-71.15790862516145,42.39310967679462],[-71.15778862489816,42.392682676913196],[-71.15766162448618,42.392266676349294],[-71.15748562513087,42.39174167610729],[-71.15726562506985,42.3910046763435],[-71.15725562518023,42.39095667607398],[-71.15711862430707,42.39056867603415],[-71.15707162468811,42.39037767582997],[-71.15705462557709,42.39026167637237],[-71.15705562441849,42.39012767634667],[-71.15709162565022,42.38990367525461],[-71.15717062537325,42.3896166755545],[-71.1573456251989,42.38895167587657],[-71.15738162472567,42.388740675572976],[-71.15744262560987,42.388484675373306],[-71.15757462511552,42.38799967517618],[-71.15763662484237,42.38772467559691],[-71.15768862417492,42.38753967512111],[-71.15775862385242,42.38737367545169],[-71.15788062468026,42.38719267505149],[-71.15798462445024,42.38705167537246],[-71.15810562573165,42.38694367546967],[-71.15823462462444,42.38685367598813],[-71.15838162395514,42.38678467482511],[-71.15861362601197,42.38673367563705],[-71.15892362576558,42.38669667520619],[-71.15987962534751,42.38655867524457],[-71.16026762531534,42.386476675269925],[-71.16033262569067,42.386452674849664],[-71.16026662550706,42.38634767567558],[-71.15865962427304,42.383853675382845],[-71.15828962505036,42.3832806745788],[-71.15801062362806,42.38286967489649],[-71.1579716243148,42.38281367492265],[-71.1578106245983,42.38246267446252],[-71.15781862428223,42.38235367421502],[-71.15779262439084,42.382219673765555],[-71.15759762424378,42.38215967413455],[-71.15693662436402,42.38190167495841],[-71.15656662495753,42.38178467516831],[-71.15617162403935,42.38168867505172],[-71.15596462321959,42.38164167464538],[-71.15581462369798,42.381607674315504],[-71.15574562398837,42.38159267354991],[-71.1554206238963,42.38151867429256],[-71.15525362325829,42.38148067457403],[-71.15494462409578,42.38140267424735],[-71.15470462344338,42.381293674636666],[-71.15447262347394,42.381132673982336],[-71.15418162358226,42.380914674250555],[-71.15399262328239,42.38079167489527],[-71.15378662304103,42.380714673471935],[-71.15364962298648,42.38067567414541],[-71.15344362302291,42.3806306744161],[-71.15324562317225,42.380552674297135],[-71.1530746228731,42.380456674897545],[-71.15281862254734,42.38026267427558],[-71.15263062296209,42.38014667446098],[-71.1524416230541,42.380063674742914],[-71.15208062241624,42.379959674169704],[-71.15165062326423,42.37993267443171],[-71.15130662240269,42.37986167411084],[-71.15102362205394,42.379764674011085],[-71.15079262180552,42.37960367336792],[-71.15050062185487,42.379410673689314],[-71.15040662165073,42.379353673918125],[-71.15024362164709,42.37926967462545],[-71.15001162153924,42.37920467452729],[-71.14985662183736,42.37916567441213],[-71.14834362136189,42.37892467429619],[-71.14786562086564,42.37882967377381],[-71.14766462152899,42.37879667431402],[-71.14743762097824,42.37875067397071],[-71.146945620855,42.37877867459696],[-71.1467096204419,42.378824673854886],[-71.14637161995367,42.378928674028614],[-71.1463496207457,42.37894067378843],[-71.14611362115261,42.379064674086436],[-71.1458946206442,42.37920967489174],[-71.14561162011303,42.379441674085065],[-71.14536362050545,42.37961367403336],[-71.14498961985191,42.379810674456216],[-71.14473861974469,42.37991467358393],[-71.14452161957824,42.3799716744616],[-71.14404262053661,42.38014967367363],[-71.14350561968546,42.38026167515102],[-71.14229761899092,42.38049067464565],[-71.14179261902258,42.380594674992544],[-71.14126361913313,42.38069867481647],[-71.14000761850477,42.38094367508319],[-71.13935561884034,42.381063675343704],[-71.13877661807767,42.38117867499681],[-71.1383416180532,42.38123467526591],[-71.1381366189022,42.381251675293974],[-71.13816261809109,42.381583674891246],[-71.13816761830921,42.38182567474024],[-71.13813661849595,42.38203267542301],[-71.13791561790345,42.38299767472689],[-71.13784761766341,42.38329567544869],[-71.13781861869795,42.38338667467402],[-71.13777261751974,42.383456675307826],[-71.1373086178978,42.38336467579765],[-71.13688661738485,42.383226675628435],[-71.13618061709019,42.38289167497591],[-71.13581961743766,42.38273067517983],[-71.13555061709623,42.38253167490828],[-71.13519861745034,42.38284167519449],[-71.13468061774785,42.383308675152485],[-71.13408761644918,42.383848675772576],[-71.1346926163345,42.384122676060905],[-71.13579461773307,42.38460867569183],[-71.13530861809251,42.385183675647724],[-71.13521161813769,42.385309675839885],[-71.13502261663216,42.3854196751298],[-71.1347586175772,42.38558067557548],[-71.1351176167791,42.3857196756323],[-71.13546761691092,42.38582867568201],[-71.13575461805702,42.38590067623806],[-71.13616661825829,42.3860446752859],[-71.13653561757388,42.38619067608541],[-71.13673561752498,42.38629567550641],[-71.13720961789979,42.38665267587653],[-71.13761461823817,42.386968676019364],[-71.13790161813392,42.387162676351515],[-71.13821061805191,42.38737767576244],[-71.13837261777832,42.38744867612678],[-71.13852661942757,42.38745767669917],[-71.13860061862701,42.38746167592669],[-71.13887661855742,42.38743367589458],[-71.1398786182279,42.3872956757416],[-71.14032461926503,42.387215675506944],[-71.14080962024617,42.38715067514312],[-71.1409936195891,42.38710567628438],[-71.1410176193229,42.386915675766915],[-71.1414926187042,42.387121676274525],[-71.1416376194622,42.38719867615852],[-71.14164061991524,42.38705967584443],[-71.14168562002176,42.38709167512879],[-71.1418376197534,42.387192675535346],[-71.1419466189397,42.38726567644219],[-71.14237761936529,42.38753667614417],[-71.14319962067229,42.38803167618332],[-71.14352561964964,42.38819667632955],[-71.14363462006912,42.388230676362205],[-71.14368362064944,42.388258676491205],[-71.14372462069052,42.38829267650352],[-71.14376562074204,42.388337676127556],[-71.14379162064918,42.38837867526815],[-71.14395462002497,42.388512676049416],[-71.14413462046367,42.38868867683963],[-71.14396662089558,42.388657676334645],[-71.14385361965684,42.3886496760408],[-71.14368462063064,42.388662675935116],[-71.14356262002362,42.388698675699686],[-71.14343662007654,42.38872067618544],[-71.14331361973562,42.38881867579906],[-71.1430976192964,42.38903867643254],[-71.14280061905947,42.38942067644546],[-71.1425596199841,42.38971667662442],[-71.14226361940351,42.390067676268586],[-71.14221461968144,42.39013167698258],[-71.14196061936418,42.390357676480996],[-71.14169962020515,42.39066667654765],[-71.14153561901759,42.390926677090064],[-71.14145061937798,42.3911036764942],[-71.1413606196459,42.39134867639572],[-71.14126661917706,42.39163467689313],[-71.14112161999546,42.39210067684688]]]},"properties":{"WARD":"9","PRECINCT":"2","WP_DISTRICT":"9-2","WP_NAME":"Cambridge Precinct 9-2","TOWN":"CAMBRIDGE","TOWN_ID":49}},{"type":"Feature","geometry":{"type":"Polygon","coordinates":[[[-71.14229761899092,42.38049067464565],[-71.14350561968546,42.38026167515102],[-71.14404262053661,42.38014967367363],[-71.14452161957824,42.3799716744616],[-71.14473861974469,42.37991467358393],[-71.14498961985191,42.379810674456216],[-71.14536362050545,42.37961367403336],[-71.14561162011303,42.379441674085065],[-71.1458946206442,42.37920967489174],[-71.14611362115261,42.379064674086436],[-71.1463496207457,42.37894067378843],[-71.14637161995367,42.378928674028614],[-71.1467096204419,42.378824673854886],[-71.146945620855,42.37877867459696],[-71.14743762097824,42.37875067397071],[-71.14766462152899,42.37879667431402],[-71.14786562086564,42.37882967377381],[-71.14834362136189,42.37892467429619],[-71.14985662183736,42.37916567441213],[-71.15001162153924,42.37920467452729],[-71.15024362164709,42.37926967462545],[-71.15040662165073,42.379353673918125],[-71.15050062185487,42.379410673689314],[-71.15079262180552,42.37960367336792],[-71.15102362205394,42.379764674011085],[-71.15130662240269,42.37986167411084],[-71.15165062326423,42.37993267443171],[-71.15208062241624,42.379959674169704],[-71.1524416230541,42.380063674742914],[-71.15263062296209,42.38014667446098],[-71.15281862254734,42.38026267427558],[-71.1530746228731,42.380456674897545],[-71.15324562317225,42.380552674297135],[-71.15344362302291,42.3806306744161],[-71.15364962298648,42.38067567414541],[-71.15378662304103,42.380714673471935],[-71.15399262328239,42.38079167489527],[-71.15418162358226,42.380914674250555],[-71.15447262347394,42.381132673982336],[-71.15470462344338,42.381293674636666],[-71.15494462409578,42.38140267424735],[-71.15525362325829,42.38148067457403],[-71.1554206238963,42.38151867429256],[-71.15574562398837,42.38159267354991],[-71.15581462369798,42.381607674315504],[-71.15562362374654,42.38148967455633],[-71.15520662371424,42.38117567413111],[-71.1553336241707,42.380916674576035],[-71.15500662406588,42.38032567422929],[-71.15505162285693,42.38020867351315],[-71.15529862446164,42.38030467354102],[-71.15565962305159,42.38043267449045],[-71.15572962347962,42.38045767413653],[-71.15592362423807,42.38053067405495],[-71.15623162441558,42.38064467375114],[-71.15619162453265,42.38052667405876],[-71.1561436236859,42.38038167439831],[-71.15600362350808,42.37996967412331],[-71.15581762386829,42.379411673272116],[-71.15568162422869,42.37900567404464],[-71.15539662434907,42.378154673629325],[-71.15525262310418,42.377726673905244],[-71.15517062296168,42.37747967339977],[-71.15513462386225,42.37737467360628],[-71.15506862324037,42.377176673816706],[-71.15491562275439,42.37672067300416],[-71.15474762382888,42.37622067333023],[-71.15474162308827,42.37620267397846],[-71.15470662290419,42.376096673199],[-71.15464362349037,42.37591367361333],[-71.15439562359187,42.375172673217925],[-71.15437362305636,42.37510367337117],[-71.15382062217357,42.375036673446346],[-71.15291362298068,42.37492667265824],[-71.15278562222278,42.374910672781716],[-71.15237662138895,42.37486267328112],[-71.15164262178426,42.37477367283896],[-71.15134162101751,42.37473667310531],[-71.15061062199628,42.37464967288925],[-71.15037862212006,42.37462167324445],[-71.1503016221733,42.37449167330276],[-71.15023962214322,42.37438567274385],[-71.1498646208515,42.3744596731907],[-71.14970262164817,42.37449267323158],[-71.14933962108951,42.374561673228605],[-71.14897662164155,42.37463667337192],[-71.14890662070273,42.37468667393787],[-71.14849462077824,42.374762673563225],[-71.14841162127495,42.37475067302722],[-71.14728461972844,42.37497667368981],[-71.14645461979279,42.37513267378982],[-71.14611961981984,42.375178672732666],[-71.14593762004836,42.37520367355564],[-71.14569562041528,42.375225673227504],[-71.14521062029787,42.375272674003824],[-71.14518861996366,42.37527467320022],[-71.14509161941632,42.37528367390462],[-71.14468061950814,42.37529167358989],[-71.14444862026629,42.37529167430092],[-71.14421962042262,42.3752896734882],[-71.14383161970795,42.375286674087654],[-71.14378961924177,42.37537767340445],[-71.14366161951675,42.37560567341579],[-71.14286061913248,42.37574967364597],[-71.14208161821864,42.375900673435495],[-71.14158361886672,42.37599467359058],[-71.1410686189781,42.37609467385492],[-71.14074361923461,42.376157674003004],[-71.140912618724,42.376349673856424],[-71.14108661901034,42.37658667349388],[-71.1412006182602,42.37683267401792],[-71.14139561855234,42.377099673955826],[-71.141500618727,42.377191674318475],[-71.14131961807577,42.377341673436575],[-71.14131761838837,42.37746667417529],[-71.14133161857373,42.37763067462956],[-71.14135861832679,42.37784567430696],[-71.14159261825243,42.37844967487543],[-71.14178461936977,42.37903167444401],[-71.14205461993325,42.37977067437286],[-71.14229761899092,42.38049067464565]]]},"properties":{"WARD":"9","PRECINCT":"3","WP_DISTRICT":"9-3","WP_NAME":"Cambridge Precinct 9-3","TOWN":"CAMBRIDGE","TOWN_ID":49}},{"type":"Feature","geometry":{"type":"Polygon","coordinates":[[[-71.18163463395572,42.41089067922921],[-71.18214763470152,42.41098667888798],[-71.18304563512567,42.41120567915738],[-71.1834816343598,42.41132167914379],[-71.18351463439257,42.41132967969044],[-71.18371263527484,42.411382679293],[-71.18389963486537,42.411432679238835],[-71.18434763524863,42.41158667883675],[-71.1845476353711,42.41165467923936],[-71.18459163445752,42.41166967863843],[-71.18723363555634,42.41258267925412],[-71.18744463576797,42.41266367922006],[-71.18767963642668,42.41275368003358],[-71.18992863682065,42.4136146786895],[-71.19107063717038,42.41409767944305],[-71.1915116373647,42.41428367919188],[-71.19170163743848,42.41436367962678],[-71.19196863726906,42.414476679161424],[-71.19222163715872,42.414569678888576],[-71.19429163879384,42.415329679337056],[-71.19433963892148,42.41524967983551],[-71.19439563915736,42.415157679310646],[-71.19449263870686,42.41499867944841],[-71.19507463933559,42.415184679483716],[-71.19523163856256,42.41523467957625],[-71.19535563919388,42.41527367902243],[-71.19529763808754,42.41518067949007],[-71.19520863918666,42.415036680232305],[-71.19510863865986,42.41487567981924],[-71.1950016389207,42.41470368013995],[-71.19491663852344,42.414558679324124],[-71.1946726390178,42.41414067849103],[-71.19456963915178,42.41397967951495],[-71.19433263793569,42.413536678772616],[-71.1942576384262,42.4133986792938],[-71.19462663795257,42.41346267882479],[-71.19492563846181,42.413515679392766],[-71.19605363973103,42.41370667913087],[-71.19782363895666,42.414010679038],[-71.19824463973936,42.414083679229364],[-71.20261264064695,42.41483467928346],[-71.20264264076911,42.4148376790686],[-71.20317864097518,42.414287678836835],[-71.2040706420394,42.41336567909095],[-71.20633064275063,42.411077678918],[-71.20745164238546,42.40994267819669],[-71.20760364252264,42.40978867835148],[-71.20758164230713,42.40977667763476],[-71.20716864212147,42.40954167811208],[-71.20620664127179,42.408976678136426],[-71.20537164122327,42.408508677359634],[-71.20404264138085,42.40775067802245],[-71.2029496402573,42.407135677805336],[-71.20244264014033,42.406859677440245],[-71.20201064080966,42.40662367734412],[-71.20175064093657,42.406481677043004],[-71.20138363961655,42.40627567806328],[-71.2003216400449,42.405682677162446],[-71.20004963937218,42.405526677560616],[-71.19894263937435,42.404893677811565],[-71.19817063905029,42.40446367780417],[-71.19759363875991,42.40412467711875],[-71.19724763895404,42.40392667747516],[-71.19692363804505,42.40373167680858],[-71.1964826381636,42.40343367684296],[-71.19595763848118,42.40310067744535],[-71.1958966386742,42.403055677172524],[-71.19558563880602,42.40282667752302],[-71.19550763854855,42.4027596770578],[-71.19526963748447,42.40265367710348],[-71.19509763809995,42.40255767713394],[-71.19366563703757,42.40159167706834],[-71.19315363665595,42.40124567676702],[-71.19280263642948,42.40102567718331],[-71.19248763681969,42.40084867715722],[-71.19227363678984,42.400741677231835],[-71.19194263725696,42.40060767690246],[-71.19152763724671,42.40050967669267],[-71.19086763615098,42.400353676757135],[-71.18925263539272,42.399869676404826],[-71.18834463576961,42.399601676474774],[-71.18798963556554,42.399497676132995],[-71.1864806351008,42.39907267694415],[-71.18560063538206,42.39881667639689],[-71.18520163404084,42.39870067614601],[-71.18406263466603,42.398383676088926],[-71.18374663373702,42.3983186769096],[-71.18362963392168,42.39830067658861],[-71.18349563440128,42.39828067669537],[-71.18329563357047,42.39826367660533],[-71.18305163335523,42.398257677013845],[-71.18293663345537,42.39826867670838],[-71.18251463319639,42.3982766771795],[-71.18027463319493,42.398330676250254],[-71.17891763156578,42.39834267727827],[-71.17860163249611,42.39833667711173],[-71.17837263207394,42.398303676874875],[-71.17824363176041,42.398249676872304],[-71.17814363236377,42.398153676191555],[-71.17810063124594,42.39806767669738],[-71.17810163135515,42.397966676519204],[-71.17837663207496,42.39689567722993],[-71.17837763179494,42.396799677161574],[-71.1783496326947,42.39669867692585],[-71.17829263169784,42.39660667670423],[-71.17822263183605,42.39654767668116],[-71.1780636320089,42.396483676901575],[-71.1779446320322,42.396454676398335],[-71.17759063086105,42.39636567673105],[-71.17726763130992,42.39629967587802],[-71.17699563217215,42.39626767671125],[-71.17660763120814,42.396266676119495],[-71.17617763180807,42.39630267628384],[-71.17611963176176,42.39631367649905],[-71.17585463095324,42.39636567671101],[-71.17554863047353,42.39647667654162],[-71.17527263085456,42.396539676403215],[-71.17487763181462,42.3965866773354],[-71.17474163191385,42.39671167645668],[-71.17461663143268,42.39688567620401],[-71.17454463140648,42.39701267729003],[-71.17413963083143,42.39752967678439],[-71.1736956300234,42.398135676365584],[-71.17320163035839,42.39883267714568],[-71.17314663017282,42.398909676487726],[-71.1730816310397,42.39899767759196],[-71.17285063145965,42.39925367750681],[-71.17250563012843,42.399540676820095],[-71.17223163059226,42.39978567775383],[-71.17154062986334,42.4002466777001],[-71.17020162992807,42.40114467800939],[-71.16982862876854,42.401399677787445],[-71.16949862926974,42.401590677649686],[-71.16920362932221,42.40174967780752],[-71.1689876301859,42.40189867731466],[-71.16867362958696,42.40159967778103],[-71.16848162904745,42.40131567726285],[-71.16815062892857,42.401527677446936],[-71.1677266287684,42.40178867764503],[-71.16750462886847,42.40191067846407],[-71.1672886291639,42.40199567772759],[-71.16690762800563,42.402111677317905],[-71.1665336283084,42.40225967825958],[-71.16629662907515,42.40236067844801],[-71.16573562790495,42.40263567750017],[-71.16519362755065,42.40288267827661],[-71.16532162874178,42.40302367825965],[-71.16580962835259,42.403511677698596],[-71.16596362819762,42.40366567859581],[-71.16631862825609,42.40406167848076],[-71.1660186288494,42.40427367770732],[-71.16520062806813,42.404824678287746],[-71.16495562800878,42.404935677887295],[-71.16464362738839,42.40510467830251],[-71.16433962788192,42.405276678417685],[-71.1642346278313,42.4053436785799],[-71.16416662866241,42.40538867854001],[-71.16405462870478,42.405471678522964],[-71.16414662821994,42.405520678060235],[-71.1641786280831,42.405541678542754],[-71.16402962856546,42.40564767881852],[-71.16392562807597,42.40572367897113],[-71.16384262688142,42.40578467874792],[-71.16400262723182,42.40582967900015],[-71.16521462874924,42.40617167853736],[-71.16686462889353,42.40671067805907],[-71.16699662929108,42.406760678736106],[-71.17054662997643,42.40809467877207],[-71.17084563028897,42.408206679496054],[-71.17157663047804,42.40847367899333],[-71.17228763023043,42.40871267953782],[-71.1731626311453,42.40900467881409],[-71.17361763054302,42.40913967874154],[-71.17406063126934,42.40927167917901],[-71.17436263129648,42.40936067987794],[-71.17442463203399,42.4093786798096],[-71.17538863103694,42.4096686792867],[-71.17590263227038,42.40980367896764],[-71.17621463269788,42.40988567899773],[-71.17677263179046,42.41001867928928],[-71.17715163289853,42.41011567891532],[-71.17756763342223,42.41019467912147],[-71.17770563361456,42.410220678420565],[-71.17793563280708,42.41026467851759],[-71.17845863346255,42.41036067852845],[-71.17972063302025,42.41055867877503],[-71.17978563376634,42.410569679119924],[-71.18104263385717,42.41078067969791],[-71.18163463395572,42.41089067922921]]]},"properties":{"WARD":null,"PRECINCT":"2","WP_DISTRICT":"2","WP_NAME":"Belmont Precinct 2","TOWN":"BELMONT","TOWN_ID":26}},{"type":"Feature","geometry":{"type":"Polygon","coordinates":[[[-71.17554863047353,42.39647667654162],[-71.17585463095324,42.39636567671101],[-71.17611963176176,42.39631367649905],[-71.17617763180807,42.39630267628384],[-71.17660763120814,42.396266676119495],[-71.17699563217215,42.39626767671125],[-71.17726763130992,42.39629967587802],[-71.17759063086105,42.39636567673105],[-71.1779446320322,42.396454676398335],[-71.1780636320089,42.396483676901575],[-71.17822263183605,42.39654767668116],[-71.17829263169784,42.39660667670423],[-71.1783496326947,42.39669867692585],[-71.17837763179494,42.396799677161574],[-71.17837663207496,42.39689567722993],[-71.17810163135515,42.397966676519204],[-71.17810063124594,42.39806767669738],[-71.17814363236377,42.398153676191555],[-71.17824363176041,42.398249676872304],[-71.17837263207394,42.398303676874875],[-71.17860163249611,42.39833667711173],[-71.17891763156578,42.39834267727827],[-71.18027463319493,42.398330676250254],[-71.18251463319639,42.3982766771795],[-71.18293663345537,42.39826867670838],[-71.18305163335523,42.398257677013845],[-71.18329563357047,42.39826367660533],[-71.18349563440128,42.39828067669537],[-71.18362963392168,42.39830067658861],[-71.18374663373702,42.3983186769096],[-71.18406263466603,42.398383676088926],[-71.18520163404084,42.39870067614601],[-71.18560063538206,42.39881667639689],[-71.1864806351008,42.39907267694415],[-71.18798963556554,42.399497676132995],[-71.18834463576961,42.399601676474774],[-71.18925263539272,42.399869676404826],[-71.19086763615098,42.400353676757135],[-71.19152763724671,42.40050967669267],[-71.19194263725696,42.40060767690246],[-71.19227363678984,42.400741677231835],[-71.19248763681969,42.40084867715722],[-71.19280263642948,42.40102567718331],[-71.19315363665595,42.40124567676702],[-71.19366563703757,42.40159167706834],[-71.19509763809995,42.40255767713394],[-71.19526963748447,42.40265367710348],[-71.19550763854855,42.4027596770578],[-71.19558563880602,42.40282667752302],[-71.1958966386742,42.403055677172524],[-71.19595763848118,42.40310067744535],[-71.1964826381636,42.40343367684296],[-71.19692363804505,42.40373167680858],[-71.19724763895404,42.40392667747516],[-71.19759363875991,42.40412467711875],[-71.19817063905029,42.40446367780417],[-71.19894263937435,42.404893677811565],[-71.20004963937218,42.405526677560616],[-71.2003216400449,42.405682677162446],[-71.20138363961655,42.40627567806328],[-71.20175064093657,42.406481677043004],[-71.20201064080966,42.40662367734412],[-71.20244264014033,42.406859677440245],[-71.2029496402573,42.407135677805336],[-71.20404264138085,42.40775067802245],[-71.20537164122327,42.408508677359634],[-71.20620664127179,42.408976678136426],[-71.20716864212147,42.40954167811208],[-71.20758164230713,42.40977667763476],[-71.20760364252264,42.40978867835148],[-71.20821164197729,42.409173678026825],[-71.20892464268431,42.40845067761583],[-71.21100564317425,42.406342677376614],[-71.2110836439608,42.40626367700136],[-71.21122964437761,42.40611667755323],[-71.21126164409078,42.40608267796225],[-71.21085864354319,42.405979676905645],[-71.20815364165067,42.40522267719914],[-71.20693364210307,42.40489367780781],[-71.20533264175312,42.404453677038745],[-71.20428664090647,42.40416667759629],[-71.20267964054666,42.403722677530354],[-71.2026286414402,42.40371067654659],[-71.20259364051535,42.403651676621216],[-71.20257664009192,42.403587677162925],[-71.20262063998135,42.40351467683831],[-71.20261464054602,42.403460677252944],[-71.20260464078629,42.403381676598606],[-71.20254364098177,42.40323467691446],[-71.20245564003456,42.40315667738446],[-71.20239864022035,42.40311767684027],[-71.20236164052695,42.403075676960334],[-71.20233763969819,42.403025676634435],[-71.20225864113914,42.40296067679565],[-71.20219364037665,42.40288167693504],[-71.20204364034147,42.402816676855124],[-71.20196963927603,42.402790676163],[-71.20190764027808,42.402734676935005],[-71.20181163984446,42.40261667676311],[-71.2018166401678,42.40257767629682],[-71.20176364050955,42.40251567746305],[-71.20171964001611,42.402482676382654],[-71.20170264046392,42.4024336771612],[-71.20178964078413,42.40227867718165],[-71.20181564014261,42.40220767682415],[-71.2018406396564,42.40214467731593],[-71.20184964111853,42.40207967645832],[-71.20183263992084,42.40204467742716],[-71.20181863984973,42.40202367734615],[-71.20162264018253,42.401784676542015],[-71.20159263982515,42.40174367674511],[-71.2015746409029,42.401703676756966],[-71.20157863983232,42.40166067647334],[-71.20165364040679,42.40158267661299],[-71.2016636405698,42.401570676658764],[-71.20174264012661,42.401469676067855],[-71.20178163958556,42.4014036771149],[-71.20179963962399,42.40138267711879],[-71.20179963949906,42.40130467726009],[-71.2017566394138,42.40125367596738],[-71.20172663967175,42.40117267606473],[-71.20170964069209,42.40106467637915],[-71.2016656406036,42.40098367617925],[-71.20162163986257,42.40091467663107],[-71.20160863972788,42.40087567720213],[-71.20162663943113,42.40082667596134],[-71.20162564046397,42.40060467713331],[-71.20161364011155,42.400574676747546],[-71.20150763994326,42.4003896770237],[-71.20119463997231,42.40009867623158],[-71.20091863935126,42.39987567671881],[-71.20078463924325,42.39970767634931],[-71.20074363917604,42.39965667625289],[-71.20063864023787,42.39949067680201],[-71.20062163933805,42.39946667623743],[-71.20044763945963,42.39941667587905],[-71.20029063870545,42.39937467706654],[-71.2002616397481,42.39934167575222],[-71.20024563950746,42.39932467648158],[-71.20023663871211,42.39931267666715],[-71.20022863990025,42.39929967565442],[-71.20022563927814,42.39928567575068],[-71.20022263928861,42.39926667571631],[-71.20022063930976,42.39925067620536],[-71.2002206388863,42.39923667691436],[-71.20022263923988,42.39922467604596],[-71.2002336388186,42.39919067607027],[-71.20023763934716,42.39917567619083],[-71.20024564012203,42.399153676282374],[-71.20025163949563,42.399134676281264],[-71.20025563954677,42.39911567647397],[-71.2002586390751,42.39909967648069],[-71.20025863915524,42.39907967685155],[-71.20025663953088,42.399066676160515],[-71.20025463915798,42.399057676293644],[-71.20024863980322,42.39904567619441],[-71.20023963904711,42.399033676379446],[-71.20023163881474,42.39901867674972],[-71.20022663924605,42.39900767585893],[-71.20022163990642,42.39899867628184],[-71.20021064020267,42.39898967547812],[-71.20019263890218,42.39897767651984],[-71.20017563859952,42.39896667677212],[-71.20016963950272,42.39895667618197],[-71.2001666391341,42.39892367685262],[-71.20016563953885,42.3989136757836],[-71.20016663965339,42.39889667577767],[-71.20016763981974,42.398869676406726],[-71.20016863993733,42.39885267550034],[-71.20016864004582,42.39883267587009],[-71.20016863951892,42.398817676370776],[-71.2001686396903,42.39880867631235],[-71.20016363968531,42.3987936754909],[-71.20015863967424,42.39877867646972],[-71.20015263937904,42.39876867677535],[-71.20014663932352,42.39876067569398],[-71.20012463909204,42.39873467601578],[-71.20011663961397,42.39872567671825],[-71.20010663916128,42.398712676780946],[-71.20009963923191,42.39870267627921],[-71.2000946397069,42.39869167628212],[-71.20008863984035,42.398674676939365],[-71.20008263872298,42.39864667622012],[-71.20008063937138,42.39863567683887],[-71.19994563910866,42.398549676268225],[-71.19993263924684,42.3985536765095],[-71.19991563923327,42.398554676501846],[-71.19990163938563,42.39855567621285],[-71.19988763920168,42.398553676201516],[-71.1998646392938,42.39854767619795],[-71.19983863999583,42.3985376765427],[-71.19982763965044,42.39853267652607],[-71.19981763995277,42.39852567600434],[-71.19979964007783,42.39851367608619],[-71.1997896392806,42.3985076757658],[-71.19977863994136,42.39850067533373],[-71.19976763949425,42.398494676004596],[-71.19975763991769,42.39848867568458],[-71.19974663936628,42.39848167614649],[-71.19973463895187,42.398472676285955],[-71.19972463927402,42.39846567575602],[-71.1997146395941,42.398458676125514],[-71.19970663921423,42.398451676309456],[-71.19969963959223,42.398443676196756],[-71.19969263875721,42.3984356760804],[-71.19967763922165,42.39841367650345],[-71.19965863914157,42.39838467583991],[-71.1996306393925,42.398351676064365],[-71.19960963941342,42.39831667613407],[-71.19959263868218,42.39828767617624],[-71.19958564009153,42.398277676545646],[-71.19957563849867,42.39826367635066],[-71.1995676399512,42.398250676189],[-71.19955963908302,42.39823867622743],[-71.19955263865282,42.39822267624958],[-71.19954963902117,42.398204676399956],[-71.19954663917086,42.398161675881475],[-71.19953763855779,42.39812567644752],[-71.19953563905419,42.39810067596019],[-71.1995346390342,42.39808567654915],[-71.19953763922284,42.398051675550455],[-71.19954163893676,42.39801667605393],[-71.19954863921049,42.397985676215455],[-71.19955463889322,42.39796867665965],[-71.19956663947237,42.39793467574958],[-71.1995736392532,42.39791067645536],[-71.19957363929821,42.39789967598075],[-71.1995766392625,42.39788667572177],[-71.19958263961024,42.39786467603193],[-71.19958663942208,42.39785367609554],[-71.199587639354,42.397833676369295],[-71.19958763918493,42.39782067548024],[-71.19958663915712,42.39780567606865],[-71.19958863894254,42.39778767576486],[-71.19959163914768,42.397765676344775],[-71.19958963859324,42.397753675842154],[-71.19958063951012,42.39773167570725],[-71.19954563902775,42.3976646758025],[-71.19953863908889,42.39765267575006],[-71.19952363899972,42.39761167581668],[-71.1995206396148,42.39759567637807],[-71.19951863934311,42.397574675812656],[-71.19951763944115,42.39751467609078],[-71.19951463879829,42.397486675965645],[-71.1995076394683,42.39746867557093],[-71.19948763969194,42.39743567593498],[-71.19947263835193,42.39741667604118],[-71.19945263913704,42.39738867563438],[-71.19944163877528,42.397369675382144],[-71.19943563861959,42.39735867634008],[-71.19942963996148,42.397338676339054],[-71.19942963892018,42.3973286760671],[-71.19940863973457,42.39730867649659],[-71.19934663888992,42.39726667598905],[-71.19930863905726,42.39723767603397],[-71.1992756399278,42.397197676053516],[-71.19925963857617,42.397173675183026],[-71.19923963810875,42.39714367612037],[-71.19922163924521,42.39711267667685],[-71.19917363977945,42.39706067548634],[-71.19913963815401,42.39702667588706],[-71.19909763936617,42.396990675659154],[-71.1990736392916,42.39697267579512],[-71.19904563810579,42.39695267585141],[-71.19902963919307,42.39693967543104],[-71.19895863919795,42.39685267606338],[-71.19892463920948,42.396820675916594],[-71.19885563933262,42.3967526757478],[-71.1988266393394,42.39672667549379],[-71.19877163902869,42.39666967547741],[-71.1987086393296,42.39662467588228],[-71.19867663845972,42.39658867556372],[-71.19863363886326,42.39653367580614],[-71.19856663866418,42.3964636757788],[-71.19848963895052,42.39638167583386],[-71.19843963829288,42.396335675727094],[-71.19840763833649,42.39630667588349],[-71.19833363925643,42.39626867570924],[-71.19829363882363,42.39625367576776],[-71.1982776394574,42.39624567537479],[-71.19825763860851,42.39623067564021],[-71.19823263870136,42.39618967540894],[-71.19822763859163,42.396165675327175],[-71.19822463781342,42.396128675992486],[-71.1973166386016,42.395708676335346],[-71.19720163881223,42.39563467533948],[-71.19703163837953,42.395565675417366],[-71.1969776378295,42.39552667548677],[-71.19693163888945,42.395485675482654],[-71.19681563882621,42.39546467525771],[-71.19678163816974,42.39543167605378],[-71.19662763820627,42.39523767553643],[-71.19655863832055,42.39507767555943],[-71.1964846377503,42.3949276761249],[-71.19629663757702,42.39441367561832],[-71.19628463773273,42.39436967531669],[-71.1962846373651,42.39434067559112],[-71.19628463743422,42.394319675728546],[-71.19633063802618,42.394039675011975],[-71.19642863719866,42.393917675048904],[-71.19654663759395,42.39384367560751],[-71.19666163844181,42.39380067458339],[-71.19667663844325,42.39378567499345],[-71.19722463860538,42.39346967504957],[-71.19758463775302,42.393223674770404],[-71.19761863833519,42.393201674918764],[-71.19765463893425,42.39317567497853],[-71.19773563728849,42.39309167493517],[-71.19776363783967,42.39294367447609],[-71.19781063824959,42.392886675319495],[-71.19789163826667,42.392830674691446],[-71.1979406379172,42.39279267478061],[-71.19796863851425,42.3927426757539],[-71.19796463817183,42.39268667520557],[-71.1979346376187,42.392650674489886],[-71.19790263797144,42.3926296743408],[-71.19784963852484,42.392600674995876],[-71.19779863835859,42.392588675412846],[-71.19777363849815,42.39257267484501],[-71.19770263835271,42.39246067479257],[-71.19766063793283,42.39238467466172],[-71.19762463848761,42.39232367450088],[-71.19758363745731,42.392291675324614],[-71.1975206389652,42.3922746754518],[-71.19745063847775,42.39223667526798],[-71.19740663772126,42.39218767450293],[-71.19735163755533,42.392178675628976],[-71.19729263812732,42.39218867466671],[-71.19724963792248,42.39218667455847],[-71.19720663830917,42.39217567526204],[-71.19716263820901,42.392150674901735],[-71.19707463784931,42.39207867494844],[-71.19702863764307,42.3919816749775],[-71.19702463749319,42.39187867539546],[-71.19701163876984,42.3917346741824],[-71.19699763705259,42.391666675358195],[-71.19696163834436,42.39156367522761],[-71.19699163845048,42.39140567448077],[-71.19699263834397,42.39139267530394],[-71.1969546387079,42.39120267516199],[-71.1969596377844,42.391000675010844],[-71.19698763768226,42.39092167465275],[-71.19697363814461,42.39084667525805],[-71.196932638019,42.39080867458609],[-71.19675763796265,42.390728674888116],[-71.19672463744854,42.39066367428377],[-71.19674263783703,42.390552675155945],[-71.19661663827071,42.39049067488236],[-71.1965826377026,42.39047367441211],[-71.19638063751589,42.39037467458852],[-71.19595263710067,42.390173674644416],[-71.19540863718922,42.389907674808065],[-71.1950976373826,42.38975867526877],[-71.19401863732392,42.38935367389583],[-71.1936206356532,42.389195674729464],[-71.19319863689881,42.38901267428464],[-71.19287963612317,42.3888646745776],[-71.19271263642334,42.38879367479548],[-71.19249663658132,42.38867767485272],[-71.1917746356539,42.388344674652885],[-71.19141363640276,42.38814267485708],[-71.19105563567328,42.38793367419556],[-71.19094463642516,42.38787967448544],[-71.19053963482644,42.38775067434552],[-71.19044363493875,42.38771967429505],[-71.19038763557423,42.38770367421647],[-71.18996163587332,42.3875836741303],[-71.18978663535174,42.38752767415554],[-71.18887063547535,42.38727467401174],[-71.18847863482337,42.387166674628396],[-71.18787263427241,42.38699067438873],[-71.18697063370966,42.386672674369414],[-71.18653463427893,42.38650667417739],[-71.18586263418277,42.3862726738396],[-71.18487063400138,42.38590667418366],[-71.184270633431,42.385689673473664],[-71.18391563343577,42.38557367367517],[-71.18339063279603,42.386111674873675],[-71.18248163297825,42.38704167466715],[-71.18220063294007,42.38732267453287],[-71.18153763287944,42.388019674891225],[-71.18078763252467,42.38880167473123],[-71.18066963249768,42.38893367479125],[-71.18056763311938,42.3890436749226],[-71.18022963217223,42.38940767488352],[-71.18002063285515,42.38961967488049],[-71.1798336315973,42.389752675032184],[-71.17966663225656,42.3898376754904],[-71.17930663167813,42.390023674986516],[-71.17906963265895,42.390177674876455],[-71.17872663188426,42.389968675008646],[-71.17847563216633,42.38983467505533],[-71.17835363101207,42.389812675179144],[-71.17823163220561,42.3898176754386],[-71.17817763137991,42.38982467533126],[-71.17806663114956,42.38983867565388],[-71.17783163108498,42.38987567567894],[-71.17741663114175,42.389950675658376],[-71.17693463141457,42.39003867513165],[-71.17676163145494,42.389636674848724],[-71.17662863080918,42.38938167528343],[-71.17633063112936,42.38894867471922],[-71.17613563086175,42.3890066747663],[-71.17594963173971,42.389037675259395],[-71.17565563129152,42.389047674551875],[-71.17539763038567,42.389046675116866],[-71.17488763028398,42.38906667538229],[-71.17389663046414,42.38919167554872],[-71.1738386300576,42.38945867524615],[-71.17376363027121,42.390087675651074],[-71.17375963043939,42.39011767510533],[-71.17375963044532,42.39028267550453],[-71.17378862942567,42.39072767547538],[-71.17382563033607,42.39130467531451],[-71.17387263036413,42.39162067575976],[-71.17396563035801,42.392055675668104],[-71.1740226297515,42.392244675948916],[-71.17413563100713,42.39240167595475],[-71.17437163130978,42.39265567605019],[-71.17455763006973,42.392795676051215],[-71.17513763055565,42.39327967588439],[-71.17605463102896,42.39408167639535],[-71.17637063180727,42.3944416764787],[-71.17655063158989,42.394742676379884],[-71.17661163149559,42.394948676516194],[-71.1765566310266,42.395145675546665],[-71.17644463166593,42.39527967671577],[-71.17638763177705,42.39532967630383],[-71.17617663189652,42.395515676978114],[-71.17596063122807,42.39564367630117],[-71.17574463077943,42.39573167588596],[-71.17549163118504,42.395778676527364],[-71.17549063091822,42.39604667642658],[-71.17548963112858,42.39617567707044],[-71.17554863047353,42.39647667654162]]]},"properties":{"WARD":null,"PRECINCT":"3","WP_DISTRICT":"3","WP_NAME":"Belmont Precinct 3","TOWN":"BELMONT","TOWN_ID":26}},{"type":"Feature","geometry":{"type":"Polygon","coordinates":[[[-71.18391563343577,42.38557367367517],[-71.184270633431,42.385689673473664],[-71.18487063400138,42.38590667418366],[-71.18586263418277,42.3862726738396],[-71.18653463427893,42.38650667417739],[-71.18697063370966,42.386672674369414],[-71.18787263427241,42.38699067438873],[-71.18847863482337,42.387166674628396],[-71.18887063547535,42.38727467401174],[-71.18978663535174,42.38752767415554],[-71.18996163587332,42.3875836741303],[-71.19038763557423,42.38770367421647],[-71.19044363493875,42.38771967429505],[-71.19053963482644,42.38775067434552],[-71.19094463642516,42.38787967448544],[-71.19105563567328,42.38793367419556],[-71.19141363640276,42.38814267485708],[-71.1917746356539,42.388344674652885],[-71.19249663658132,42.38867767485272],[-71.19271263642334,42.38879367479548],[-71.19287963612317,42.3888646745776],[-71.19319863689881,42.38901267428464],[-71.1936206356532,42.389195674729464],[-71.19401863732392,42.38935367389583],[-71.1950976373826,42.38975867526877],[-71.19540863718922,42.389907674808065],[-71.19595263710067,42.390173674644416],[-71.19638063751589,42.39037467458852],[-71.1965826377026,42.39047367441211],[-71.19661663827071,42.39049067488236],[-71.19674263783703,42.390552675155945],[-71.19674363740364,42.39053367472559],[-71.19678163750145,42.390416674827584],[-71.19680063784838,42.390334674469905],[-71.19681563822374,42.390049675204665],[-71.19684963840369,42.38987167450122],[-71.19684963797923,42.389826674105095],[-71.19681763870722,42.389744674400575],[-71.19673863794006,42.38969667495721],[-71.19666063838257,42.38965467485017],[-71.19652463818935,42.38956967389773],[-71.19645963786317,42.389493674724555],[-71.19632363734266,42.38941367457368],[-71.19624563716737,42.38934867477444],[-71.19607463759127,42.38924467414041],[-71.1958856369203,42.38909667499248],[-71.19568663788145,42.38890767382105],[-71.19556763781112,42.38875967469026],[-71.19536663678987,42.38853667403976],[-71.19524563729446,42.388402673995735],[-71.19517163720758,42.388364674386764],[-71.19508363658012,42.38834667422414],[-71.19495463717466,42.388281674308715],[-71.19487663735833,42.38817867460706],[-71.19488663693001,42.38806167483237],[-71.19494663662198,42.38799667446787],[-71.19517463702972,42.38784267390293],[-71.19540663711574,42.3877296740515],[-71.19544363760443,42.38767867398824],[-71.19545763719829,42.3876106742963],[-71.19543063738425,42.38753767486904],[-71.19544363769523,42.38747467447901],[-71.19553163727821,42.38740867388151],[-71.19542663718559,42.387303674684475],[-71.19536463701377,42.38724067470494],[-71.19514463710794,42.38701867389498],[-71.19511763742827,42.38699967399664],[-71.19508263777688,42.38696367453648],[-71.19486263726333,42.38673767412828],[-71.1947416365062,42.38661367377926],[-71.19454363686229,42.38641167401845],[-71.19446063588721,42.38632567417408],[-71.19434663669726,42.38620867454892],[-71.19417763653836,42.3860396734651],[-71.19414763655135,42.38600967385323],[-71.19409763623148,42.38595967448118],[-71.1940756369247,42.38593667418255],[-71.19386663614829,42.38570267415645],[-71.19346663570083,42.3852826733392],[-71.19341363687829,42.385223673682454],[-71.19296563553632,42.38473767331667],[-71.19280163526966,42.38456767426341],[-71.1921466354898,42.383857673789564],[-71.19151063609432,42.38317667336951],[-71.19119363600423,42.38283867364654],[-71.19071663492714,42.38232267362782],[-71.19032963460074,42.381906672946585],[-71.19022563493233,42.38179467363915],[-71.1897166357547,42.38129867379662],[-71.18922763553745,42.3808036736427],[-71.18915963434272,42.380725673318906],[-71.18910763467639,42.38072067310048],[-71.18862763505436,42.3806336737308],[-71.18813363417344,42.380553673691274],[-71.1875826339754,42.38047767334945],[-71.18709863459915,42.38040567249875],[-71.18677963315312,42.380371673232844],[-71.18651763369797,42.38035867350641],[-71.18617363296146,42.38037067268393],[-71.18582163298034,42.380387672553105],[-71.18549963377065,42.38043067333393],[-71.18516563372678,42.380449673109595],[-71.18434763307714,42.38042767324006],[-71.18390263372382,42.38040567297539],[-71.18353063255482,42.38038767279724],[-71.18299063292373,42.380361673276155],[-71.18270663224403,42.38035767366847],[-71.18275163298433,42.381429673399694],[-71.18272163260202,42.381578673480206],[-71.18264263281783,42.38170667350262],[-71.18244763265913,42.38195767373188],[-71.1819856324217,42.38252967351465],[-71.18157763233467,42.382464673762755],[-71.18117963178487,42.38239367379581],[-71.1805926325609,42.38229067410564],[-71.18039163151464,42.38228567392316],[-71.18028463147218,42.38230067329087],[-71.18004463261586,42.3824916730573],[-71.18013963251256,42.382557673867176],[-71.18043863210386,42.38278767374597],[-71.1810306326671,42.38333967390259],[-71.18152963144523,42.38379967410743],[-71.18218263282803,42.38438867373255],[-71.1825316329252,42.38472567472778],[-71.18266463212026,42.3848576742096],[-71.18285263261511,42.38501167403826],[-71.18314663327354,42.385202673510015],[-71.18333563259691,42.385310674603346],[-71.18351863282282,42.38540667436078],[-71.18376863295042,42.385518674099146],[-71.18391563343577,42.38557367367517]]]},"properties":{"WARD":null,"PRECINCT":"4","WP_DISTRICT":"4","WP_NAME":"Belmont Precinct 4","TOWN":"BELMONT","TOWN_ID":26}},{"type":"Feature","geometry":{"type":"Polygon","coordinates":[[[-71.17389663046414,42.38919167554872],[-71.17488763028398,42.38906667538229],[-71.17539763038567,42.389046675116866],[-71.17565563129152,42.389047674551875],[-71.17594963173971,42.389037675259395],[-71.17613563086175,42.3890066747663],[-71.17633063112936,42.38894867471922],[-71.17662863080918,42.38938167528343],[-71.17676163145494,42.389636674848724],[-71.17693463141457,42.39003867513165],[-71.17741663114175,42.389950675658376],[-71.17783163108498,42.38987567567894],[-71.17806663114956,42.38983867565388],[-71.17817763137991,42.38982467533126],[-71.17823163220561,42.3898176754386],[-71.17835363101207,42.389812675179144],[-71.17847563216633,42.38983467505533],[-71.17872663188426,42.389968675008646],[-71.17906963265895,42.390177674876455],[-71.17930663167813,42.390023674986516],[-71.17966663225656,42.3898376754904],[-71.1798336315973,42.389752675032184],[-71.18002063285515,42.38961967488049],[-71.18022963217223,42.38940767488352],[-71.18056763311938,42.3890436749226],[-71.18066963249768,42.38893367479125],[-71.18078763252467,42.38880167473123],[-71.18153763287944,42.388019674891225],[-71.18220063294007,42.38732267453287],[-71.18248163297825,42.38704167466715],[-71.18339063279603,42.386111674873675],[-71.18391563343577,42.38557367367517],[-71.18376863295042,42.385518674099146],[-71.18351863282282,42.38540667436078],[-71.18333563259691,42.385310674603346],[-71.18314663327354,42.385202673510015],[-71.18285263261511,42.38501167403826],[-71.18266463212026,42.3848576742096],[-71.1825316329252,42.38472567472778],[-71.18218263282803,42.38438867373255],[-71.18152963144523,42.38379967410743],[-71.1810306326671,42.38333967390259],[-71.18043863210386,42.38278767374597],[-71.18013963251256,42.382557673867176],[-71.18004463261586,42.3824916730573],[-71.18028463147218,42.38230067329087],[-71.18039163151464,42.38228567392316],[-71.1805926325609,42.38229067410564],[-71.18117963178487,42.38239367379581],[-71.18157763233467,42.382464673762755],[-71.1819856324217,42.38252967351465],[-71.18244763265913,42.38195767373188],[-71.18264263281783,42.38170667350262],[-71.18272163260202,42.381578673480206],[-71.18275163298433,42.381429673399694],[-71.18270663224403,42.38035767366847],[-71.18203163221882,42.380300673299594],[-71.18147863150294,42.380266673164115],[-71.18108863172058,42.380258673187136],[-71.18026363155916,42.380226673163136],[-71.17984563220274,42.380228673394946],[-71.17967363221337,42.38021967346649],[-71.17949563150833,42.38020367398699],[-71.17939563124307,42.380185673332385],[-71.17912863115771,42.38012767381616],[-71.17862863139803,42.380005673899696],[-71.17779863083933,42.379818673282784],[-71.17748063075233,42.37976367356679],[-71.17712563075467,42.37968467298124],[-71.17636362969264,42.379586672708186],[-71.17559963089494,42.379444674017975],[-71.17545563044314,42.37947367285914],[-71.17536162980267,42.37951267339905],[-71.17522163067635,42.37964867352769],[-71.17504863013039,42.37985467344593],[-71.17484663007072,42.380077673069934],[-71.17459363005099,42.380517674023366],[-71.1747886296139,42.38083067414092],[-71.17487362992323,42.38120567331994],[-71.17501563062531,42.381871673550435],[-71.17509963054343,42.38225567334347],[-71.17523563056366,42.382709673484726],[-71.1753786298214,42.383215673539326],[-71.17541263038332,42.38340067441193],[-71.17543562994712,42.38382967415551],[-71.17544363086597,42.38400367404506],[-71.17539763081732,42.38449667443609],[-71.1753366303404,42.38476467409814],[-71.17524863032122,42.38507067394312],[-71.17511763042143,42.38558867530374],[-71.17503863055397,42.38581267406813],[-71.17493263079413,42.386253674609975],[-71.17489763032636,42.38651067485586],[-71.17486162954636,42.38672267448061],[-71.17481863031038,42.386830674728806],[-71.17474863001783,42.38693267479613],[-71.17461063014753,42.3870986751601],[-71.1744376297896,42.38726467535639],[-71.17432463003318,42.387392675089885],[-71.17428963013938,42.38747567540476],[-71.17422863091144,42.38764767483548],[-71.17416663018,42.38798167484653],[-71.17403462996617,42.38846867522288],[-71.17389663046414,42.38919167554872]]]},"properties":{"WARD":null,"PRECINCT":"5","WP_DISTRICT":"5","WP_NAME":"Belmont Precinct 5","TOWN":"BELMONT","TOWN_ID":26}},{"type":"Feature","geometry":{"type":"Polygon","coordinates":[[[-71.16525962791424,42.38600767461553],[-71.16559362759484,42.386049675206365],[-71.1659456279153,42.386116674748344],[-71.16662962805871,42.38623067504483],[-71.16715762764518,42.38636867529264],[-71.16735762796749,42.38639467488513],[-71.16753562733956,42.386410674170385],[-71.16776962799555,42.386411674184295],[-71.16838762740736,42.38642567559107],[-71.16839862800764,42.386782674529634],[-71.16843262851093,42.38708667543396],[-71.16853762910561,42.38751867555147],[-71.16860762782342,42.38786067551095],[-71.1687276286473,42.388367674934834],[-71.16882562856318,42.388741675605864],[-71.16891062944175,42.38898567534255],[-71.16893162760726,42.389097675583294],[-71.16891662787228,42.3891616746873],[-71.16886662844615,42.38920967594034],[-71.16871562920372,42.38925767541281],[-71.1686746293903,42.3892626754487],[-71.16816162818922,42.389325675118734],[-71.16818862927784,42.389559675229165],[-71.168158627655,42.389772675781074],[-71.16810762916556,42.38995967511236],[-71.16804962818642,42.39009267618111],[-71.16797062876995,42.39020967628601],[-71.16854362819225,42.390259675972985],[-71.16963362832931,42.39039667582889],[-71.16978362859517,42.3904126758219],[-71.16982162865837,42.38998567542031],[-71.17027762869722,42.39001367627795],[-71.17082262979905,42.390090675579],[-71.17110963003302,42.39016067550185],[-71.17145262954175,42.39027367528595],[-71.17212563037799,42.390568675311464],[-71.17235462978321,42.39065467583315],[-71.17259163008534,42.3906976761407],[-71.17277763025132,42.39071467583242],[-71.17317963061429,42.39071567608264],[-71.17378862942567,42.39072767547538],[-71.17375963044532,42.39028267550453],[-71.17375963043939,42.39011767510533],[-71.17376363027121,42.390087675651074],[-71.1738386300576,42.38945867524615],[-71.17389663046414,42.38919167554872],[-71.17403462996617,42.38846867522288],[-71.17416663018,42.38798167484653],[-71.17422863091144,42.38764767483548],[-71.17428963013938,42.38747567540476],[-71.17432463003318,42.387392675089885],[-71.1744376297896,42.38726467535639],[-71.17461063014753,42.3870986751601],[-71.17474863001783,42.38693267479613],[-71.17481863031038,42.386830674728806],[-71.17486162954636,42.38672267448061],[-71.17489763032636,42.38651067485586],[-71.17493263079413,42.386253674609975],[-71.17503863055397,42.38581267406813],[-71.17511763042143,42.38558867530374],[-71.17524863032122,42.38507067394312],[-71.1753366303404,42.38476467409814],[-71.17539763081732,42.38449667443609],[-71.17544363086597,42.38400367404506],[-71.17543562994712,42.38382967415551],[-71.17541263038332,42.38340067441193],[-71.1753786298214,42.383215673539326],[-71.17523563056366,42.382709673484726],[-71.17509963054343,42.38225567334347],[-71.17501563062531,42.381871673550435],[-71.17487362992323,42.38120567331994],[-71.1747886296139,42.38083067414092],[-71.17459363005099,42.380517674023366],[-71.17484663007072,42.380077673069934],[-71.17504863013039,42.37985467344593],[-71.17522163067635,42.37964867352769],[-71.17536162980267,42.37951267339905],[-71.17545563044314,42.37947367285914],[-71.17559963089494,42.379444674017975],[-71.17546162989682,42.37942167334918],[-71.17499363003908,42.37934367345671],[-71.17473263028529,42.379288674090986],[-71.17437163075793,42.379200673116934],[-71.17387162916526,42.379074674106214],[-71.17341062905601,42.37895367306431],[-71.17257162961255,42.3787056726267],[-71.171361629007,42.37832867323745],[-71.1712676288658,42.37829967309418],[-71.17122962923479,42.378287673588865],[-71.17104562828963,42.37828467363182],[-71.17093362866454,42.378338672704636],[-71.17086262839666,42.37833967327234],[-71.17080362828563,42.37832767296095],[-71.17068362824911,42.378251673470494],[-71.17042962843594,42.37809367323904],[-71.17023262907541,42.37796967292203],[-71.16999662872063,42.37782267343593],[-71.1695496284375,42.37769467300165],[-71.1693336275712,42.377656672661224],[-71.16908262835987,42.3776006727484],[-71.16862962786762,42.37752767307703],[-71.16701262713453,42.37727567325522],[-71.16646662691417,42.377185673087624],[-71.16606462591619,42.37711967308895],[-71.16571962637215,42.377062673594466],[-71.1656256270796,42.37704767360717],[-71.16496062652524,42.37696067298148],[-71.16484062585538,42.376940672981554],[-71.16474862633414,42.37692667381403],[-71.16450862647922,42.3768976728945],[-71.1644836268749,42.376894673169275],[-71.16403162700257,42.3768466735039],[-71.16387162639941,42.37683767324947],[-71.16336362601015,42.376810673849555],[-71.1633686265566,42.37689067403713],[-71.1634966264836,42.377032672776444],[-71.1634706263818,42.37746367331175],[-71.16342462685662,42.379075674103376],[-71.16368962652636,42.379091673742515],[-71.16386162640772,42.37911867350641],[-71.16431362584058,42.3792006737971],[-71.16428162702786,42.37967467402997],[-71.16415662564428,42.38085467336701],[-71.16413362742172,42.38112067441159],[-71.16416062691175,42.381408673916425],[-71.16423762657617,42.38189467407129],[-71.16434862669465,42.38223967410007],[-71.16441162642332,42.382468675054994],[-71.1644606264795,42.382762674115845],[-71.16452262699572,42.3832536744448],[-71.16450762605427,42.383386674173515],[-71.16444262703868,42.38345067462604],[-71.16421262672885,42.38352967392092],[-71.164312626841,42.3836956749748],[-71.1645776272739,42.384052674443375],[-71.16474062644636,42.384282675123906],[-71.16491162754146,42.38453367539533],[-71.16501862637392,42.38472067450195],[-71.16513162715498,42.3849606751621],[-71.16522362699955,42.38520667437746],[-71.1653086263307,42.38550067498238],[-71.16532862699447,42.38566067512629],[-71.1653066274492,42.38585767524084],[-71.16525962791424,42.38600767461553]]]},"properties":{"WARD":null,"PRECINCT":"6","WP_DISTRICT":"6","WP_NAME":"Belmont Precinct 6","TOWN":"BELMONT","TOWN_ID":26}},{"type":"Feature","geometry":{"type":"Polygon","coordinates":[[[-71.16033262569067,42.386452674849664],[-71.16048862464628,42.38639467468147],[-71.16057162592983,42.38644467535231],[-71.16070562497754,42.3864906751685],[-71.16083262637419,42.38650867439471],[-71.16106162619785,42.38650767468704],[-71.16158962641876,42.386484675514666],[-71.16189562568977,42.38648167510022],[-71.16267462663903,42.38642167481534],[-71.16324762691494,42.38636967499957],[-71.1634356262312,42.386332674401565],[-71.16409562695,42.38615667447514],[-71.16457962768547,42.386054674899675],[-71.16476462655662,42.386026675188695],[-71.16499862707153,42.38600267466366],[-71.16525962791424,42.38600767461553],[-71.1653066274492,42.38585767524084],[-71.16532862699447,42.38566067512629],[-71.1653086263307,42.38550067498238],[-71.16522362699955,42.38520667437746],[-71.16513162715498,42.3849606751621],[-71.16501862637392,42.38472067450195],[-71.16491162754146,42.38453367539533],[-71.16474062644636,42.384282675123906],[-71.1645776272739,42.384052674443375],[-71.164312626841,42.3836956749748],[-71.16421262672885,42.38352967392092],[-71.16444262703868,42.38345067462604],[-71.16450762605427,42.383386674173515],[-71.16452262699572,42.3832536744448],[-71.1644606264795,42.382762674115845],[-71.16441162642332,42.382468675054994],[-71.16434862669465,42.38223967410007],[-71.16423762657617,42.38189467407129],[-71.16416062691175,42.381408673916425],[-71.16413362742172,42.38112067441159],[-71.16415662564428,42.38085467336701],[-71.16428162702786,42.37967467402997],[-71.16431362584058,42.3792006737971],[-71.16386162640772,42.37911867350641],[-71.16368962652636,42.379091673742515],[-71.16342462685662,42.379075674103376],[-71.1634706263818,42.37746367331175],[-71.1634966264836,42.377032672776444],[-71.1633686265566,42.37689067403713],[-71.16336362601015,42.376810673849555],[-71.16327462632464,42.37680667360939],[-71.1625076259662,42.376764673178975],[-71.16248462537851,42.37676367300805],[-71.16186262552397,42.37673067328526],[-71.16174862541521,42.376723673361084],[-71.16142062568237,42.37670667355741],[-71.16110262491577,42.37668067334481],[-71.16094262561558,42.37665867254465],[-71.16077462589874,42.376636674038764],[-71.16018962545023,42.37650967326258],[-71.16002362497952,42.37647367297183],[-71.15961962469137,42.376411673262375],[-71.15907562456668,42.37625667319039],[-71.15860462414452,42.37614467311152],[-71.15844362355213,42.37609467247508],[-71.15834562381238,42.37606467305002],[-71.15804162469165,42.37597067340068],[-71.15779562454289,42.37589167313828],[-71.1575646235833,42.37582667317434],[-71.15706462395731,42.37568267262356],[-71.15671362389526,42.3755596734674],[-71.15641362306506,42.375444673327756],[-71.15626862350109,42.37538967403514],[-71.1558656224698,42.375289673053906],[-71.15563262327564,42.37521467277448],[-71.15551062407269,42.37518867375431],[-71.15546662328015,42.375177672869164],[-71.15541462397275,42.37516567300238],[-71.15524162240656,42.37516267258133],[-71.15478362354146,42.375107672843214],[-71.15460662316703,42.37508967336002],[-71.15446862338625,42.37507667388823],[-71.15436162322733,42.37506567329417],[-71.15437362305636,42.37510367337117],[-71.15439562359187,42.375172673217925],[-71.15464362349037,42.37591367361333],[-71.15470662290419,42.376096673199],[-71.15474162308827,42.37620267397846],[-71.15474762382888,42.37622067333023],[-71.15491562275439,42.37672067300416],[-71.15506862324037,42.377176673816706],[-71.15513462386225,42.37737467360628],[-71.15517062296168,42.37747967339977],[-71.15525262310418,42.377726673905244],[-71.15539662434907,42.378154673629325],[-71.15568162422869,42.37900567404464],[-71.15581762386829,42.379411673272116],[-71.15600362350808,42.37996967412331],[-71.1561436236859,42.38038167439831],[-71.15619162453265,42.38052667405876],[-71.15623162441558,42.38064467375114],[-71.15592362423807,42.38053067405495],[-71.15572962347962,42.38045767413653],[-71.15565962305159,42.38043267449045],[-71.15529862446164,42.38030467354102],[-71.15505162285693,42.38020867351315],[-71.15500662406588,42.38032567422929],[-71.1553336241707,42.380916674576035],[-71.15520662371424,42.38117567413111],[-71.15562362374654,42.38148967455633],[-71.15581462369798,42.381607674315504],[-71.15596462321959,42.38164167464538],[-71.15617162403935,42.38168867505172],[-71.15656662495753,42.38178467516831],[-71.15693662436402,42.38190167495841],[-71.15759762424378,42.38215967413455],[-71.15779262439084,42.382219673765555],[-71.15781862428223,42.38235367421502],[-71.1578106245983,42.38246267446252],[-71.1579716243148,42.38281367492265],[-71.15801062362806,42.38286967489649],[-71.15828962505036,42.3832806745788],[-71.15865962427304,42.383853675382845],[-71.16026662550706,42.38634767567558],[-71.16033262569067,42.386452674849664]]]},"properties":{"WARD":null,"PRECINCT":"7","WP_DISTRICT":"7","WP_NAME":"Belmont Precinct 7","TOWN":"BELMONT","TOWN_ID":26}},{"type":"Feature","geometry":{"type":"Polygon","coordinates":[[[-71.15513662425471,42.397336677384374],[-71.15601162492176,42.39807267706416],[-71.15670062594008,42.39865167753855],[-71.15721162506348,42.398804677895725],[-71.15804962471725,42.39878467752702],[-71.15855062626459,42.398416677645194],[-71.1589286252986,42.39817167704213],[-71.15960362614277,42.39751667719398],[-71.1594836255767,42.397425677699985],[-71.15926962606945,42.39723367670619],[-71.15916762587203,42.397060677035014],[-71.15910762572011,42.396945676959845],[-71.15904062561661,42.39670867653885],[-71.15899862562603,42.39652267707954],[-71.1588216262472,42.395989676636205],[-71.1587856253892,42.39587967743387],[-71.15975662579791,42.39589267700398],[-71.16047462595523,42.39590267690021],[-71.16104362620065,42.39590767632486],[-71.16731762838039,42.395964676617034],[-71.1684236290479,42.395973676417704],[-71.17198363033455,42.39600567654027],[-71.17382363095625,42.39602267684836],[-71.17549063091822,42.39604667642658],[-71.17549163118504,42.395778676527364],[-71.17574463077943,42.39573167588596],[-71.17596063122807,42.39564367630117],[-71.17617663189652,42.395515676978114],[-71.17638763177705,42.39532967630383],[-71.17644463166593,42.39527967671577],[-71.1765566310266,42.395145675546665],[-71.17661163149559,42.394948676516194],[-71.17655063158989,42.394742676379884],[-71.17637063180727,42.3944416764787],[-71.17605463102896,42.39408167639535],[-71.17513763055565,42.39327967588439],[-71.17455763006973,42.392795676051215],[-71.17437163130978,42.39265567605019],[-71.17413563100713,42.39240167595475],[-71.1740226297515,42.392244675948916],[-71.17396563035801,42.392055675668104],[-71.17387263036413,42.39162067575976],[-71.17382563033607,42.39130467531451],[-71.17378862942567,42.39072767547538],[-71.17317963061429,42.39071567608264],[-71.17277763025132,42.39071467583242],[-71.17259163008534,42.3906976761407],[-71.17235462978321,42.39065467583315],[-71.17212563037799,42.390568675311464],[-71.17145262954175,42.39027367528595],[-71.17110963003302,42.39016067550185],[-71.17082262979905,42.390090675579],[-71.17027762869722,42.39001367627795],[-71.16982162865837,42.38998567542031],[-71.16978362859517,42.3904126758219],[-71.16963362832931,42.39039667582889],[-71.16854362819225,42.390259675972985],[-71.16797062876995,42.39020967628601],[-71.16804962818642,42.39009267618111],[-71.16810762916556,42.38995967511236],[-71.168158627655,42.389772675781074],[-71.16818862927784,42.389559675229165],[-71.16816162818922,42.389325675118734],[-71.1686746293903,42.3892626754487],[-71.16871562920372,42.38925767541281],[-71.16886662844615,42.38920967594034],[-71.16891662787228,42.3891616746873],[-71.16893162760726,42.389097675583294],[-71.16891062944175,42.38898567534255],[-71.16882562856318,42.388741675605864],[-71.1687276286473,42.388367674934834],[-71.16860762782342,42.38786067551095],[-71.16853762910561,42.38751867555147],[-71.16843262851093,42.38708667543396],[-71.16839862800764,42.386782674529634],[-71.16838762740736,42.38642567559107],[-71.16776962799555,42.386411674184295],[-71.16753562733956,42.386410674170385],[-71.16735762796749,42.38639467488513],[-71.16715762764518,42.38636867529264],[-71.16662962805871,42.38623067504483],[-71.1659456279153,42.386116674748344],[-71.16559362759484,42.386049675206365],[-71.16525962791424,42.38600767461553],[-71.16499862707153,42.38600267466366],[-71.16476462655662,42.386026675188695],[-71.16457962768547,42.386054674899675],[-71.16409562695,42.38615667447514],[-71.1634356262312,42.386332674401565],[-71.16324762691494,42.38636967499957],[-71.16267462663903,42.38642167481534],[-71.16189562568977,42.38648167510022],[-71.16158962641876,42.386484675514666],[-71.16106162619785,42.38650767468704],[-71.16083262637419,42.38650867439471],[-71.16070562497754,42.3864906751685],[-71.16057162592983,42.38644467535231],[-71.16048862464628,42.38639467468147],[-71.16033262569067,42.386452674849664],[-71.16026762531534,42.386476675269925],[-71.15987962534751,42.38655867524457],[-71.15892362576558,42.38669667520619],[-71.15861362601197,42.38673367563705],[-71.15838162395514,42.38678467482511],[-71.15823462462444,42.38685367598813],[-71.15810562573165,42.38694367546967],[-71.15798462445024,42.38705167537246],[-71.15788062468026,42.38719267505149],[-71.15775862385242,42.38737367545169],[-71.15768862417492,42.38753967512111],[-71.15763662484237,42.38772467559691],[-71.15757462511552,42.38799967517618],[-71.15744262560987,42.388484675373306],[-71.15738162472567,42.388740675572976],[-71.1573456251989,42.38895167587657],[-71.15717062537325,42.3896166755545],[-71.15709162565022,42.38990367525461],[-71.15705562441849,42.39012767634667],[-71.15705462557709,42.39026167637237],[-71.15707162468811,42.39037767582997],[-71.15711862430707,42.39056867603415],[-71.15725562518023,42.39095667607398],[-71.15726562506985,42.3910046763435],[-71.15748562513087,42.39174167610729],[-71.15766162448618,42.392266676349294],[-71.15778862489816,42.392682676913196],[-71.15790862516145,42.39310967679462],[-71.15796462523862,42.39329667632774],[-71.15808462532675,42.39363767683161],[-71.15821162467998,42.39403467639506],[-71.15834062638133,42.394437676676766],[-71.15837462507527,42.39455467698404],[-71.15838762569868,42.39460167680767],[-71.15735762498186,42.395228677097954],[-71.15714062474858,42.395363676611396],[-71.15682562459537,42.39555867694708],[-71.15638562533535,42.39583167697149],[-71.15630462445648,42.39586067701654],[-71.15622262405347,42.39598167706229],[-71.15606262440907,42.39622367722592],[-71.15549362513522,42.396907677523636],[-71.15540662402815,42.39701167734897],[-71.15513662425471,42.397336677384374]]]},"properties":{"WARD":null,"PRECINCT":"1","WP_DISTRICT":"1","WP_NAME":"Belmont Precinct 1","TOWN":"BELMONT","TOWN_ID":26}},{"type":"Feature","geometry":{"type":"Polygon","coordinates":[[[-71.15224562402902,42.40082467813764],[-71.15231862360459,42.40084667821099],[-71.1531936233503,42.401111678969784],[-71.15366862370006,42.40131267836282],[-71.15507762435504,42.401907678070636],[-71.15512862412906,42.40192967883353],[-71.15553962515015,42.402103678282614],[-71.1561056250671,42.40242167786817],[-71.15632162563185,42.402542678420026],[-71.15638962608939,42.40253567834851],[-71.1569206255456,42.402477678563635],[-71.15727862529714,42.402438678386616],[-71.15732662602692,42.402436678659356],[-71.15735862536027,42.40243667850327],[-71.15739162571131,42.402438679032734],[-71.1574736254901,42.402442678165755],[-71.15762762529334,42.40247067856985],[-71.1578086258996,42.402507678094885],[-71.15791862562683,42.40253267899241],[-71.15808362627327,42.40256967823962],[-71.15836462561471,42.40273167757414],[-71.15850962657255,42.40281567790493],[-71.15892262661544,42.40302067845334],[-71.15950662692096,42.40329567858952],[-71.15981162616632,42.4034236779778],[-71.15992262626006,42.40347067906283],[-71.1598516264676,42.40353267835579],[-71.15980562627455,42.40357767865876],[-71.15992462554101,42.40363667796202],[-71.16049462695376,42.40391967922078],[-71.16062562615707,42.40398467842022],[-71.16084862710049,42.40404967853441],[-71.16185162777487,42.40436867902777],[-71.1622686267483,42.40442867798611],[-71.16239362740268,42.40443167803517],[-71.16253162769044,42.40447667884285],[-71.16258362774205,42.40449967851455],[-71.16267062783669,42.40453967893641],[-71.16269162750669,42.40455467876707],[-71.16275462752553,42.404597678725175],[-71.1630716273861,42.40480967872032],[-71.16308162719918,42.40481767903903],[-71.1631586278017,42.40486867819687],[-71.16322262727974,42.40490067854423],[-71.1634896283966,42.40503567808176],[-71.16372462766978,42.40513867861152],[-71.16405562828072,42.40531467870932],[-71.164060627082,42.40533867845347],[-71.16406762830118,42.40538567799112],[-71.16401862774616,42.405452678442316],[-71.16405462870478,42.405471678522964],[-71.16416662866241,42.40538867854001],[-71.1642346278313,42.4053436785799],[-71.16433962788192,42.405276678417685],[-71.16464362738839,42.40510467830251],[-71.16495562800878,42.404935677887295],[-71.16520062806813,42.404824678287746],[-71.1660186288494,42.40427367770732],[-71.16631862825609,42.40406167848076],[-71.16596362819762,42.40366567859581],[-71.16580962835259,42.403511677698596],[-71.16532162874178,42.40302367825965],[-71.16519362755065,42.40288267827661],[-71.16573562790495,42.40263567750017],[-71.16629662907515,42.40236067844801],[-71.1665336283084,42.40225967825958],[-71.16690762800563,42.402111677317905],[-71.1672886291639,42.40199567772759],[-71.16750462886847,42.40191067846407],[-71.1677266287684,42.40178867764503],[-71.16815062892857,42.401527677446936],[-71.16848162904745,42.40131567726285],[-71.16867362958696,42.40159967778103],[-71.1689876301859,42.40189867731466],[-71.16920362932221,42.40174967780752],[-71.16949862926974,42.401590677649686],[-71.16982862876854,42.401399677787445],[-71.17020162992807,42.40114467800939],[-71.17154062986334,42.4002466777001],[-71.17223163059226,42.39978567775383],[-71.17250563012843,42.399540676820095],[-71.17285063145965,42.39925367750681],[-71.1730816310397,42.39899767759196],[-71.17314663017282,42.398909676487726],[-71.17320163035839,42.39883267714568],[-71.1736956300234,42.398135676365584],[-71.17413963083143,42.39752967678439],[-71.17454463140648,42.39701267729003],[-71.17461663143268,42.39688567620401],[-71.17474163191385,42.39671167645668],[-71.17487763181462,42.3965866773354],[-71.17527263085456,42.396539676403215],[-71.17554863047353,42.39647667654162],[-71.17548963112858,42.39617567707044],[-71.17549063091822,42.39604667642658],[-71.17382363095625,42.39602267684836],[-71.17198363033455,42.39600567654027],[-71.1684236290479,42.395973676417704],[-71.16731762838039,42.395964676617034],[-71.16104362620065,42.39590767632486],[-71.16047462595523,42.39590267690021],[-71.15975662579791,42.39589267700398],[-71.1587856253892,42.39587967743387],[-71.1588216262472,42.395989676636205],[-71.15899862562603,42.39652267707954],[-71.15904062561661,42.39670867653885],[-71.15910762572011,42.396945676959845],[-71.15916762587203,42.397060677035014],[-71.15926962606945,42.39723367670619],[-71.1594836255767,42.397425677699985],[-71.15960362614277,42.39751667719398],[-71.1589286252986,42.39817167704213],[-71.15855062626459,42.398416677645194],[-71.15804962471725,42.39878467752702],[-71.15721162506348,42.398804677895725],[-71.15670062594008,42.39865167753855],[-71.15601162492176,42.39807267706416],[-71.15513662425471,42.397336677384374],[-71.15501162473971,42.397487677277375],[-71.15494062397353,42.3975726775239],[-71.15487162410544,42.3976566781158],[-71.15471262418141,42.397846677476714],[-71.15368262320155,42.399082678117736],[-71.15230862395663,42.40074867800624],[-71.15227362432428,42.40079167844665],[-71.15224562402902,42.40082467813764]]]},"properties":{"WARD":null,"PRECINCT":"8","WP_DISTRICT":"8","WP_NAME":"Belmont Precinct 8","TOWN":"BELMONT","TOWN_ID":26}},{"type":"Feature","geometry":{"type":"Polygon","coordinates":[[[-71.1441766179769,42.35489766960472],[-71.14516161848772,42.35516167033991],[-71.1456216194542,42.3552766698962],[-71.14589861883145,42.35534566947756],[-71.14611661829554,42.35539566994781],[-71.1463166195921,42.355450669763584],[-71.14658761909811,42.35552666966388],[-71.14753661970373,42.35575766984481],[-71.14799362009313,42.355867670287786],[-71.14839162067875,42.355980670149684],[-71.14840762026654,42.355985669743355],[-71.14908261969461,42.35615966999581],[-71.14953562042051,42.355465669811345],[-71.14980962014079,42.35503566946692],[-71.14996561974183,42.35480866977704],[-71.15008762003382,42.35462066949105],[-71.15035862023308,42.35420166916557],[-71.15053362017554,42.353894669303884],[-71.15070762060762,42.35360966914481],[-71.15088161998592,42.35335866895615],[-71.1503946205533,42.353245669060044],[-71.14928461954747,42.35294666898646],[-71.14863961918942,42.352793668732836],[-71.14810061986994,42.35265266869998],[-71.14726162008665,42.352442669248234],[-71.14674361920054,42.35230266893525],[-71.14714161951314,42.351583668781316],[-71.14727961954999,42.35136466859953],[-71.14736461928361,42.351203668826],[-71.14786261958538,42.350353668356526],[-71.1475016190986,42.350262668542385],[-71.14707961926948,42.350173668993385],[-71.14651161845454,42.3504256687375],[-71.14561261806325,42.350794669328096],[-71.1458926188697,42.35105166923866],[-71.14603361854782,42.35119066846318],[-71.14608861874538,42.35127966915853],[-71.14609461951797,42.351366668943115],[-71.14608761850992,42.351450668564716],[-71.14602561869758,42.35159766939876],[-71.14583961860372,42.35193266908995],[-71.14577461829087,42.35205066856807],[-71.14552961774476,42.35248066889434],[-71.14527361937863,42.3529076691964],[-71.14505661845845,42.353331669776196],[-71.1448006187598,42.3537596700809],[-71.1446376182945,42.3540736702182],[-71.1443356192987,42.354601668944746],[-71.1441766179769,42.35489766960472]]]},"properties":{"WARD":"22","PRECINCT":"6","WP_DISTRICT":"22-6","WP_NAME":"Boston Ward 22 Precinct 6","TOWN":"BOSTON","TOWN_ID":35}},{"type":"Feature","geometry":{"type":"Polygon","coordinates":[[[-71.16184862391337,42.354735669380396],[-71.16167262433856,42.35537766909642],[-71.16255762390061,42.35554266927312],[-71.16261062501219,42.355385668988504],[-71.16278562456439,42.354830669521796],[-71.16337262498936,42.35510466921384],[-71.16421662475007,42.355527669406584],[-71.1649746253746,42.355914668768825],[-71.16537462505153,42.35609766955237],[-71.16548962573779,42.35615066905279],[-71.16566262535639,42.35620766868459],[-71.1658796256765,42.35623566984382],[-71.16610462472184,42.35623066952255],[-71.16622562611569,42.35621466977485],[-71.1664506256189,42.35616466887919],[-71.1666536258774,42.356098669615484],[-71.16681962595074,42.356076669619995],[-71.16695462569639,42.355755668419484],[-71.16716062532839,42.35515866924147],[-71.16721862529153,42.354965668970166],[-71.16739962572896,42.354500668942016],[-71.16757262572753,42.3539356686499],[-71.16764362609848,42.35379566865354],[-71.16774762612657,42.35351566856825],[-71.16781562644884,42.35329266866888],[-71.1678316263451,42.353197668027555],[-71.16780662593342,42.35284566925852],[-71.16775162582982,42.35260566858363],[-71.1676876256214,42.35195166837076],[-71.1675846261382,42.35122066808276],[-71.16760262579581,42.35079466826575],[-71.16760562588252,42.35061266769142],[-71.16773262573916,42.35024066784852],[-71.16774862593107,42.35011266802935],[-71.16778762522509,42.350001667254425],[-71.16798262592168,42.34984466757624],[-71.16837462634216,42.34956066785753],[-71.16851062561275,42.349471668662275],[-71.16830762550126,42.34939366847425],[-71.16736662542966,42.34913266772598],[-71.16660162603463,42.34892566835432],[-71.16569862517908,42.34867466722099],[-71.1653136244082,42.34854666794627],[-71.16525662544366,42.3485316679911],[-71.16520962450119,42.34856466804434],[-71.16473462543196,42.34873866733457],[-71.1637126239218,42.348541667414025],[-71.16357262410224,42.34879666771225],[-71.16359462407928,42.34891866793602],[-71.16345662431682,42.348977667809],[-71.16333362502937,42.34912366751591],[-71.16309362497942,42.349049667676624],[-71.16276262416835,42.34903166756349],[-71.16242562420457,42.349003668296284],[-71.16213862403986,42.34899766854385],[-71.16207962464233,42.35076166797553],[-71.16206262447602,42.35102266802691],[-71.16200662492393,42.35235366893269],[-71.16198562432427,42.35255566852157],[-71.16236862457909,42.35250166818748],[-71.16217162439696,42.35342766939354],[-71.1620176238982,42.35408066840914],[-71.16198662413287,42.354221669322335],[-71.16184862391337,42.354735669380396]]]},"properties":{"WARD":"22","PRECINCT":"7","WP_DISTRICT":"22-7","WP_NAME":"Boston Ward 22 Precinct 7","TOWN":"BOSTON","TOWN_ID":35}},{"type":"Feature","geometry":{"type":"Polygon","coordinates":[[[-71.16043062353057,42.3473346671819],[-71.16131162381313,42.34758466736386],[-71.16146062425257,42.34735466752072],[-71.16168062376134,42.34701366831061],[-71.16201662403587,42.34651766766638],[-71.16211862408613,42.34638166740672],[-71.16260862447275,42.3463976674866],[-71.16373662498304,42.34640566767079],[-71.16487862430878,42.34643466709854],[-71.1666536249733,42.34656266731001],[-71.16695662559948,42.34658766673841],[-71.1672856251883,42.346615667435756],[-71.16766462573219,42.346647666749625],[-71.16865062575125,42.346722666778035],[-71.16933962707797,42.34676566730114],[-71.1699936264713,42.346818668073006],[-71.17026862645682,42.346814667458915],[-71.17057862641133,42.34679466751794],[-71.17092262637264,42.3467646673243],[-71.17161862705444,42.346689667200586],[-71.17189862657611,42.34666366763335],[-71.17000362638264,42.34426066694237],[-71.16942162556334,42.34353966739535],[-71.16832362644705,42.34217666700841],[-71.16812462519098,42.34192566573743],[-71.16698962472013,42.3404726665915],[-71.16668362571811,42.34011266532472],[-71.16668762574386,42.34008266577897],[-71.1666996251902,42.340017665469965],[-71.16656762513948,42.34003966572465],[-71.16655362506955,42.34004766650597],[-71.16612662478337,42.34009666616216],[-71.16555862359301,42.3401706657329],[-71.16489762394754,42.34021966593822],[-71.16457962417067,42.34022666660007],[-71.16428862402451,42.340233665996664],[-71.16412662431021,42.34023166596748],[-71.1635226238167,42.340224666521486],[-71.16288462354778,42.340208666655634],[-71.1616136234507,42.34016966676519],[-71.1615866230584,42.340168666298965],[-71.16153362388012,42.340170665581205],[-71.16147362342848,42.34016866674592],[-71.16117062242999,42.34015666642022],[-71.16108762382768,42.34015366600467],[-71.16105262390445,42.34015266613984],[-71.1606166225091,42.3401376658456],[-71.15975862272221,42.34006666653777],[-71.15958162328175,42.340371666656324],[-71.15927662351649,42.340898666821836],[-71.15904062296701,42.34134466647497],[-71.15895362211369,42.34151566687513],[-71.1586666221944,42.341990666692126],[-71.1585446228864,42.342163666834395],[-71.15828862167042,42.34257566635262],[-71.15813662210711,42.342814667103646],[-71.15803062231683,42.34298266632783],[-71.15797662152123,42.343097667077714],[-71.15790162191443,42.34325666636767],[-71.15786262184363,42.343406667209315],[-71.15783162219245,42.343579667215884],[-71.1578216222705,42.34406866717803],[-71.15781162241618,42.3441406677272],[-71.15779862224115,42.34424166755078],[-71.15778262173006,42.34431466756214],[-71.1577216219302,42.3445976664222],[-71.15769862202235,42.34469966728789],[-71.15768862176671,42.34481566672539],[-71.15768162140343,42.34490566755106],[-71.15768862211064,42.345129667607175],[-71.15772462214201,42.34532566767604],[-71.15778362216795,42.34556266779929],[-71.15788762244085,42.345780667946016],[-71.15810362292433,42.34609966681713],[-71.15857762268841,42.34606066669797],[-71.15930962288748,42.345986667199725],[-71.15929262369205,42.346210667998136],[-71.15932362294456,42.34628766787949],[-71.15937862287332,42.34632866789919],[-71.15963262233329,42.34641866742837],[-71.16075162374777,42.34671166729727],[-71.16043062353057,42.3473346671819]]]},"properties":{"WARD":"22","PRECINCT":"8","WP_DISTRICT":"22-8","WP_NAME":"Boston Ward 22 Precinct 8","TOWN":"BOSTON","TOWN_ID":35}},{"type":"Feature","geometry":{"type":"Polygon","coordinates":[[[-71.15378662047249,42.347264668053874],[-71.15394962180618,42.34755566826602],[-71.15409862168738,42.347550668037194],[-71.1543916216328,42.347607667632936],[-71.1550816223393,42.347782667719144],[-71.15523062134798,42.34781866784589],[-71.15513962136046,42.34807366807655],[-71.15512462076258,42.34816866740793],[-71.15499462135774,42.348509668490195],[-71.15471562133821,42.34913766874093],[-71.1552246208961,42.3491336682421],[-71.15574662194315,42.34912266776424],[-71.1564756221597,42.349113668143886],[-71.15707962225956,42.34909866889889],[-71.15718762242737,42.34892066820159],[-71.15733962202775,42.34858866832427],[-71.1574386224874,42.34833666839291],[-71.15746262313793,42.34819966833802],[-71.15747662270783,42.348119668131126],[-71.15753962272352,42.347622667171926],[-71.15760062331535,42.34743866787826],[-71.15766162227631,42.3473486676329],[-71.15781262334342,42.347162667407055],[-71.15785062279724,42.347114667279826],[-71.15805362246233,42.34692066753501],[-71.15815962300174,42.34679866774717],[-71.1582276217744,42.34664266806046],[-71.15895462251326,42.34682766798617],[-71.15933562334614,42.34692966749235],[-71.15941962250962,42.346973667629356],[-71.15964462278454,42.34709666770464],[-71.16043062353057,42.3473346671819],[-71.16075162374777,42.34671166729727],[-71.15963262233329,42.34641866742837],[-71.15937862287332,42.34632866789919],[-71.15932362294456,42.34628766787949],[-71.15929262369205,42.346210667998136],[-71.15930962288748,42.345986667199725],[-71.15857762268841,42.34606066669797],[-71.15810362292433,42.34609966681713],[-71.15788762244085,42.345780667946016],[-71.15778362216795,42.34556266779929],[-71.15772462214201,42.34532566767604],[-71.15768862211064,42.345129667607175],[-71.15768162140343,42.34490566755106],[-71.15768862176671,42.34481566672539],[-71.15769862202235,42.34469966728789],[-71.1577216219302,42.3445976664222],[-71.15778262173006,42.34431466756214],[-71.15779862224115,42.34424166755078],[-71.15781162241618,42.3441406677272],[-71.1578216222705,42.34406866717803],[-71.15783162219245,42.343579667215884],[-71.15786262184363,42.343406667209315],[-71.15790162191443,42.34325666636767],[-71.15797662152123,42.343097667077714],[-71.15803062231683,42.34298266632783],[-71.15813662210711,42.342814667103646],[-71.15828862167042,42.34257566635262],[-71.1585446228864,42.342163666834395],[-71.1586666221944,42.341990666692126],[-71.15895362211369,42.34151566687513],[-71.15904062296701,42.34134466647497],[-71.15927662351649,42.340898666821836],[-71.15958162328175,42.340371666656324],[-71.15975862272221,42.34006666653777],[-71.15896462222821,42.33996166577832],[-71.15787862138615,42.33973866691092],[-71.15752862192073,42.33979066635763],[-71.1571836219958,42.339880666470634],[-71.15661862169411,42.34002866707417],[-71.15606962121836,42.34016666643475],[-71.15567962190708,42.34024866609034],[-71.15553662050677,42.34027066665947],[-71.15528862122223,42.340345666550405],[-71.15525762108787,42.34044066669854],[-71.15490962084952,42.34097566685641],[-71.15473462055068,42.34121466710578],[-71.15455362178047,42.34156566667637],[-71.15435662093662,42.34185366689986],[-71.15419762123048,42.34207366697722],[-71.15384162029682,42.342594667213326],[-71.15363262035405,42.34293766740785],[-71.1534626210457,42.343191667829224],[-71.1534176209491,42.34329766728587],[-71.15339362093553,42.34349266689423],[-71.15342162158414,42.343822666744224],[-71.15345162005298,42.34396166726389],[-71.1534576213581,42.34415266726424],[-71.1534346209127,42.34432466657439],[-71.15336862076877,42.3445126676287],[-71.15327462059555,42.34465866675634],[-71.15429062107988,42.34496466780373],[-71.15514762170932,42.34523766823783],[-71.15502962147032,42.345377667483845],[-71.15501562125587,42.34539366772396],[-71.15482162107645,42.34569266735914],[-71.1547416217062,42.34582866695329],[-71.15458962146057,42.346035667550524],[-71.15425262049989,42.346560668102086],[-71.15378662047249,42.347264668053874]]]},"properties":{"WARD":"22","PRECINCT":"9","WP_DISTRICT":"22-9","WP_NAME":"Boston Ward 22 Precinct 9","TOWN":"BOSTON","TOWN_ID":35}},{"type":"Feature","geometry":{"type":"Polygon","coordinates":[[[-71.15807162237188,42.353383668959935],[-71.15805962352033,42.35408266915973],[-71.15849662331223,42.35387666946789],[-71.15859462383604,42.353821668433824],[-71.15868962390628,42.3540406688174],[-71.15874162364047,42.35413566835424],[-71.15880162367533,42.35416966926316],[-71.15889962355743,42.354197669010965],[-71.15912462311721,42.35423166838346],[-71.15956762376683,42.35431666860949],[-71.16184862391337,42.354735669380396],[-71.16198662413287,42.354221669322335],[-71.1620176238982,42.35408066840914],[-71.16217162439696,42.35342766939354],[-71.16236862457909,42.35250166818748],[-71.16198562432427,42.35255566852157],[-71.16200662492393,42.35235366893269],[-71.16206262447602,42.35102266802691],[-71.16207962464233,42.35076166797553],[-71.16213862403986,42.34899766854385],[-71.16242562420457,42.349003668296284],[-71.16276262416835,42.34903166756349],[-71.16309362497942,42.349049667676624],[-71.16333362502937,42.34912366751591],[-71.16345662431682,42.348977667809],[-71.16359462407928,42.34891866793602],[-71.16357262410224,42.34879666771225],[-71.1637126239218,42.348541667414025],[-71.16473462543196,42.34873866733457],[-71.16520962450119,42.34856466804434],[-71.16525662544366,42.3485316679911],[-71.16567462436149,42.34823966758078],[-71.16579962555956,42.34807566722682],[-71.16581362448238,42.3480576679472],[-71.16597662516344,42.34784466803113],[-71.16614262473401,42.3475026680433],[-71.1662196253247,42.347344667799554],[-71.16646062523199,42.34697266774594],[-71.1651626256594,42.346558667376165],[-71.16487862430878,42.34643466709854],[-71.16373662498304,42.34640566767079],[-71.16260862447275,42.3463976674866],[-71.16211862408613,42.34638166740672],[-71.16201662403587,42.34651766766638],[-71.16168062376134,42.34701366831061],[-71.16146062425257,42.34735466752072],[-71.16131162381313,42.34758466736386],[-71.16043062353057,42.3473346671819],[-71.15964462278454,42.34709666770464],[-71.15941962250962,42.346973667629356],[-71.15933562334614,42.34692966749235],[-71.15895462251326,42.34682766798617],[-71.1582276217744,42.34664266806046],[-71.15815962300174,42.34679866774717],[-71.15805362246233,42.34692066753501],[-71.15785062279724,42.347114667279826],[-71.15781262334342,42.347162667407055],[-71.15766162227631,42.3473486676329],[-71.15760062331535,42.34743866787826],[-71.15753962272352,42.347622667171926],[-71.15747662270783,42.348119668131126],[-71.15746262313793,42.34819966833802],[-71.1574386224874,42.34833666839291],[-71.15733962202775,42.34858866832427],[-71.15718762242737,42.34892066820159],[-71.15707962225956,42.34909866889889],[-71.1570786220985,42.34922766816436],[-71.15704762262048,42.34949666814406],[-71.15698362171601,42.35031266819229],[-71.15697462284194,42.35042466863986],[-71.15691962251528,42.35090466843457],[-71.15591862174102,42.350722668016296],[-71.1552986222222,42.350600668692415],[-71.15501662171518,42.35142766806503],[-71.15493962172707,42.35161266848777],[-71.15550362200061,42.35172266856739],[-71.15590462200747,42.35179666821074],[-71.15625362269266,42.351861668402606],[-71.15662162257482,42.35189966883097],[-71.15753462325354,42.351919668873656],[-71.15807162297182,42.351924669042205],[-71.15806162321685,42.352661668428446],[-71.15807162237188,42.353383668959935]]]},"properties":{"WARD":"22","PRECINCT":"10","WP_DISTRICT":"22-10","WP_NAME":"Boston Ward 22 Precinct 10","TOWN":"BOSTON","TOWN_ID":35}},{"type":"Feature","geometry":{"type":"Polygon","coordinates":[[[-71.16150862479228,42.35898066976499],[-71.16169162414705,42.358866670273095],[-71.16187862406653,42.35874466970763],[-71.1621056248756,42.35864366939628],[-71.1622856237752,42.358572669493405],[-71.16260162442192,42.3585176703331],[-71.16300862521678,42.358477670165236],[-71.16327462548679,42.358471670135984],[-71.1634236251713,42.35847367008786],[-71.16362962413463,42.35850067005295],[-71.16388862530019,42.35853166968146],[-71.16421862546557,42.358639669508996],[-71.16457462526728,42.35881366943192],[-71.16523362599936,42.35937667000989],[-71.16534862511048,42.3594746703599],[-71.16569162618777,42.359715669598714],[-71.16587762580545,42.35980367013543],[-71.16615862665385,42.35991566958917],[-71.16648862658518,42.35998666921331],[-71.16682462685188,42.36004466984572],[-71.16729762580324,42.360077670641004],[-71.16739562555873,42.360083670005665],[-71.16750962622227,42.360091670065295],[-71.16760862630927,42.36010366984052],[-71.1676256261104,42.360081669184446],[-71.16764262710423,42.36005967032982],[-71.16806662651108,42.35953666951279],[-71.16825562588589,42.35934066904357],[-71.16827962652815,42.35931667004242],[-71.16852762590077,42.35905966938828],[-71.16862462618101,42.35896466991227],[-71.16947462670078,42.358055668680244],[-71.16989462702043,42.35764966950805],[-71.16990062770518,42.3576346690672],[-71.17006462733382,42.35747566937946],[-71.17039762630941,42.35712366902689],[-71.17034162686399,42.35711966880036],[-71.1699436276479,42.35711066955898],[-71.16848962622002,42.357145669700195],[-71.1676656264773,42.35717166940627],[-71.16654362542326,42.35717566892987],[-71.16660462668045,42.3568436699988],[-71.16677162520624,42.356285668796836],[-71.16681962595074,42.356076669619995],[-71.1666536258774,42.356098669615484],[-71.1664506256189,42.35616466887919],[-71.16622562611569,42.35621466977485],[-71.16610462472184,42.35623066952255],[-71.1658796256765,42.35623566984382],[-71.16566262535639,42.35620766868459],[-71.16548962573779,42.35615066905279],[-71.16537462505153,42.35609766955237],[-71.1649746253746,42.355914668768825],[-71.16421662475007,42.355527669406584],[-71.16337262498936,42.35510466921384],[-71.16278562456439,42.354830669521796],[-71.16261062501219,42.355385668988504],[-71.16255762390061,42.35554266927312],[-71.16167262433856,42.35537766909642],[-71.16184862391337,42.354735669380396],[-71.15956762376683,42.35431666860949],[-71.15912462311721,42.35423166838346],[-71.15889962355743,42.354197669010965],[-71.15880162367533,42.35416966926316],[-71.15874162364047,42.35413566835424],[-71.15868962390628,42.3540406688174],[-71.15859462383604,42.353821668433824],[-71.15849662331223,42.35387666946789],[-71.15805962352033,42.35408266915973],[-71.15807162237188,42.353383668959935],[-71.15774962244284,42.353369669531034],[-71.15718362307275,42.35339266860478],[-71.15718962293647,42.35368966866138],[-71.15715862249891,42.353778669541626],[-71.15708462277225,42.35384766926603],[-71.15672962272065,42.35398466913866],[-71.15612762175525,42.354228669627645],[-71.15652362276238,42.354609668790374],[-71.15670962183664,42.35474366918286],[-71.15640662228405,42.3550836695702],[-71.15613562249303,42.355361670258176],[-71.15584862214476,42.35555667000506],[-71.15567562245911,42.355639669049935],[-71.15546562180829,42.35571166982277],[-71.15525462173673,42.35573866909009],[-71.15499962263802,42.355743669822026],[-71.15432962140152,42.35568466974847],[-71.15426662178861,42.35608066951233],[-71.15404562196035,42.35673866985008],[-71.15388562195574,42.35714666999546],[-71.15382462125604,42.35732567039406],[-71.15376262151052,42.35753366957062],[-71.15386362169686,42.35759666953999],[-71.1538936225821,42.35762166985322],[-71.15395862187094,42.357673669723795],[-71.15409362131763,42.3577686698269],[-71.15432262262249,42.357911670223764],[-71.15449962287784,42.35801267044526],[-71.15469362283808,42.358147670324776],[-71.1549146221965,42.358155670095485],[-71.15563062289661,42.358208670746684],[-71.15594762169489,42.358226670034334],[-71.15628062288472,42.35823666951798],[-71.1565966224997,42.35824066998266],[-71.15707662303029,42.35823867034841],[-71.15732162361022,42.3582596696645],[-71.1575366230034,42.358294669501774],[-71.15802662308796,42.358430669907],[-71.15818462409948,42.35846466986617],[-71.15829662354578,42.35848666987081],[-71.15840262343005,42.35850766973415],[-71.1589546233452,42.358600669893],[-71.15939362415065,42.35859867043322],[-71.16009562410082,42.358583669820334],[-71.16044562447351,42.35857467003138],[-71.16055362432378,42.35858166986784],[-71.16067962496702,42.35859067003254],[-71.16089962322901,42.358633670157296],[-71.16116862469704,42.35876666996597],[-71.16134662435158,42.35884967032437],[-71.16148262448975,42.358968669853745],[-71.16150862479228,42.35898066976499]]]},"properties":{"WARD":"22","PRECINCT":"11","WP_DISTRICT":"22-11","WP_NAME":"Boston Ward 22 Precinct 11","TOWN":"BOSTON","TOWN_ID":35}},{"type":"Feature","geometry":{"type":"Polygon","coordinates":[[[-71.14908261969461,42.35615966999581],[-71.14856662036274,42.357002669531056],[-71.14829961988391,42.357418669819964],[-71.1479816203275,42.35802467008598],[-71.14791262014326,42.35811067029813],[-71.14790161951895,42.35813366954869],[-71.14785561906618,42.358235669806476],[-71.14775261983334,42.35841267029665],[-71.14758261937727,42.35862967038563],[-71.147604619829,42.35887566992471],[-71.14739561937107,42.35885566957724],[-71.14710762033083,42.359368670557906],[-71.14695161948869,42.359639670392],[-71.1464676192943,42.3603946706628],[-71.14625161930913,42.36074267107644],[-71.146171619296,42.36088467017524],[-71.14577661893308,42.361496670559866],[-71.14588561973581,42.361510670756],[-71.14570761912476,42.36161867093606],[-71.14583261932718,42.361631670732635],[-71.14601961940471,42.36164567058716],[-71.14605461955152,42.36165067045694],[-71.14612661921059,42.36166067091447],[-71.14617161978099,42.36166567090794],[-71.14621561959616,42.361669671188984],[-71.14651061889481,42.361698671661514],[-71.1469346197559,42.36173967034021],[-71.14694962014428,42.361741670907726],[-71.14702561971913,42.36174867072361],[-71.14717061935102,42.36176267033884],[-71.14723962008583,42.36169967112962],[-71.14729762031591,42.36164467049423],[-71.14757362041827,42.361446670432144],[-71.14780861994207,42.361314670153945],[-71.1480846199983,42.36121367015932],[-71.14833262034388,42.36112767088267],[-71.1486426203281,42.36107767026575],[-71.14902762073324,42.36104367071999],[-71.14944762145969,42.361013671208475],[-71.14973362084554,42.360986670624285],[-71.15007361985072,42.360954670498884],[-71.15064562128435,42.36089467051396],[-71.15145062126307,42.36082566986097],[-71.15199462171638,42.36076667035679],[-71.15247662156355,42.36068666994849],[-71.15294562107478,42.360524670779036],[-71.15370562108856,42.360263670361206],[-71.1541466220788,42.36013467019495],[-71.15447562225145,42.36004466989721],[-71.15481962240047,42.359973670097965],[-71.15524662172359,42.359903670738944],[-71.15561162340161,42.359879670626576],[-71.15636162276797,42.35986066996384],[-71.15672562266815,42.35989767028756],[-71.15706562285717,42.359947670046566],[-71.15791162311274,42.35996766947746],[-71.15850162338323,42.35998167036683],[-71.15883062258507,42.359970670294885],[-71.15927862349393,42.359910670034786],[-71.15974662290363,42.35978966982732],[-71.16051862358128,42.359505670264184],[-71.16096062416284,42.35929867051284],[-71.16134662397234,42.359079669919524],[-71.16150862479228,42.35898066976499],[-71.16148262448975,42.358968669853745],[-71.16134662435158,42.35884967032437],[-71.16116862469704,42.35876666996597],[-71.16089962322901,42.358633670157296],[-71.16067962496702,42.35859067003254],[-71.16055362432378,42.35858166986784],[-71.16044562447351,42.35857467003138],[-71.16009562410082,42.358583669820334],[-71.15939362415065,42.35859867043322],[-71.1589546233452,42.358600669893],[-71.15840262343005,42.35850766973415],[-71.15829662354578,42.35848666987081],[-71.15818462409948,42.35846466986617],[-71.15802662308796,42.358430669907],[-71.1575366230034,42.358294669501774],[-71.15732162361022,42.3582596696645],[-71.15707662303029,42.35823867034841],[-71.1565966224997,42.35824066998266],[-71.15628062288472,42.35823666951798],[-71.15594762169489,42.358226670034334],[-71.15563062289661,42.358208670746684],[-71.1549146221965,42.358155670095485],[-71.15469362283808,42.358147670324776],[-71.15449962287784,42.35801267044526],[-71.15432262262249,42.357911670223764],[-71.15409362131763,42.3577686698269],[-71.15395862187094,42.357673669723795],[-71.1538936225821,42.35762166985322],[-71.15386362169686,42.35759666953999],[-71.15376262151052,42.35753366957062],[-71.15382462125604,42.35732567039406],[-71.15388562195574,42.35714666999546],[-71.15404562196035,42.35673866985008],[-71.15426662178861,42.35608066951233],[-71.15432962140152,42.35568466974847],[-71.15499962263802,42.355743669822026],[-71.15525462173673,42.35573866909009],[-71.15546562180829,42.35571166982277],[-71.15567562245911,42.355639669049935],[-71.15584862214476,42.35555667000506],[-71.15613562249303,42.355361670258176],[-71.15640662228405,42.3550836695702],[-71.15670962183664,42.35474366918286],[-71.15652362276238,42.354609668790374],[-71.15612762175525,42.354228669627645],[-71.15672962272065,42.35398466913866],[-71.15708462277225,42.35384766926603],[-71.15715862249891,42.353778669541626],[-71.15718962293647,42.35368966866138],[-71.15718362307275,42.35339266860478],[-71.15774962244284,42.353369669531034],[-71.15807162237188,42.353383668959935],[-71.15806162321685,42.352661668428446],[-71.15807162297182,42.351924669042205],[-71.15753462325354,42.351919668873656],[-71.15662162257482,42.35189966883097],[-71.15625362269266,42.351861668402606],[-71.15590462200747,42.35179666821074],[-71.15550362200061,42.35172266856739],[-71.15493962172707,42.35161266848777],[-71.15479562109739,42.35187466828908],[-71.1544306215097,42.352404668645924],[-71.15356862113241,42.35215666930712],[-71.15385862119172,42.35165366880365],[-71.15402562199074,42.351379669198955],[-71.15327262118292,42.35114066879924],[-71.15238462136807,42.35091166905356],[-71.15209662123623,42.35134566855167],[-71.15191562078438,42.35164866898485],[-71.15171862073163,42.3519526685964],[-71.15136662042401,42.35255566876519],[-71.15113462014781,42.35290666875392],[-71.15088161998592,42.35335866895615],[-71.15070762060762,42.35360966914481],[-71.15053362017554,42.353894669303884],[-71.15035862023308,42.35420166916557],[-71.15008762003382,42.35462066949105],[-71.14996561974183,42.35480866977704],[-71.14980962014079,42.35503566946692],[-71.14953562042051,42.355465669811345],[-71.14908261969461,42.35615966999581]]]},"properties":{"WARD":"22","PRECINCT":"12","WP_DISTRICT":"22-12","WP_NAME":"Boston Ward 22 Precinct 12","TOWN":"BOSTON","TOWN_ID":35}},{"type":"Feature","geometry":{"type":"Polygon","coordinates":[[[-71.16681962595074,42.356076669619995],[-71.16677162520624,42.356285668796836],[-71.16660462668045,42.3568436699988],[-71.16654362542326,42.35717566892987],[-71.1676656264773,42.35717166940627],[-71.16848962622002,42.357145669700195],[-71.1699436276479,42.35711066955898],[-71.17034162686399,42.35711966880036],[-71.17039762630941,42.35712366902689],[-71.17065662757959,42.356856669654356],[-71.17099662781334,42.35650366936411],[-71.17117062728467,42.35632366870626],[-71.17138762789303,42.35609766901582],[-71.17154862676429,42.355930668567574],[-71.17231062733602,42.35514066902677],[-71.17258062697994,42.354860668548646],[-71.17269362813752,42.35474366853809],[-71.17277362733168,42.35465966903183],[-71.17288762825872,42.354541668753434],[-71.17353362788994,42.3538716686006],[-71.17391662817673,42.35347366825259],[-71.17393562832888,42.353405668584166],[-71.17390662750509,42.353389668388985],[-71.17386662774545,42.3533686683136],[-71.17352062769717,42.353185668438755],[-71.17260762750598,42.35271366792453],[-71.17174862691016,42.352290668281086],[-71.17086462661642,42.35184166864117],[-71.17030362627108,42.35156066748067],[-71.1699736270261,42.35141966865001],[-71.16978862684877,42.35134566784788],[-71.16924862616192,42.35114866814192],[-71.16908562705314,42.35107966845289],[-71.16895662567842,42.351024668640704],[-71.16870962646426,42.350862668190196],[-71.16842562583793,42.350665668087444],[-71.16825462600646,42.350673668200386],[-71.16811162701724,42.3506716683632],[-71.16788462606962,42.350657668019],[-71.16775562597566,42.35062566738819],[-71.16760562588252,42.35061266769142],[-71.16760262579581,42.35079466826575],[-71.1675846261382,42.35122066808276],[-71.1676876256214,42.35195166837076],[-71.16775162582982,42.35260566858363],[-71.16780662593342,42.35284566925852],[-71.1678316263451,42.353197668027555],[-71.16781562644884,42.35329266866888],[-71.16774762612657,42.35351566856825],[-71.16764362609848,42.35379566865354],[-71.16757262572753,42.3539356686499],[-71.16739962572896,42.354500668942016],[-71.16721862529153,42.354965668970166],[-71.16716062532839,42.35515866924147],[-71.16695462569639,42.355755668419484],[-71.16681962595074,42.356076669619995]]]},"properties":{"WARD":"22","PRECINCT":"13","WP_DISTRICT":"22-13","WP_NAME":"Boston Ward 22 Precinct 13","TOWN":"BOSTON","TOWN_ID":35}},{"type":"Feature","geometry":{"type":"Polygon","coordinates":[[[-71.09980260345182,42.34765966941991],[-71.09990560384293,42.34753667000904],[-71.09996660317431,42.34748267032795],[-71.10025460296477,42.34737966941402],[-71.10091060390553,42.347144669262605],[-71.10125260351381,42.34701066988689],[-71.1013266042282,42.346972669524106],[-71.10208960466713,42.34658366971649],[-71.10219360486963,42.34652766865696],[-71.1028206048834,42.3461966690972],[-71.10288260383874,42.34626066885065],[-71.10310960499099,42.346705668732156],[-71.10330160446327,42.34708066949552],[-71.10335260377799,42.34716466970021],[-71.10376960537195,42.347052669877684],[-71.1038416044809,42.34703366974263],[-71.10398060472792,42.34699566922969],[-71.10433560499501,42.346900669162245],[-71.10441960511471,42.34687766945599],[-71.10449360532091,42.34685767017289],[-71.10456760548587,42.346837669941806],[-71.10506760443593,42.34670466884405],[-71.1051006055645,42.34677066906248],[-71.1051536050774,42.34688766918926],[-71.10524360545514,42.34696266902067],[-71.10534460472473,42.34715666913472],[-71.10552860592675,42.347547669213505],[-71.10572560603877,42.3479126690261],[-71.10579660551983,42.34805066949251],[-71.10591760539327,42.34828666953446],[-71.10600160497079,42.3484126694283],[-71.10621060582235,42.348462669058705],[-71.1063856055755,42.34850466988225],[-71.1067346057795,42.34857166982878],[-71.10689460623912,42.34859666971078],[-71.10696060617016,42.348227669167116],[-71.10697860502162,42.34815166965835],[-71.10703260618233,42.347923669323514],[-71.107050605931,42.34784867002474],[-71.10706460645017,42.347774669882526],[-71.10710760666115,42.34755266925023],[-71.107121605829,42.34747866999239],[-71.10721360590098,42.347057669044304],[-71.10719460522338,42.34698566912082],[-71.10707860540761,42.34676067009435],[-71.10706960630667,42.34674266864161],[-71.10704260522199,42.34668966899008],[-71.10703360477281,42.34667266955303],[-71.10699060607024,42.34658966884648],[-71.10686360541759,42.346343669608984],[-71.106821605844,42.346261668869595],[-71.10680560538341,42.34621866848767],[-71.10677760626903,42.34614666921862],[-71.10675660635968,42.34609066953853],[-71.10674060462458,42.34604866936435],[-71.10670960576493,42.34599166946397],[-71.10661660618112,42.34581866925086],[-71.10658660500317,42.345762669348915],[-71.10657160489544,42.345735668719186],[-71.1065276046713,42.34565466843881],[-71.10651360569788,42.34562866964917],[-71.10648060611925,42.34555466894298],[-71.10638260512283,42.34533466972053],[-71.10634960570165,42.34526166829442],[-71.10633260515456,42.345230668891034],[-71.10625160595576,42.345078669106584],[-71.10591060465785,42.344574669401595],[-71.10583060547725,42.34445666951377],[-71.10579660478577,42.34440566849456],[-71.10577660553857,42.34432466825353],[-71.10566960488428,42.344128668965645],[-71.10558160565908,42.343950669452106],[-71.10555860554287,42.34390666894296],[-71.10551660508351,42.343820668574956],[-71.10536860557723,42.34396566938325],[-71.10529360528814,42.344007668914585],[-71.10523660534989,42.34404066876806],[-71.10517560532334,42.344073668361965],[-71.10506260480484,42.344134668437775],[-71.10492360536428,42.34420066931869],[-71.10461960468515,42.344396669297666],[-71.10434460406184,42.34417766919273],[-71.104393604378,42.344125669518604],[-71.1043076040848,42.34409066826093],[-71.10425860541697,42.34398366926112],[-71.10417060419356,42.343909669395124],[-71.10304060378644,42.34295666932415],[-71.10273960484928,42.34264266856592],[-71.10227960422897,42.34240366866952],[-71.0998296032132,42.3406626682599],[-71.09949460308971,42.34050866818566],[-71.09749060239008,42.33958366869567],[-71.09749160253203,42.33960366859374],[-71.09742460180102,42.339727668070054],[-71.09833460265659,42.34071966802376],[-71.0984086025106,42.34079966810459],[-71.09854060264134,42.34091866876417],[-71.09879460300314,42.34144366854755],[-71.09898660266015,42.34183966830053],[-71.09918760301477,42.34226866865684],[-71.09937360329148,42.34269066879513],[-71.09952160309545,42.34305066908625],[-71.09955460330792,42.34311866871999],[-71.09961360283701,42.343221668593074],[-71.09977260383931,42.34354466882215],[-71.09998460306191,42.34397766895622],[-71.1000586030483,42.344099669197],[-71.1003276025805,42.34457466921433],[-71.10047460372003,42.344707669672246],[-71.10076060381127,42.34477866883574],[-71.10098260344192,42.34488966841706],[-71.10080460368559,42.34504466951931],[-71.10059560416919,42.345231668852584],[-71.10031860351184,42.345478669033554],[-71.0997026031533,42.3460756699298],[-71.09950160325441,42.346281669639446],[-71.09934760383662,42.346447669887226],[-71.09895560343178,42.34682366932128],[-71.09857560279971,42.34718166926693],[-71.09816660230942,42.34760767000876],[-71.09811560285549,42.34764566950924],[-71.09980260345182,42.34765966941991]]]},"properties":{"WARD":"21","PRECINCT":"1","WP_DISTRICT":"21-1","WP_NAME":"Boston Ward 21 Precinct 1","TOWN":"BOSTON","TOWN_ID":35}},{"type":"Feature","geometry":{"type":"Polygon","coordinates":[[[-71.11690260873816,42.35550567049175],[-71.11697960918077,42.355543670664545],[-71.11709960968813,42.35560267094427],[-71.11780560981923,42.355170669892914],[-71.11804060977356,42.355119670566644],[-71.11812661019123,42.35510067019544],[-71.11824360988179,42.355075670514765],[-71.11830361055281,42.35506267054944],[-71.11834160984002,42.355054670662945],[-71.11849961036141,42.35502167088029],[-71.11856161003377,42.355007670889535],[-71.11909461047293,42.354893671250565],[-71.11949161060606,42.354758670147234],[-71.12002260956538,42.35472567024409],[-71.12072961051489,42.35462366969387],[-71.1206946102229,42.3544876701249],[-71.12083261099646,42.35383267017894],[-71.12098761101196,42.35310967048733],[-71.12104061092978,42.352900670275524],[-71.12111261058736,42.35253766981383],[-71.12126061119295,42.35188067009494],[-71.12128461138579,42.35178666984503],[-71.12131160992696,42.35168366937039],[-71.12110661118207,42.35166066963803],[-71.12053561064529,42.35159467005006],[-71.12049160962434,42.35158966958548],[-71.12028661019194,42.35156566996609],[-71.11991860998133,42.351521669791865],[-71.11972361101016,42.35149766981003],[-71.11880961076547,42.351394670134475],[-71.11843960995354,42.35135266983301],[-71.11840760954408,42.35134866989721],[-71.1183406096212,42.35134167016929],[-71.11831060950476,42.35133866986426],[-71.11827761020083,42.35133467017782],[-71.11806960962744,42.35131066924091],[-71.11744561003508,42.351238669577825],[-71.11723760886285,42.35121466983229],[-71.1169516092568,42.351176669704486],[-71.11609460894982,42.35106366949975],[-71.1158086094773,42.35102567012497],[-71.11563260967968,42.35100466971365],[-71.11510660875682,42.35094267016999],[-71.1149296093008,42.350921669836225],[-71.11470160786436,42.35089466987795],[-71.11409460826168,42.35082466978787],[-71.11401460915422,42.350815670282074],[-71.11378460825532,42.350788669893575],[-71.11363560765753,42.350775669741495],[-71.11321560731957,42.35072567008375],[-71.11150660714226,42.35052266998814],[-71.11128160767691,42.35049566977751],[-71.11111360674514,42.35047566989176],[-71.11093660745514,42.35045466970344],[-71.11091660666693,42.350452670009275],[-71.11089460679774,42.350451670071116],[-71.11088060658504,42.35045066928995],[-71.1108346080068,42.35044667028986],[-71.11075160733569,42.35043466939006],[-71.11049960741843,42.35040067012404],[-71.11041560675724,42.35038867009544],[-71.1102996067138,42.35037266961302],[-71.10994860660213,42.35032466989029],[-71.1098316066814,42.35030867004459],[-71.10974960607956,42.3503006700001],[-71.10956960699141,42.35028367011472],[-71.1095016065079,42.350277670155464],[-71.10941860709512,42.350269670083904],[-71.10931260703096,42.35025666992471],[-71.10899160678287,42.35021766946205],[-71.10888460678257,42.35020467000888],[-71.10848960664401,42.35015566988744],[-71.10730360582662,42.35001067009808],[-71.10690760556676,42.34996166921913],[-71.1068276062592,42.34995166988338],[-71.10663760638742,42.349928669485834],[-71.10657060573061,42.349920670766394],[-71.10670260589546,42.34944167014559],[-71.1067896053261,42.34906067049389],[-71.10682560548278,42.34889767001284],[-71.1068546061584,42.34876767003068],[-71.10689460623912,42.34859666971078],[-71.1067346057795,42.34857166982878],[-71.1063856055755,42.34850466988225],[-71.10621060582235,42.348462669058705],[-71.10600160497079,42.3484126694283],[-71.10591760539327,42.34828666953446],[-71.10579660551983,42.34805066949251],[-71.10572560603877,42.3479126690261],[-71.10552860592675,42.347547669213505],[-71.10534460472473,42.34715666913472],[-71.10524360545514,42.34696266902067],[-71.1051536050774,42.34688766918926],[-71.1051006055645,42.34677066906248],[-71.10506760443593,42.34670466884405],[-71.10456760548587,42.346837669941806],[-71.10449360532091,42.34685767017289],[-71.10441960511471,42.34687766945599],[-71.10433560499501,42.346900669162245],[-71.10398060472792,42.34699566922969],[-71.1038416044809,42.34703366974263],[-71.10376960537195,42.347052669877684],[-71.10335260377799,42.34716466970021],[-71.10330160446327,42.34708066949552],[-71.10310960499099,42.346705668732156],[-71.10288260383874,42.34626066885065],[-71.1028206048834,42.3461966690972],[-71.10219360486963,42.34652766865696],[-71.10208960466713,42.34658366971649],[-71.1013266042282,42.346972669524106],[-71.10125260351381,42.34701066988689],[-71.10091060390553,42.347144669262605],[-71.10025460296477,42.34737966941402],[-71.09996660317431,42.34748267032795],[-71.09990560384293,42.34753667000904],[-71.09980260345182,42.34765966941991],[-71.1001536036639,42.34767166968175],[-71.10062260363095,42.34770166955611],[-71.10087160392162,42.34773266955888],[-71.10114360405447,42.34776666934666],[-71.10097860402985,42.34781266982871],[-71.1005646030635,42.3479266695144],[-71.10081560362498,42.347960670048856],[-71.10099560331236,42.34797866949721],[-71.10076460416843,42.34810966935405],[-71.10072860393302,42.3483456698834],[-71.10066960424741,42.348720670106204],[-71.10063660378185,42.34899566987537],[-71.10059260409507,42.34919266986356],[-71.10056860349069,42.34928567022664],[-71.10056460407299,42.34930166980001],[-71.1005556045833,42.34936566989445],[-71.1028436047665,42.34964566997768],[-71.10362460485892,42.34974166994221],[-71.10348360470263,42.35027866964672],[-71.10342560477929,42.35061266991142],[-71.1033186048712,42.35099366999536],[-71.10326860511739,42.35108367054613],[-71.10324560502075,42.351166670848116],[-71.10315760434612,42.351493670285244],[-71.10303260528696,42.352522670686604],[-71.10340760447143,42.352457669952315],[-71.1043166056612,42.352411670688426],[-71.10600960577966,42.35248266997624],[-71.10663760584605,42.35249567016619],[-71.10747160682278,42.3525116705182],[-71.10921860655442,42.35255467010648],[-71.11008360717884,42.35255767024411],[-71.1103586075388,42.35259466975106],[-71.11058960739753,42.35262467020747],[-71.11121060695426,42.35270767051463],[-71.11130360849461,42.352719670659994],[-71.11138460720834,42.35273066955985],[-71.11151360757405,42.35274767075082],[-71.11160060693794,42.35276267084872],[-71.11186360793589,42.352808669625254],[-71.11214960761797,42.352857670408554],[-71.1124606074893,42.35291167031103],[-71.11269560821384,42.35297667064734],[-71.11283460762714,42.353010669976726],[-71.11292560765838,42.3530376707878],[-71.11319660793171,42.353118670561244],[-71.11371460787723,42.353319670008794],[-71.11445960904766,42.35366267109674],[-71.11517060857781,42.354040670191665],[-71.1159106091209,42.354539670462664],[-71.11653060937259,42.35503667048682],[-71.11654360945222,42.355057670751016],[-71.11685261006069,42.355393670995475],[-71.11690260873816,42.35550567049175]]]},"properties":{"WARD":"21","PRECINCT":"2","WP_DISTRICT":"21-2","WP_NAME":"Boston Ward 21 Precinct 2","TOWN":"BOSTON","TOWN_ID":35}},{"type":"Feature","geometry":{"type":"Polygon","coordinates":[[[-71.12072961051489,42.35462366969387],[-71.12164461089652,42.35475467053356],[-71.12284761230197,42.35492667088828],[-71.12410261213773,42.3551046705774],[-71.12477861295095,42.35520067022366],[-71.12508861266133,42.35524467092229],[-71.12514661283477,42.354952669689],[-71.12501461207124,42.354933670001536],[-71.12517561232409,42.354366670299534],[-71.12474061099753,42.35430966964918],[-71.12480061171765,42.35402266985516],[-71.12495061255753,42.353362669781475],[-71.12575061308944,42.35346066976321],[-71.12755861232621,42.3536926694454],[-71.12779961350732,42.35371566973363],[-71.12803161350742,42.35373266968997],[-71.1283446130286,42.35261266965206],[-71.12938561352443,42.35274066977915],[-71.12950961385165,42.352755669322484],[-71.12930261335815,42.352628670161195],[-71.1297986130871,42.35076366908999],[-71.13001861367314,42.35077566946111],[-71.13021261319489,42.35075767010675],[-71.1304726144355,42.350720668578475],[-71.13067061369159,42.35067466972184],[-71.130868613153,42.350599669524435],[-71.13107161350463,42.35050766867333],[-71.13103561416595,42.35043466939491],[-71.13102161400978,42.35041466867224],[-71.13098461295652,42.35034466952508],[-71.13093761459272,42.35027466888882],[-71.13086861335245,42.35014466897758],[-71.13067061306293,42.34986866905841],[-71.13037161422815,42.349536668497336],[-71.13007261283434,42.34925566939072],[-71.13003361390997,42.3492266689522],[-71.12989761307179,42.34906666857119],[-71.12974661341492,42.348858669428516],[-71.1292816134468,42.34907566960405],[-71.1291456130068,42.34925266904499],[-71.12900461284735,42.34938366902623],[-71.12878061268182,42.3495676692179],[-71.1285806139128,42.34970466948419],[-71.12858361222025,42.34984166984429],[-71.12793561357398,42.34993967003563],[-71.1276746127226,42.349976669794124],[-71.12750661282962,42.35000266893105],[-71.12748461243424,42.35001266919561],[-71.12685461216842,42.35009666899601],[-71.1262156126657,42.35042066935133],[-71.12588961203012,42.350585669317205],[-71.12552761148578,42.350797669552996],[-71.1247556118439,42.35123866948775],[-71.12469761264096,42.351268669598255],[-71.12463561222697,42.35130267010654],[-71.1245566119828,42.351344669064005],[-71.12445361150152,42.3513986696656],[-71.12412961230703,42.3515346701691],[-71.12406761153149,42.35156066950274],[-71.12398861132901,42.351550670086446],[-71.12351861161979,42.351494670226174],[-71.12294261152368,42.351424668939856],[-71.12285561111554,42.35186967012686],[-71.12242661095144,42.35181866993239],[-71.12240061103786,42.351816669646645],[-71.12227561163574,42.35180166994479],[-71.1222436119812,42.35179766928029],[-71.12222961119483,42.35179566965991],[-71.1221836119709,42.351789670260914],[-71.12153061094416,42.35171066979122],[-71.12131160992696,42.35168366937039],[-71.12128461138579,42.35178666984503],[-71.12126061119295,42.35188067009494],[-71.12111261058736,42.35253766981383],[-71.12104061092978,42.352900670275524],[-71.12098761101196,42.35310967048733],[-71.12083261099646,42.35383267017894],[-71.1206946102229,42.3544876701249],[-71.12072961051489,42.35462366969387]]]},"properties":{"WARD":"21","PRECINCT":"3","WP_DISTRICT":"21-3","WP_NAME":"Boston Ward 21 Precinct 3","TOWN":"BOSTON","TOWN_ID":35}},{"type":"Feature","geometry":{"type":"Polygon","coordinates":[[[-71.12508861266133,42.35524467092229],[-71.12615761326468,42.3553986710343],[-71.1272716127601,42.355558669715926],[-71.12840861272515,42.355713669585036],[-71.1299056135367,42.3559296702219],[-71.13027361467907,42.35596866960313],[-71.13119061391002,42.35610367004978],[-71.13139661429987,42.35611367008699],[-71.13221661420211,42.35579166970833],[-71.13240461482214,42.35572067001759],[-71.13276661436475,42.355545669974276],[-71.13327561559353,42.35532466930747],[-71.13359161500445,42.355178670383545],[-71.13401361522847,42.355003670310055],[-71.1343956143505,42.35484467017997],[-71.13449661480968,42.35479766940927],[-71.13507961520223,42.354551669864726],[-71.13571961556922,42.354281669809],[-71.13602461583253,42.35415166978544],[-71.1362836162871,42.35404967007248],[-71.13667961550289,42.353874669809926],[-71.13674761639021,42.353847669828454],[-71.13707561585655,42.35372067010207],[-71.13734161570494,42.35359866949577],[-71.13693461527106,42.35358066960831],[-71.13682761634047,42.35357566915551],[-71.13666961600168,42.35356467001085],[-71.13580161514274,42.353505669830014],[-71.13549761521789,42.353473669230034],[-71.1353876154824,42.35346267010955],[-71.13456061572894,42.353360669448556],[-71.13444761501874,42.35334667003439],[-71.13400261524306,42.3532916703665],[-71.13363861424676,42.353246669968286],[-71.13317861549282,42.353189670197054],[-71.13311561480279,42.35318166912162],[-71.13210661456475,42.3530696700774],[-71.13127861404652,42.35295767007725],[-71.13016761346842,42.35283666972318],[-71.12950961385165,42.352755669322484],[-71.12938561352443,42.35274066977915],[-71.1283446130286,42.35261266965206],[-71.12803161350742,42.35373266968997],[-71.12779961350732,42.35371566973363],[-71.12755861232621,42.3536926694454],[-71.12575061308944,42.35346066976321],[-71.12495061255753,42.353362669781475],[-71.12480061171765,42.35402266985516],[-71.12474061099753,42.35430966964918],[-71.12517561232409,42.354366670299534],[-71.12501461207124,42.354933670001536],[-71.12514661283477,42.354952669689],[-71.12508861266133,42.35524467092229]]]},"properties":{"WARD":"21","PRECINCT":"4","WP_DISTRICT":"21-4","WP_NAME":"Boston Ward 21 Precinct 4","TOWN":"BOSTON","TOWN_ID":35}},{"type":"Feature","geometry":{"type":"Polygon","coordinates":[[[-71.12950961385165,42.352755669322484],[-71.13016761346842,42.35283666972318],[-71.13127861404652,42.35295767007725],[-71.13210661456475,42.3530696700774],[-71.13311561480279,42.35318166912162],[-71.13317861549282,42.353189670197054],[-71.13363861424676,42.353246669968286],[-71.13400261524306,42.3532916703665],[-71.13403461535239,42.35320666977767],[-71.1341586155632,42.35219266913728],[-71.13415961564765,42.352124669044095],[-71.13413361493414,42.35203666957069],[-71.13388561513707,42.35137866975413],[-71.1337166142839,42.35091466935242],[-71.13363661386131,42.350762669063755],[-71.13334961500023,42.3504226696266],[-71.133251614585,42.35031666862308],[-71.1334886152026,42.35019366967372],[-71.13299061424708,42.34957466867629],[-71.13353261492436,42.349315669128735],[-71.13390061507772,42.349148669180295],[-71.13439261530125,42.34890266950139],[-71.13487261457531,42.348677668461896],[-71.13523861458535,42.3484986687319],[-71.13521261597641,42.34843366912114],[-71.13517261578629,42.34836666875285],[-71.13512661493947,42.348298668913905],[-71.13504261498866,42.34817366819662],[-71.1347536143138,42.34792866870986],[-71.13399861455562,42.347273668218655],[-71.13367561484912,42.347466668192325],[-71.13348261400648,42.34756266860556],[-71.13324661410623,42.347678668324775],[-71.13293461412952,42.34782066840447],[-71.13224861434874,42.34815766854142],[-71.13224861418291,42.34809066812115],[-71.13222061375333,42.34802066841171],[-71.13210861469744,42.34790166912454],[-71.13200761410171,42.347781668689755],[-71.13127561405291,42.348129668599015],[-71.13107461399406,42.34822466881204],[-71.13075561307755,42.34837666884577],[-71.13052761359354,42.348484668903815],[-71.13013761403197,42.34866866942515],[-71.12974661341492,42.348858669428516],[-71.12989761307179,42.34906666857119],[-71.13003361390997,42.3492266689522],[-71.13007261283434,42.34925566939072],[-71.13037161422815,42.349536668497336],[-71.13067061306293,42.34986866905841],[-71.13086861335245,42.35014466897758],[-71.13093761459272,42.35027466888882],[-71.13098461295652,42.35034466952508],[-71.13102161400978,42.35041466867224],[-71.13103561416595,42.35043466939491],[-71.13107161350463,42.35050766867333],[-71.130868613153,42.350599669524435],[-71.13067061369159,42.35067466972184],[-71.1304726144355,42.350720668578475],[-71.13021261319489,42.35075767010675],[-71.13001861367314,42.35077566946111],[-71.1297986130871,42.35076366908999],[-71.12930261335815,42.352628670161195],[-71.12950961385165,42.352755669322484]]]},"properties":{"WARD":"21","PRECINCT":"5","WP_DISTRICT":"21-5","WP_NAME":"Boston Ward 21 Precinct 5","TOWN":"BOSTON","TOWN_ID":35}},{"type":"Feature","geometry":{"type":"Polygon","coordinates":[[[-71.13906661634589,42.353799669652616],[-71.13962161667851,42.3538756695696],[-71.13993161780597,42.35391066969839],[-71.14052061682241,42.35398266910504],[-71.14068161700976,42.35401267019466],[-71.1416636183708,42.354271668956066],[-71.14237061785511,42.354453669802],[-71.14257961766974,42.35450466904307],[-71.14334961731532,42.35469466962531],[-71.14380261836159,42.35480566920915],[-71.1441766179769,42.35489766960472],[-71.1443356192987,42.354601668944746],[-71.1446376182945,42.3540736702182],[-71.1448006187598,42.3537596700809],[-71.14505661845845,42.353331669776196],[-71.14527361937863,42.3529076691964],[-71.14552961774476,42.35248066889434],[-71.14577461829087,42.35205066856807],[-71.14583961860372,42.35193266908995],[-71.14602561869758,42.35159766939876],[-71.14608761850992,42.351450668564716],[-71.14609461951797,42.351366668943115],[-71.14608861874538,42.35127966915853],[-71.14603361854782,42.35119066846318],[-71.1458926188697,42.35105166923866],[-71.14561261806325,42.350794669328096],[-71.1449626183651,42.3510816693671],[-71.14454961884428,42.35125666899485],[-71.14429161852895,42.35135466881794],[-71.1441556185654,42.35139166852048],[-71.14398161833314,42.35144166941701],[-71.14315161808501,42.351606669163296],[-71.14299761786509,42.35164266903688],[-71.14288661816843,42.35129566937932],[-71.14282861758771,42.35109566850374],[-71.14210361720943,42.3512086683344],[-71.14137861752434,42.35130266932275],[-71.14008461715565,42.35148666883009],[-71.14010161719979,42.35165366966607],[-71.13990761719586,42.351473669124076],[-71.13976861647926,42.35141366890665],[-71.13956461602028,42.351348668967844],[-71.13931261585608,42.35129566930954],[-71.13914661704976,42.351283669844605],[-71.1389966159592,42.35128666874903],[-71.13880261636275,42.351318668895146],[-71.13835661598351,42.35147666946662],[-71.13861061588315,42.352045669552304],[-71.13870161637504,42.35228466868178],[-71.13801361640992,42.35240666915684],[-71.1372296159874,42.35254266919134],[-71.13702561653031,42.351872669338746],[-71.13688661596665,42.35182966938118],[-71.13653761655765,42.3513816700309],[-71.13568261532193,42.35173566857201],[-71.1355476147341,42.35183666907152],[-71.13564461514218,42.3517036689675],[-71.13570961584617,42.351589669728895],[-71.13464461518095,42.351242669796086],[-71.13475561487243,42.35103266911249],[-71.13467161531257,42.35101366907699],[-71.13390561528173,42.35081166961262],[-71.13363661386131,42.350762669063755],[-71.1337166142839,42.35091466935242],[-71.13388561513707,42.35137866975413],[-71.13413361493414,42.35203666957069],[-71.13415961564765,42.352124669044095],[-71.1341586155632,42.35219266913728],[-71.13403461535239,42.35320666977767],[-71.13400261524306,42.3532916703665],[-71.13444761501874,42.35334667003439],[-71.13456061572894,42.353360669448556],[-71.1353876154824,42.35346267010955],[-71.13549761521789,42.353473669230034],[-71.13580161514274,42.353505669830014],[-71.13666961600168,42.35356467001085],[-71.13682761634047,42.35357566915551],[-71.13693461527106,42.35358066960831],[-71.13734161570494,42.35359866949577],[-71.13744561667038,42.35360366992156],[-71.13762561665352,42.35362067022212],[-71.13808561638791,42.35368466992333],[-71.13906661634589,42.353799669652616]]]},"properties":{"WARD":"21","PRECINCT":"6","WP_DISTRICT":"21-6","WP_NAME":"Boston Ward 21 Precinct 6","TOWN":"BOSTON","TOWN_ID":35}},{"type":"Feature","geometry":{"type":"Polygon","coordinates":[[[-71.13363661386131,42.350762669063755],[-71.13390561528173,42.35081166961262],[-71.13467161531257,42.35101366907699],[-71.13475561487243,42.35103266911249],[-71.13464461518095,42.351242669796086],[-71.13570961584617,42.351589669728895],[-71.13564461514218,42.3517036689675],[-71.1355476147341,42.35183666907152],[-71.13568261532193,42.35173566857201],[-71.13653761655765,42.3513816700309],[-71.13688661596665,42.35182966938118],[-71.13702561653031,42.351872669338746],[-71.1372296159874,42.35254266919134],[-71.13801361640992,42.35240666915684],[-71.13870161637504,42.35228466868178],[-71.13861061588315,42.352045669552304],[-71.13835661598351,42.35147666946662],[-71.13880261636275,42.351318668895146],[-71.1389966159592,42.35128666874903],[-71.13914661704976,42.351283669844605],[-71.13931261585608,42.35129566930954],[-71.13956461602028,42.351348668967844],[-71.13976861647926,42.35141366890665],[-71.13990761719586,42.351473669124076],[-71.14010161719979,42.35165366966607],[-71.14008461715565,42.35148666883009],[-71.14007161599446,42.3503436689818],[-71.13995661655589,42.34947466835053],[-71.13993061740503,42.34932566841023],[-71.139731616876,42.348985668705005],[-71.13963161701335,42.34901166899253],[-71.13927061636898,42.34905266878378],[-71.13908461667698,42.34905666850922],[-71.13889861651967,42.349042669361154],[-71.13857661568166,42.34898366923426],[-71.13841061606982,42.34893466861294],[-71.13826761654703,42.348893668949515],[-71.137580615793,42.34865766832103],[-71.13723161535597,42.348538668690736],[-71.13680361558133,42.34839866863881],[-71.13658961589796,42.34834766815981],[-71.13650961527767,42.348337668768565],[-71.13638061524038,42.348321668808005],[-71.1362066154376,42.348312668335424],[-71.13600361487785,42.348311668498056],[-71.13574361468622,42.34834466812492],[-71.13552461550826,42.348395668768134],[-71.13531461545973,42.34846266866204],[-71.13523861458535,42.3484986687319],[-71.13487261457531,42.348677668461896],[-71.13439261530125,42.34890266950139],[-71.13390061507772,42.349148669180295],[-71.13353261492436,42.349315669128735],[-71.13299061424708,42.34957466867629],[-71.1334886152026,42.35019366967372],[-71.133251614585,42.35031666862308],[-71.13334961500023,42.3504226696266],[-71.13363661386131,42.350762669063755]]]},"properties":{"WARD":"21","PRECINCT":"7","WP_DISTRICT":"21-7","WP_NAME":"Boston Ward 21 Precinct 7","TOWN":"BOSTON","TOWN_ID":35}},{"type":"Feature","geometry":{"type":"Polygon","coordinates":[[[-71.13523861458535,42.3484986687319],[-71.13531461545973,42.34846266866204],[-71.13552461550826,42.348395668768134],[-71.13574361468622,42.34834466812492],[-71.13600361487785,42.348311668498056],[-71.1362066154376,42.348312668335424],[-71.13638061524038,42.348321668808005],[-71.13650961527767,42.348337668768565],[-71.13658961589796,42.34834766815981],[-71.13680361558133,42.34839866863881],[-71.13723161535597,42.348538668690736],[-71.137580615793,42.34865766832103],[-71.13760461602314,42.348613669422654],[-71.13761261498568,42.34860166857363],[-71.13767461586801,42.34851566940034],[-71.1377166160654,42.348446668553855],[-71.13777661621322,42.34834566870891],[-71.13801161594543,42.347945668545286],[-71.13823061626493,42.34759666842741],[-71.13854961615158,42.34705666813001],[-71.13863961624905,42.346890668507825],[-71.13877461661176,42.34663966894225],[-71.13892661616157,42.3463806686025],[-71.13906761695502,42.346129668608164],[-71.13921861626821,42.34588666736349],[-71.13941561602479,42.345568668427575],[-71.13948461566702,42.34546066820785],[-71.13958161537074,42.34532866757323],[-71.139673616603,42.34522166753195],[-71.13980461593333,42.34510166787019],[-71.1395486160024,42.34495366740945],[-71.13904561635076,42.34462466768533],[-71.13838761673985,42.34422666721029],[-71.13824661605742,42.34413466781973],[-71.13782461571925,42.3438846676135],[-71.13736161531867,42.344265667557046],[-71.13710961545178,42.34446966769195],[-71.13675861556607,42.3447536675962],[-71.1359856151323,42.34537466813212],[-71.1354566149983,42.34580366819243],[-71.135278614614,42.345949668146545],[-71.13515561436817,42.34603166792023],[-71.13425461550523,42.34658566873664],[-71.13338161445276,42.347130668728155],[-71.13200761410171,42.347781668689755],[-71.13210861469744,42.34790166912454],[-71.13222061375333,42.34802066841171],[-71.13224861418291,42.34809066812115],[-71.13224861434874,42.34815766854142],[-71.13293461412952,42.34782066840447],[-71.13324661410623,42.347678668324775],[-71.13348261400648,42.34756266860556],[-71.13367561484912,42.347466668192325],[-71.13399861455562,42.347273668218655],[-71.1347536143138,42.34792866870986],[-71.13504261498866,42.34817366819662],[-71.13512661493947,42.348298668913905],[-71.13517261578629,42.34836666875285],[-71.13521261597641,42.34843366912114],[-71.13523861458535,42.3484986687319]]]},"properties":{"WARD":"21","PRECINCT":"8","WP_DISTRICT":"21-8","WP_NAME":"Boston Ward 21 Precinct 8","TOWN":"BOSTON","TOWN_ID":35}},{"type":"Feature","geometry":{"type":"Polygon","coordinates":[[[-71.14008461715565,42.35148666883009],[-71.14137861752434,42.35130266932275],[-71.14210361720943,42.3512086683344],[-71.14282861758771,42.35109566850374],[-71.14288661816843,42.35129566937932],[-71.14299761786509,42.35164266903688],[-71.14315161808501,42.351606669163296],[-71.14398161833314,42.35144166941701],[-71.1441556185654,42.35139166852048],[-71.14429161852895,42.35135466881794],[-71.14454961884428,42.35125666899485],[-71.1449626183651,42.3510816693671],[-71.14561261806325,42.350794669328096],[-71.14651161845454,42.3504256687375],[-71.14707961926948,42.350173668993385],[-71.1473936192998,42.35006266883422],[-71.14802761945893,42.349812668245264],[-71.14816061980919,42.349766668113816],[-71.14862062003826,42.349587668629],[-71.14898461929103,42.34941666774967],[-71.14934161995795,42.34924866844381],[-71.14952562016404,42.34918666837518],[-71.14994362012123,42.349044667966666],[-71.1501546193487,42.348994667996365],[-71.15036462082084,42.348978668490666],[-71.15027161942605,42.348781668197915],[-71.14995861905362,42.348417668257866],[-71.14975562063032,42.348193667875115],[-71.14936862003515,42.34776266824479],[-71.14904761946718,42.347465667799405],[-71.1486516192143,42.34720666804254],[-71.14834461901114,42.3470276677813],[-71.14804361972084,42.34686566810248],[-71.14774161884627,42.34675566793583],[-71.14731661894062,42.346590667450236],[-71.14651461918936,42.346255667750384],[-71.14635161804983,42.34617566832386],[-71.14623861855296,42.34611466825865],[-71.14609661809698,42.34599466841579],[-71.14586261857431,42.34576366843981],[-71.14566161880293,42.34553166861592],[-71.14556061801163,42.34542166789904],[-71.14504861864252,42.345770667371085],[-71.14485461770302,42.34589966854016],[-71.14462861871657,42.34604266721679],[-71.14451561712941,42.34613466866316],[-71.14442361819131,42.34620166820152],[-71.14436461812613,42.3462256683976],[-71.1442786181556,42.346249667864804],[-71.14420361758658,42.346249668089094],[-71.14408561822974,42.34622066740991],[-71.14401061710481,42.34617266859752],[-71.1439146179234,42.34602866810875],[-71.14382861861951,42.34594066858172],[-71.14363861689644,42.345776667503735],[-71.1435106182244,42.34568866809953],[-71.14325861741324,42.34550466778075],[-71.14306661808227,42.34537966726703],[-71.14291661754301,42.3453076681504],[-71.14270761774301,42.345222667200055],[-71.14230661763504,42.34508166853788],[-71.142085616699,42.34545366817537],[-71.14172761730872,42.34598466738754],[-71.14169861711558,42.34602866778465],[-71.14145161725634,42.34593666793921],[-71.14135861656533,42.34590366769444],[-71.14123861752908,42.345861668475564],[-71.14119861751081,42.34584366842179],[-71.14075061703942,42.34563866826633],[-71.14051961594683,42.3455316680512],[-71.1401666165382,42.34533066815492],[-71.13980461593333,42.34510166787019],[-71.139673616603,42.34522166753195],[-71.13958161537074,42.34532866757323],[-71.13948461566702,42.34546066820785],[-71.13941561602479,42.345568668427575],[-71.13921861626821,42.34588666736349],[-71.13906761695502,42.346129668608164],[-71.13892661616157,42.3463806686025],[-71.13877461661176,42.34663966894225],[-71.13863961624905,42.346890668507825],[-71.13854961615158,42.34705666813001],[-71.13823061626493,42.34759666842741],[-71.13801161594543,42.347945668545286],[-71.13777661621322,42.34834566870891],[-71.1377166160654,42.348446668553855],[-71.13767461586801,42.34851566940034],[-71.13761261498568,42.34860166857363],[-71.13760461602314,42.348613669422654],[-71.137580615793,42.34865766832103],[-71.13826761654703,42.348893668949515],[-71.13841061606982,42.34893466861294],[-71.13857661568166,42.34898366923426],[-71.13889861651967,42.349042669361154],[-71.13908461667698,42.34905666850922],[-71.13927061636898,42.34905266878378],[-71.13963161701335,42.34901166899253],[-71.139731616876,42.348985668705005],[-71.13993061740503,42.34932566841023],[-71.13995661655589,42.34947466835053],[-71.14007161599446,42.3503436689818],[-71.14008461715565,42.35148666883009]]]},"properties":{"WARD":"21","PRECINCT":"9","WP_DISTRICT":"21-9","WP_NAME":"Boston Ward 21 Precinct 9","TOWN":"BOSTON","TOWN_ID":35}},{"type":"Feature","geometry":{"type":"Polygon","coordinates":[[[-71.13980461593333,42.34510166787019],[-71.1401666165382,42.34533066815492],[-71.14051961594683,42.3455316680512],[-71.14075061703942,42.34563866826633],[-71.14119861751081,42.34584366842179],[-71.14123861752908,42.345861668475564],[-71.14135861656533,42.34590366769444],[-71.14145161725634,42.34593666793921],[-71.14169861711558,42.34602866778465],[-71.14172761730872,42.34598466738754],[-71.142085616699,42.34545366817537],[-71.14230661763504,42.34508166853788],[-71.14270761774301,42.345222667200055],[-71.14291661754301,42.3453076681504],[-71.14306661808227,42.34537966726703],[-71.14325861741324,42.34550466778075],[-71.1435106182244,42.34568866809953],[-71.14363861689644,42.345776667503735],[-71.14382861861951,42.34594066858172],[-71.1439146179234,42.34602866810875],[-71.14401061710481,42.34617266859752],[-71.14408561822974,42.34622066740991],[-71.14420361758658,42.346249668089094],[-71.1442786181556,42.346249667864804],[-71.14436461812613,42.3462256683976],[-71.14442361819131,42.34620166820152],[-71.14451561712941,42.34613466866316],[-71.14462861871657,42.34604266721679],[-71.14485461770302,42.34589966854016],[-71.14504861864252,42.345770667371085],[-71.14556061801163,42.34542166789904],[-71.1453356179265,42.34521166768605],[-71.14504961769937,42.34497166745004],[-71.14454361842203,42.34463166756881],[-71.14468561866937,42.34449366807758],[-71.14488961752731,42.34432066759359],[-71.145116618365,42.344127667590826],[-71.1447066182903,42.34386266702244],[-71.14442561774257,42.343689667526945],[-71.14409361773806,42.34348666668325],[-71.14358761705766,42.34323266709568],[-71.1434286170109,42.343459667394875],[-71.14310961771491,42.343886668127915],[-71.14296061678412,42.34380266767638],[-71.14283561726322,42.34372966750189],[-71.14274461714781,42.343677667655534],[-71.1426756173467,42.34363766764694],[-71.14231361627417,42.34341766726627],[-71.1421126179305,42.34329566745669],[-71.14191861676612,42.34319766739771],[-71.14151861685185,42.3429606674967],[-71.14101361630937,42.34268266780134],[-71.14065861668182,42.34250966741784],[-71.14042761662976,42.342403667133844],[-71.1399776156334,42.34214866706989],[-71.13890261576283,42.34301966744097],[-71.13880961620707,42.34309566679506],[-71.13875061543503,42.343142667428175],[-71.13865361625858,42.34322066713683],[-71.13849761604209,42.34334666838697],[-71.1379666151153,42.34377666770748],[-71.13782461571925,42.3438846676135],[-71.13824661605742,42.34413466781973],[-71.13838761673985,42.34422666721029],[-71.13904561635076,42.34462466768533],[-71.1395486160024,42.34495366740945],[-71.13980461593333,42.34510166787019]]]},"properties":{"WARD":"21","PRECINCT":"10","WP_DISTRICT":"21-10","WP_NAME":"Boston Ward 21 Precinct 10","TOWN":"BOSTON","TOWN_ID":35}},{"type":"Feature","geometry":{"type":"Polygon","coordinates":[[[-71.09749060239008,42.33958366869567],[-71.09949460308971,42.34050866818566],[-71.0998296032132,42.3406626682599],[-71.10227960422897,42.34240366866952],[-71.10273960484928,42.34264266856592],[-71.10304060378644,42.34295666932415],[-71.10417060419356,42.343909669395124],[-71.10425860541697,42.34398366926112],[-71.1043076040848,42.34409066826093],[-71.104393604378,42.344125669518604],[-71.10434460406184,42.34417766919273],[-71.10461960468515,42.344396669297666],[-71.10492360536428,42.34420066931869],[-71.10506260480484,42.344134668437775],[-71.10517560532334,42.344073668361965],[-71.10523660534989,42.34404066876806],[-71.10529360528814,42.344007668914585],[-71.10536860557723,42.34396566938325],[-71.10551660508351,42.343820668574956],[-71.10561060435703,42.34379766809323],[-71.10569360476356,42.343759668775796],[-71.10586060498132,42.34370066818565],[-71.10606060456112,42.3435976688477],[-71.1060726055054,42.343591669009946],[-71.10617460527838,42.34349966924394],[-71.10622160571575,42.34344166870081],[-71.10622960591584,42.34337766828129],[-71.1062456056986,42.34333166867214],[-71.10630460512758,42.34327066890077],[-71.10651460568495,42.343114668651026],[-71.10658260539236,42.34308066866492],[-71.10666160537492,42.34304366868784],[-71.10690860518923,42.34296266791764],[-71.10706960549398,42.34289766892518],[-71.10714160527314,42.34286766876887],[-71.1072016056854,42.342833668993485],[-71.10721160547274,42.342825668054765],[-71.10724660563362,42.34281266857142],[-71.10744260573739,42.34269566893865],[-71.10788760595784,42.34255966879329],[-71.10802760682427,42.342486668877015],[-71.10811660578052,42.34241466804802],[-71.10819460645578,42.34233866838917],[-71.10822560571985,42.34228066831124],[-71.10822660527329,42.34219566889916],[-71.10822660532729,42.34211666832307],[-71.10823960633459,42.34206666811979],[-71.10825560587188,42.34203766842732],[-71.10829160600942,42.34198966779939],[-71.10841260563427,42.3418966684202],[-71.10843560681461,42.34188166867358],[-71.10849060597103,42.34184566874936],[-71.10877160595287,42.34175666812376],[-71.10904160602604,42.34167366766442],[-71.10935760644281,42.34158966869899],[-71.10955360547314,42.34150266767433],[-71.10960060625438,42.341467668190276],[-71.10965960646641,42.34140966826414],[-71.10968360722697,42.341369667864235],[-71.10976760590094,42.34123066798406],[-71.10985060674776,42.34117766860882],[-71.10998660624249,42.34111566779266],[-71.11008960680641,42.34104066813796],[-71.11017760635463,42.340967668394576],[-71.11036060686618,42.340741668209475],[-71.11046960584885,42.34060066745181],[-71.11057060690857,42.340462667179345],[-71.11057960740388,42.34045166819137],[-71.11059760734601,42.34041366842514],[-71.11063360682904,42.34034166797792],[-71.11066360569205,42.34027966834579],[-71.11071160655096,42.34013866784024],[-71.1107206064484,42.34009066864841],[-71.11071060665292,42.34005166836241],[-71.11068060668525,42.33999966766115],[-71.11067560636442,42.33990666769356],[-71.110764606457,42.33972666759573],[-71.11085060626944,42.33951666764662],[-71.11088560631882,42.33889266773869],[-71.11093660653029,42.33875266757436],[-71.11103060750067,42.3385726670511],[-71.11111460659151,42.33837366796237],[-71.11131360651181,42.337910667068044],[-71.11140260629578,42.33763866735476],[-71.11146660632281,42.337554667626314],[-71.11153360739107,42.337466667199706],[-71.1115596066769,42.337389667523794],[-71.11155160721923,42.33730766708605],[-71.11144360654166,42.33721466745342],[-71.11141660717124,42.33719366691196],[-71.11129660621921,42.33709366731705],[-71.11124560646815,42.33703166730083],[-71.11122060680847,42.33699766695055],[-71.11120060675603,42.33691466708583],[-71.11119260672227,42.336878667049184],[-71.11117060584584,42.3367786664913],[-71.1111546066537,42.336727667534085],[-71.11111460687584,42.336671667294134],[-71.11105760665475,42.336630666916975],[-71.11100860637409,42.33661066679148],[-71.11090860612767,42.33655566713963],[-71.11080060585765,42.33644066733517],[-71.11070860610998,42.33631666736478],[-71.11070060606514,42.336270666838914],[-71.110713606338,42.336220667200976],[-71.1107516067911,42.33617666713087],[-71.11090160660552,42.336021667373004],[-71.1109796063261,42.33595366755424],[-71.11100060664604,42.3358416665949],[-71.11099960642933,42.33583066703707],[-71.1109906066588,42.33576566697087],[-71.11092960652884,42.33568066738903],[-71.11080860697236,42.33559466701173],[-71.1100636065528,42.33631566717347],[-71.1099916058605,42.33637166691612],[-71.10983260663986,42.33653666780336],[-71.10933360631121,42.33700866751593],[-71.10871860603424,42.336621666803474],[-71.10828660553014,42.33633166723589],[-71.10822760583854,42.33629566696049],[-71.10750860569982,42.3358506675749],[-71.10706660513186,42.33557766723826],[-71.10618260501411,42.33501266700212],[-71.10607360539609,42.33493466670054],[-71.10543760449848,42.33453266731058],[-71.10506560354835,42.3342506668599],[-71.10491060403002,42.334198667217464],[-71.10445360442941,42.33439466777771],[-71.10377560451902,42.33466466718966],[-71.10357060369392,42.33474166746385],[-71.10322860395449,42.3348686668642],[-71.10307360371657,42.33492666706697],[-71.10242760359044,42.335157667486364],[-71.10195160393015,42.335293667992524],[-71.10143460387441,42.33547166711564],[-71.1012326031997,42.335543667997676],[-71.10093360305953,42.33566266747024],[-71.10068360302593,42.33578166801789],[-71.1003066028499,42.33594966795098],[-71.09956460203011,42.33626366763357],[-71.09888460231373,42.33649866748797],[-71.09813360212422,42.33679166772428],[-71.09760560234945,42.337001667933535],[-71.09725360186474,42.33714266815102],[-71.09694760219519,42.337268667637034],[-71.0968316028068,42.33731666786092],[-71.09574560111894,42.337735667934396],[-71.09482160151819,42.338096668357366],[-71.09475360093992,42.33812666772533],[-71.09327160091496,42.338729667775006],[-71.09271959967566,42.33894266756916],[-71.0924616009884,42.33904166782678],[-71.09226660042421,42.33911566833609],[-71.09219259961385,42.3391476687697],[-71.09137660036286,42.33946566916797],[-71.09102659964778,42.33961666870583],[-71.09066060025496,42.33977466851519],[-71.09100359993133,42.34045066849768],[-71.0911886004679,42.34095766901701],[-71.09120860086092,42.34092366855878],[-71.09173160051171,42.340002668449465],[-71.09181060071478,42.339879668270605],[-71.09195860056525,42.339758668510186],[-71.09211559956773,42.33967866830652],[-71.09254360012909,42.339521668679744],[-71.09289860057673,42.34002266881584],[-71.09317760037978,42.340406667854424],[-71.09327760062308,42.34060466827401],[-71.0932966012661,42.34067466930915],[-71.09330260159477,42.34075066891825],[-71.09328459991383,42.34082166892557],[-71.09321760087832,42.34089766866548],[-71.09374660098527,42.340782668507984],[-71.09404160147304,42.34071266842021],[-71.09455360051598,42.34057266822539],[-71.09497360207969,42.34041366873728],[-71.09571860198464,42.34010966919866],[-71.09601960099904,42.33994966849175],[-71.09621060154961,42.339835668299166],[-71.09633660230942,42.33972366781858],[-71.09667860155882,42.3392656684403],[-71.09688560160443,42.33903466809961],[-71.09726260249586,42.33935366747913],[-71.09737560213523,42.33944866779552],[-71.09738760210435,42.339536668397656],[-71.09749060239008,42.33958366869567]]]},"properties":{"WARD":"4","PRECINCT":"10","WP_DISTRICT":"4-10","WP_NAME":"Boston Ward 4 Precinct 10","TOWN":"BOSTON","TOWN_ID":35}},{"type":"Feature","geometry":{"type":"Polygon","coordinates":[[[-71.08996560079059,42.34392866928738],[-71.08985060096023,42.344351669146754],[-71.08976560050563,42.34466866929408],[-71.08954859934825,42.3454186689235],[-71.08940259989652,42.34593166954755],[-71.0893056006538,42.34631466910398],[-71.08926560084186,42.346470669197195],[-71.08922259996592,42.34664267023553],[-71.08922859980234,42.34672966973347],[-71.08926460053834,42.34689566984193],[-71.08941360053797,42.34685966905722],[-71.09000560041767,42.346687669569135],[-71.09008760016704,42.34666566980455],[-71.09039959984204,42.34658467055541],[-71.09055060058954,42.3465586695626],[-71.09070060039043,42.346543669971766],[-71.09090260032065,42.3465526697158],[-71.09092759964821,42.346520669568385],[-71.09098360007286,42.34649866939689],[-71.09128760125483,42.346494670027994],[-71.0918196016888,42.34664067034231],[-71.09211160179089,42.34673267017384],[-71.09213560020756,42.346688669833895],[-71.09220760084663,42.34669967018371],[-71.0923146001917,42.34670267035449],[-71.09238060073135,42.346612669941656],[-71.09238060125658,42.34651066963056],[-71.09238160135624,42.34623466993462],[-71.0924436011045,42.34605367003877],[-71.09242960081697,42.34557167005068],[-71.09232260131115,42.34538966950138],[-71.0921226012502,42.345194670073916],[-71.09204560016744,42.345070668914516],[-71.0921086014097,42.34487566956954],[-71.09209360171114,42.344681669206906],[-71.09215560003778,42.34456366912121],[-71.0921876010234,42.34419866927729],[-71.0922186012075,42.34412166922655],[-71.09234260061854,42.343983669245944],[-71.09258960133643,42.34383566974622],[-71.09275960052229,42.34383666901306],[-71.09295960087762,42.343914669070124],[-71.09332960086826,42.34397466924183],[-71.09383860102658,42.34399766936437],[-71.09428560145068,42.34396666954807],[-71.09439360124215,42.34391966912564],[-71.09450260105464,42.34381866902452],[-71.09453260114104,42.343736669107706],[-71.09453360142177,42.34347166902568],[-71.09447760074079,42.34331366836389],[-71.09445760084277,42.3432566687641],[-71.09440160158523,42.34317366868365],[-71.09436860138159,42.34316066908918],[-71.09412560151443,42.343150669088516],[-71.09411160143182,42.34314066874007],[-71.09394960071842,42.34301366963746],[-71.09381060143967,42.34296666868451],[-71.09350260108108,42.34295866953805],[-71.09331760113326,42.342885668763415],[-71.09285560051883,42.342794668919666],[-71.09239260009038,42.34277166903565],[-71.09228460074296,42.34269266900458],[-71.0922545998945,42.342634669328895],[-71.0922396002565,42.34238266846497],[-71.09227160076779,42.342224669026834],[-71.09228960064485,42.34219166872339],[-71.09233360092419,42.34211066879653],[-71.09239560092965,42.34206466850607],[-71.09254960056904,42.342016668790784],[-71.09264260077362,42.341947668618516],[-71.09270460074879,42.341775668652865],[-71.09284360064508,42.34161966855715],[-71.09338360097263,42.34138966876271],[-71.09367760028168,42.34120866812048],[-71.09415660108084,42.34102866831725],[-71.09427960082041,42.34095866894936],[-71.09438160146017,42.340912668287054],[-71.09488260147303,42.34068666880737],[-71.09545260175958,42.34057266865234],[-71.09588560103579,42.34041166881047],[-71.09624060187443,42.34025166826709],[-71.09642560127703,42.34025366823419],[-71.09665660243257,42.34028966768483],[-71.0967336021922,42.34022966771146],[-71.09673460290131,42.34013966808798],[-71.09667260259721,42.34003666781893],[-71.0966726021458,42.33997866827637],[-71.09695160216016,42.33983366875922],[-71.09713660267933,42.339681668960246],[-71.09726260249586,42.33935366747913],[-71.09688560160443,42.33903466809961],[-71.09667860155882,42.3392656684403],[-71.09633660230942,42.33972366781858],[-71.09621060154961,42.339835668299166],[-71.09601960099904,42.33994966849175],[-71.09571860198464,42.34010966919866],[-71.09497360207969,42.34041366873728],[-71.09455360051598,42.34057266822539],[-71.09404160147304,42.34071266842021],[-71.09374660098527,42.340782668507984],[-71.09321760087832,42.34089766866548],[-71.09328459991383,42.34082166892557],[-71.09330260159477,42.34075066891825],[-71.0932966012661,42.34067466930915],[-71.09327760062308,42.34060466827401],[-71.09317760037978,42.340406667854424],[-71.09289860057673,42.34002266881584],[-71.09254360012909,42.339521668679744],[-71.09211559956773,42.33967866830652],[-71.09195860056525,42.339758668510186],[-71.09181060071478,42.339879668270605],[-71.09173160051171,42.340002668449465],[-71.09120860086092,42.34092366855878],[-71.0911886004679,42.34095766901701],[-71.09110259944319,42.34110466905735],[-71.09103060044991,42.34121966932407],[-71.09088759920196,42.34144666898696],[-71.09069959975437,42.34174566942313],[-71.09062059992988,42.341874669254786],[-71.09052860012822,42.34202466886758],[-71.09048959989754,42.342087668371],[-71.09048060011268,42.342114669394796],[-71.09045860021764,42.34216966911948],[-71.09040760003009,42.34230166926842],[-71.09033159974808,42.342613668484],[-71.09029259988645,42.34279066922176],[-71.09020459978765,42.34319766850767],[-71.09007960066617,42.34358166927332],[-71.09001359925217,42.343782669031924],[-71.08996560079059,42.34392866928738]]]},"properties":{"WARD":"4","PRECINCT":"12","WP_DISTRICT":"4-12","WP_NAME":"Boston Ward 4 Precinct 12","TOWN":"BOSTON","TOWN_ID":35}},{"type":"Feature","geometry":{"type":"Polygon","coordinates":[[[-71.14556061801163,42.34542166789904],[-71.14566161880293,42.34553166861592],[-71.14586261857431,42.34576366843981],[-71.14609661809698,42.34599466841579],[-71.14623861855296,42.34611466825865],[-71.14635161804983,42.34617566832386],[-71.14651461918936,42.346255667750384],[-71.14731661894062,42.346590667450236],[-71.14774161884627,42.34675566793583],[-71.14787761967555,42.346558668276764],[-71.14804661839571,42.34632766831865],[-71.14831061959657,42.34587566771343],[-71.14834961914418,42.34582466858763],[-71.14881061926918,42.345216668341614],[-71.14941761997595,42.34536366708219],[-71.15023061916891,42.34556166778652],[-71.15066262005749,42.34567366710009],[-71.15109061983672,42.34501866774909],[-71.15101861991117,42.345001667858995],[-71.15059362008697,42.34489966723177],[-71.150319619436,42.34480466764358],[-71.15015962000814,42.344702667053745],[-71.15003962010053,42.344561666826834],[-71.1500256197778,42.34438966719669],[-71.14998261983749,42.34413266761095],[-71.1500136198865,42.34381366797552],[-71.15002161959804,42.34371366749082],[-71.15008262003961,42.34357466753069],[-71.15015161912133,42.3433616673855],[-71.15015261901783,42.343255666762495],[-71.15013062033309,42.34314966727958],[-71.15004061893669,42.343059666939155],[-71.14997361954454,42.343009667087856],[-71.1497936199025,42.34295866765959],[-71.14955361993155,42.34294166727494],[-71.14936161939916,42.342940666875236],[-71.14952961860172,42.34226666689892],[-71.14940461907948,42.342266667532584],[-71.14917161924227,42.34224966697809],[-71.14904461956804,42.34220966755329],[-71.14892461937444,42.34214766737629],[-71.14880561898649,42.34203566714056],[-71.14863361827426,42.34182266697713],[-71.14807161888845,42.341840667181096],[-71.14762761912797,42.341809667054065],[-71.14730661805993,42.34179266666471],[-71.14700761896167,42.34179066693622],[-71.14674261810391,42.34179966709991],[-71.14646061811712,42.34181966724124],[-71.14611561783977,42.34186866649693],[-71.145923617889,42.341905667881186],[-71.145477617942,42.34202166791202],[-71.14512161823309,42.34214666694576],[-71.14472661865935,42.34232666731791],[-71.14435861792313,42.342534666931485],[-71.14407461788528,42.342752667463465],[-71.14381961771683,42.34298666704826],[-71.14365561739949,42.34314566770831],[-71.14358761705766,42.34323266709568],[-71.14409361773806,42.34348666668325],[-71.14442561774257,42.343689667526945],[-71.1447066182903,42.34386266702244],[-71.145116618365,42.344127667590826],[-71.14488961752731,42.34432066759359],[-71.14468561866937,42.34449366807758],[-71.14454361842203,42.34463166756881],[-71.14504961769937,42.34497166745004],[-71.1453356179265,42.34521166768605],[-71.14556061801163,42.34542166789904]]]},"properties":{"WARD":"21","PRECINCT":"11","WP_DISTRICT":"21-11","WP_NAME":"Boston Ward 21 Precinct 11","TOWN":"BOSTON","TOWN_ID":35}},{"type":"Feature","geometry":{"type":"Polygon","coordinates":[[[-71.1399776156334,42.34214866706989],[-71.14042761662976,42.342403667133844],[-71.14065861668182,42.34250966741784],[-71.14101361630937,42.34268266780134],[-71.14151861685185,42.3429606674967],[-71.14191861676612,42.34319766739771],[-71.1421126179305,42.34329566745669],[-71.14231361627417,42.34341766726627],[-71.1426756173467,42.34363766764694],[-71.14274461714781,42.343677667655534],[-71.14283561726322,42.34372966750189],[-71.14296061678412,42.34380266767638],[-71.14310961771491,42.343886668127915],[-71.1434286170109,42.343459667394875],[-71.14358761705766,42.34323266709568],[-71.14365561739949,42.34314566770831],[-71.14381961771683,42.34298666704826],[-71.14407461788528,42.342752667463465],[-71.14435861792313,42.342534666931485],[-71.14472661865935,42.34232666731791],[-71.14512161823309,42.34214666694576],[-71.145477617942,42.34202166791202],[-71.145923617889,42.341905667881186],[-71.1458706184771,42.34178266731424],[-71.14582961778531,42.341667667644174],[-71.14580261792197,42.341588666864304],[-71.14577961896002,42.341524667328585],[-71.14596161744701,42.34148866712062],[-71.14631161835509,42.341427666643085],[-71.14686061796425,42.34138066649682],[-71.14689161936958,42.34132866734006],[-71.14698261886238,42.34120066717827],[-71.1473336185923,42.340845667092246],[-71.14757161891627,42.34061966605854],[-71.14738561872643,42.34063266673415],[-71.14728961898649,42.340623666467614],[-71.1471436191854,42.3405946666885],[-71.14701661771846,42.34053666729228],[-71.14689061904387,42.34044666642428],[-71.14679561931,42.340354666575294],[-71.14674461865158,42.34027766653003],[-71.14688761917098,42.34019266648293],[-71.14697861772949,42.34012566725015],[-71.14706561882716,42.34002166635518],[-71.14710761885286,42.33990066664384],[-71.14715261884913,42.339713666847835],[-71.14714261931465,42.339525667274906],[-71.14710661833762,42.33939766695486],[-71.14704961861841,42.33924166615103],[-71.14693661759347,42.33904666653331],[-71.14684461774137,42.33896566664701],[-71.14673561869286,42.33890066663029],[-71.14666261798882,42.338877666756744],[-71.14653861836013,42.33885366648662],[-71.14635661772627,42.338868666524654],[-71.14625361786648,42.33871766625634],[-71.1462156181394,42.3386406663314],[-71.1461626181428,42.33870566714787],[-71.14580461742658,42.33896366656454],[-71.14556061838714,42.33913966591139],[-71.1452756181685,42.3393466666809],[-71.14477961775322,42.339665666543496],[-71.14468861753188,42.33972466676418],[-71.14465561697821,42.33974566667749],[-71.14421261757539,42.34003066727077],[-71.14263161725606,42.340064667280274],[-71.14250861711677,42.3400676672854],[-71.14248761711713,42.34006766680791],[-71.14239561718504,42.340069667431024],[-71.1423446176343,42.340063666810124],[-71.14193961692311,42.340016666977874],[-71.1417546167085,42.34040466677544],[-71.14161961721756,42.340649666970855],[-71.1414496166514,42.34088466726365],[-71.14135361750772,42.34101866683262],[-71.14132661685211,42.34105666667875],[-71.14129861588445,42.341078667042254],[-71.14109561724833,42.34124466644253],[-71.14071061710118,42.34156066680052],[-71.14007061581347,42.342097667819424],[-71.1399776156334,42.34214866706989]]]},"properties":{"WARD":"21","PRECINCT":"12","WP_DISTRICT":"21-12","WP_NAME":"Boston Ward 21 Precinct 12","TOWN":"BOSTON","TOWN_ID":35}},{"type":"Feature","geometry":{"type":"Polygon","coordinates":[[[-71.15066262005749,42.34567366710009],[-71.15123562032802,42.345821668356365],[-71.15164662108798,42.34591766784718],[-71.15244662140864,42.346104667724774],[-71.15281262077944,42.346163667382484],[-71.15306762142983,42.34616266709101],[-71.15334662186916,42.34664766754587],[-71.15344862004973,42.34679066802865],[-71.15378662047249,42.347264668053874],[-71.15425262049989,42.346560668102086],[-71.15458962146057,42.346035667550524],[-71.1547416217062,42.34582866695329],[-71.15482162107645,42.34569266735914],[-71.15501562125587,42.34539366772396],[-71.15502962147032,42.345377667483845],[-71.15514762170932,42.34523766823783],[-71.15429062107988,42.34496466780373],[-71.15327462059555,42.34465866675634],[-71.15336862076877,42.3445126676287],[-71.1534346209127,42.34432466657439],[-71.1534576213581,42.34415266726424],[-71.15345162005298,42.34396166726389],[-71.15342162158414,42.343822666744224],[-71.15339362093553,42.34349266689423],[-71.1534176209491,42.34329766728587],[-71.1534626210457,42.343191667829224],[-71.15363262035405,42.34293766740785],[-71.15384162029682,42.342594667213326],[-71.15419762123048,42.34207366697722],[-71.15435662093662,42.34185366689986],[-71.15455362178047,42.34156566667637],[-71.15473462055068,42.34121466710578],[-71.15462362083613,42.34124166741493],[-71.15453762181625,42.3412336665582],[-71.15446262054604,42.34120666656844],[-71.1540616203911,42.34098766717802],[-71.15377862070429,42.34086366651534],[-71.15353062077759,42.340801666440036],[-71.1531116211029,42.34070466623505],[-71.15262362104555,42.34063666684432],[-71.15219562110003,42.340629666873724],[-71.15196362068862,42.34060666644462],[-71.15164862028524,42.340543666306324],[-71.15138261973662,42.34043166616585],[-71.15128862000417,42.34036666647161],[-71.15123661974783,42.340330666404824],[-71.15114861991427,42.34027866697379],[-71.1508326201354,42.340088666661316],[-71.15064561942155,42.34002766663486],[-71.15039761928642,42.339953667007904],[-71.1502336198764,42.33989166670141],[-71.1500686199409,42.33980766632824],[-71.14989661951694,42.33966666594219],[-71.14975461927703,42.33955566612421],[-71.14961261906235,42.33948266647134],[-71.14938761973018,42.33942066628661],[-71.14919261986019,42.33937466622617],[-71.1490276192485,42.339351666199036],[-71.1488476188638,42.33936666728458],[-71.14869661903084,42.339546666450325],[-71.14837861825242,42.339907666777286],[-71.14808061936218,42.3401786669212],[-71.14757161891627,42.34061966605854],[-71.1473336185923,42.340845667092246],[-71.14698261886238,42.34120066717827],[-71.14689161936958,42.34132866734006],[-71.14686061796425,42.34138066649682],[-71.14631161835509,42.341427666643085],[-71.14596161744701,42.34148866712062],[-71.14577961896002,42.341524667328585],[-71.14580261792197,42.341588666864304],[-71.14582961778531,42.341667667644174],[-71.1458706184771,42.34178266731424],[-71.145923617889,42.341905667881186],[-71.14611561783977,42.34186866649693],[-71.14646061811712,42.34181966724124],[-71.14674261810391,42.34179966709991],[-71.14700761896167,42.34179066693622],[-71.14730661805993,42.34179266666471],[-71.14762761912797,42.341809667054065],[-71.14807161888845,42.341840667181096],[-71.14863361827426,42.34182266697713],[-71.14880561898649,42.34203566714056],[-71.14892461937444,42.34214766737629],[-71.14904461956804,42.34220966755329],[-71.14917161924227,42.34224966697809],[-71.14940461907948,42.342266667532584],[-71.14952961860172,42.34226666689892],[-71.14936161939916,42.342940666875236],[-71.14955361993155,42.34294166727494],[-71.1497936199025,42.34295866765959],[-71.14997361954454,42.343009667087856],[-71.15004061893669,42.343059666939155],[-71.15013062033309,42.34314966727958],[-71.15015261901783,42.343255666762495],[-71.15015161912133,42.3433616673855],[-71.15008262003961,42.34357466753069],[-71.15002161959804,42.34371366749082],[-71.1500136198865,42.34381366797552],[-71.14998261983749,42.34413266761095],[-71.1500256197778,42.34438966719669],[-71.15003962010053,42.344561666826834],[-71.15015962000814,42.344702667053745],[-71.150319619436,42.34480466764358],[-71.15059362008697,42.34489966723177],[-71.15101861991117,42.345001667858995],[-71.15109061983672,42.34501866774909],[-71.15066262005749,42.34567366710009]]]},"properties":{"WARD":"21","PRECINCT":"13","WP_DISTRICT":"21-13","WP_NAME":"Boston Ward 21 Precinct 13","TOWN":"BOSTON","TOWN_ID":35}},{"type":"Feature","geometry":{"type":"Polygon","coordinates":[[[-71.1462156181394,42.3386406663314],[-71.14625361786648,42.33871766625634],[-71.14635661772627,42.338868666524654],[-71.14653861836013,42.33885366648662],[-71.14666261798882,42.338877666756744],[-71.14673561869286,42.33890066663029],[-71.14684461774137,42.33896566664701],[-71.14693661759347,42.33904666653331],[-71.14704961861841,42.33924166615103],[-71.14710661833762,42.33939766695486],[-71.14714261931465,42.339525667274906],[-71.14715261884913,42.339713666847835],[-71.14710761885286,42.33990066664384],[-71.14706561882716,42.34002166635518],[-71.14697861772949,42.34012566725015],[-71.14688761917098,42.34019266648293],[-71.14674461865158,42.34027766653003],[-71.14679561931,42.340354666575294],[-71.14689061904387,42.34044666642428],[-71.14701661771846,42.34053666729228],[-71.1471436191854,42.3405946666885],[-71.14728961898649,42.340623666467614],[-71.14738561872643,42.34063266673415],[-71.14757161891627,42.34061966605854],[-71.14808061936218,42.3401786669212],[-71.14837861825242,42.339907666777286],[-71.14869661903084,42.339546666450325],[-71.1488476188638,42.33936666728458],[-71.1492866197423,42.33864066641648],[-71.14946861990668,42.33828966620079],[-71.14965861960708,42.337988666072974],[-71.14983961937287,42.337673666599045],[-71.1501056189096,42.33720166640141],[-71.15030961891162,42.33685066600309],[-71.15040061914489,42.33667266631639],[-71.1505366195656,42.336409665563224],[-71.15060161870011,42.33625966583139],[-71.15077661897124,42.3360126662252],[-71.15068961989931,42.33584866604402],[-71.15043261909244,42.335562666459445],[-71.1503706193706,42.335503666424636],[-71.15024661908413,42.3354036657641],[-71.1501046194414,42.33529066580413],[-71.150059619588,42.335401666145124],[-71.14965261931556,42.33549666584814],[-71.14960061963828,42.33550966512144],[-71.14852661872493,42.335760666623635],[-71.14829561884024,42.33581566567084],[-71.14847461836563,42.336239665817054],[-71.1484826189847,42.336261666377574],[-71.14849261886326,42.3362826665251],[-71.14851661808021,42.33633866596192],[-71.14855561883334,42.33643166548656],[-71.14858061851392,42.33649566614894],[-71.14871161918383,42.33679866590887],[-71.14874261865218,42.33687466593041],[-71.14726661751578,42.33720966626198],[-71.14674961835492,42.33732166675867],[-71.14645461831412,42.337385666416],[-71.14615661723185,42.337450666206976],[-71.14625961775603,42.33778066598843],[-71.14634261865108,42.33804466595441],[-71.14641661771913,42.33810966586039],[-71.14648961825999,42.33816966603491],[-71.1466066184753,42.33854566651543],[-71.14650661786418,42.33856266627416],[-71.14624561869533,42.338603666679965],[-71.1462156181394,42.3386406663314]]]},"properties":{"WARD":"21","PRECINCT":"14","WP_DISTRICT":"21-14","WP_NAME":"Boston Ward 21 Precinct 14","TOWN":"BOSTON","TOWN_ID":35}},{"type":"Feature","geometry":{"type":"Polygon","coordinates":[[[-71.1488476188638,42.33936666728458],[-71.1490276192485,42.339351666199036],[-71.14919261986019,42.33937466622617],[-71.14938761973018,42.33942066628661],[-71.14961261906235,42.33948266647134],[-71.14975461927703,42.33955566612421],[-71.14989661951694,42.33966666594219],[-71.1500686199409,42.33980766632824],[-71.1502336198764,42.33989166670141],[-71.15039761928642,42.339953667007904],[-71.15064561942155,42.34002766663486],[-71.1508326201354,42.340088666661316],[-71.15114861991427,42.34027866697379],[-71.15123661974783,42.340330666404824],[-71.15128862000417,42.34036666647161],[-71.15138261973662,42.34043166616585],[-71.15164862028524,42.340543666306324],[-71.15196362068862,42.34060666644462],[-71.15219562110003,42.340629666873724],[-71.15262362104555,42.34063666684432],[-71.1531116211029,42.34070466623505],[-71.15353062077759,42.340801666440036],[-71.15377862070429,42.34086366651534],[-71.1540616203911,42.34098766717802],[-71.15446262054604,42.34120666656844],[-71.15453762181625,42.3412336665582],[-71.15462362083613,42.34124166741493],[-71.15473462055068,42.34121466710578],[-71.15490962084952,42.34097566685641],[-71.15525762108787,42.34044066669854],[-71.15528862122223,42.340345666550405],[-71.15505662084637,42.34039366650524],[-71.15483762086713,42.34038066718165],[-71.15462762096182,42.34031866649972],[-71.154268620827,42.340171665864204],[-71.15395462063096,42.33998166666327],[-71.15372962059153,42.33977366689231],[-71.15361862117597,42.339611666580275],[-71.15347662000615,42.3394216664319],[-71.15331962088747,42.339258666485634],[-71.15319262036446,42.33915766615328],[-71.15296062018803,42.33902866666629],[-71.15258762009185,42.33890466587311],[-71.15268862039375,42.33872366700675],[-71.15274162107514,42.33865466591646],[-71.15263261995372,42.33861866624064],[-71.15254462064577,42.338590665990644],[-71.1524536197438,42.338565666269275],[-71.15208762002104,42.33846666624371],[-71.1518846201281,42.33843266630182],[-71.15171261931445,42.33842066577422],[-71.15137462049995,42.33841966565806],[-71.15111961949916,42.33839666576507],[-71.1507526199686,42.33831666717151],[-71.15069261984942,42.338282666387414],[-71.15075361939851,42.338043667078416],[-71.150769620109,42.33787066547549],[-71.15072561998588,42.33765266694187],[-71.1506586189566,42.3375036660736],[-71.15162061935949,42.33731266622367],[-71.15226261946313,42.33719366572855],[-71.15126061997786,42.33634966565465],[-71.15060161870011,42.33625966583139],[-71.1505366195656,42.336409665563224],[-71.15040061914489,42.33667266631639],[-71.15030961891162,42.33685066600309],[-71.1501056189096,42.33720166640141],[-71.14983961937287,42.337673666599045],[-71.14965861960708,42.337988666072974],[-71.14946861990668,42.33828966620079],[-71.1492866197423,42.33864066641648],[-71.1488476188638,42.33936666728458]]]},"properties":{"WARD":"21","PRECINCT":"15","WP_DISTRICT":"21-15","WP_NAME":"Boston Ward 21 Precinct 15","TOWN":"BOSTON","TOWN_ID":35}},{"type":"Feature","geometry":{"type":"Polygon","coordinates":[[[-71.09204460038717,42.346858670431985],[-71.09207960117078,42.34688066988494],[-71.09212360056124,42.346907669955215],[-71.09215860117995,42.3469366700484],[-71.09223160071458,42.34699666957824],[-71.09227060031536,42.34711966972684],[-71.0922956003718,42.34704566980136],[-71.09238860068848,42.34696766967151],[-71.0924886004335,42.346917669024286],[-71.092699600967,42.34684466926212],[-71.092903600904,42.346767669542174],[-71.09309560045573,42.34667867022567],[-71.09329560075025,42.346519669726185],[-71.09418560064877,42.34570966927164],[-71.09430360114531,42.34558566989636],[-71.09440160188794,42.34533366932758],[-71.09445160236841,42.3451976693958],[-71.09457460149638,42.3448626698194],[-71.09461260079149,42.34469866893237],[-71.09464460171472,42.34455767003977],[-71.09476860169534,42.34445166924192],[-71.0948396018305,42.34442166874837],[-71.09493260163788,42.3443896687434],[-71.09574460148778,42.34415466943164],[-71.09650760180365,42.34395266910248],[-71.09741260205048,42.34370266859186],[-71.0988666021532,42.343297668472054],[-71.09955460330792,42.34311866871999],[-71.09952160309545,42.34305066908625],[-71.09937360329148,42.34269066879513],[-71.09918760301477,42.34226866865684],[-71.09898660266015,42.34183966830053],[-71.09879460300314,42.34144366854755],[-71.09854060264134,42.34091866876417],[-71.0984086025106,42.34079966810459],[-71.09833460265659,42.34071966802376],[-71.09742460180102,42.339727668070054],[-71.09749160253203,42.33960366859374],[-71.09749060239008,42.33958366869567],[-71.09738760210435,42.339536668397656],[-71.09737560213523,42.33944866779552],[-71.09726260249586,42.33935366747913],[-71.09713660267933,42.339681668960246],[-71.09695160216016,42.33983366875922],[-71.0966726021458,42.33997866827637],[-71.09667260259721,42.34003666781893],[-71.09673460290131,42.34013966808798],[-71.0967336021922,42.34022966771146],[-71.09665660243257,42.34028966768483],[-71.09642560127703,42.34025366823419],[-71.09624060187443,42.34025166826709],[-71.09588560103579,42.34041166881047],[-71.09545260175958,42.34057266865234],[-71.09488260147303,42.34068666880737],[-71.09438160146017,42.340912668287054],[-71.09427960082041,42.34095866894936],[-71.09415660108084,42.34102866831725],[-71.09367760028168,42.34120866812048],[-71.09338360097263,42.34138966876271],[-71.09284360064508,42.34161966855715],[-71.09270460074879,42.341775668652865],[-71.09264260077362,42.341947668618516],[-71.09254960056904,42.342016668790784],[-71.09239560092965,42.34206466850607],[-71.09233360092419,42.34211066879653],[-71.09228960064485,42.34219166872339],[-71.09227160076779,42.342224669026834],[-71.0922396002565,42.34238266846497],[-71.0922545998945,42.342634669328895],[-71.09228460074296,42.34269266900458],[-71.09239260009038,42.34277166903565],[-71.09285560051883,42.342794668919666],[-71.09331760113326,42.342885668763415],[-71.09350260108108,42.34295866953805],[-71.09381060143967,42.34296666868451],[-71.09394960071842,42.34301366963746],[-71.09411160143182,42.34314066874007],[-71.09412560151443,42.343150669088516],[-71.09436860138159,42.34316066908918],[-71.09440160158523,42.34317366868365],[-71.09445760084277,42.3432566687641],[-71.09447760074079,42.34331366836389],[-71.09453360142177,42.34347166902568],[-71.09453260114104,42.343736669107706],[-71.09450260105464,42.34381866902452],[-71.09439360124215,42.34391966912564],[-71.09428560145068,42.34396666954807],[-71.09383860102658,42.34399766936437],[-71.09332960086826,42.34397466924183],[-71.09295960087762,42.343914669070124],[-71.09275960052229,42.34383666901306],[-71.09258960133643,42.34383566974622],[-71.09234260061854,42.343983669245944],[-71.0922186012075,42.34412166922655],[-71.0921876010234,42.34419866927729],[-71.09215560003778,42.34456366912121],[-71.09209360171114,42.344681669206906],[-71.0921086014097,42.34487566956954],[-71.09204560016744,42.345070668914516],[-71.0921226012502,42.345194670073916],[-71.09232260131115,42.34538966950138],[-71.09242960081697,42.34557167005068],[-71.0924436011045,42.34605367003877],[-71.09238160135624,42.34623466993462],[-71.09238060125658,42.34651066963056],[-71.09238060073135,42.346612669941656],[-71.0923146001917,42.34670267035449],[-71.09220760084663,42.34669967018371],[-71.09213560020756,42.346688669833895],[-71.09211160179089,42.34673267017384],[-71.09204460038717,42.346858670431985]]]},"properties":{"WARD":"5","PRECINCT":"2","WP_DISTRICT":"5-2","WP_NAME":"Boston Ward 5 Precinct 2","TOWN":"BOSTON","TOWN_ID":35}},{"type":"Feature","geometry":{"type":"Polygon","coordinates":[[[-71.15060161870011,42.33625966583139],[-71.15126061997786,42.33634966565465],[-71.15226261946313,42.33719366572855],[-71.15162061935949,42.33731266622367],[-71.1506586189566,42.3375036660736],[-71.15072561998588,42.33765266694187],[-71.150769620109,42.33787066547549],[-71.15075361939851,42.338043667078416],[-71.15069261984942,42.338282666387414],[-71.1507526199686,42.33831666717151],[-71.15111961949916,42.33839666576507],[-71.15137462049995,42.33841966565806],[-71.15171261931445,42.33842066577422],[-71.1518846201281,42.33843266630182],[-71.15208762002104,42.33846666624371],[-71.1524536197438,42.338565666269275],[-71.15254462064577,42.338590665990644],[-71.15263261995372,42.33861866624064],[-71.15274162107514,42.33865466591646],[-71.15268862039375,42.33872366700675],[-71.15258762009185,42.33890466587311],[-71.15296062018803,42.33902866666629],[-71.15319262036446,42.33915766615328],[-71.15331962088747,42.339258666485634],[-71.15347662000615,42.3394216664319],[-71.15361862117597,42.339611666580275],[-71.15372962059153,42.33977366689231],[-71.15395462063096,42.33998166666327],[-71.154268620827,42.340171665864204],[-71.15462762096182,42.34031866649972],[-71.15483762086713,42.34038066718165],[-71.15505662084637,42.34039366650524],[-71.15528862122223,42.340345666550405],[-71.15553662050677,42.34027066665947],[-71.15567962190708,42.34024866609034],[-71.15606962121836,42.34016666643475],[-71.15661862169411,42.34002866707417],[-71.1571836219958,42.339880666470634],[-71.15752862192073,42.33979066635763],[-71.15787862138615,42.33973866691092],[-71.15896462222821,42.33996166577832],[-71.15975862272221,42.34006666653777],[-71.1606166225091,42.3401376658456],[-71.16105262390445,42.34015266613984],[-71.16108762382768,42.34015366600467],[-71.16117062242999,42.34015666642022],[-71.16147362342848,42.34016866674592],[-71.16153362388012,42.340170665581205],[-71.1615866230584,42.340168666298965],[-71.1616136234507,42.34016966676519],[-71.16288462354778,42.340208666655634],[-71.1635226238167,42.340224666521486],[-71.16412662431021,42.34023166596748],[-71.16428862402451,42.340233665996664],[-71.16457962417067,42.34022666660007],[-71.16489762394754,42.34021966593822],[-71.16555862359301,42.3401706657329],[-71.16612662478337,42.34009666616216],[-71.16655362506955,42.34004766650597],[-71.16656762513948,42.34003966572465],[-71.1666996251902,42.340017665469965],[-71.16674062476703,42.33986266627645],[-71.16680862437026,42.33929866553202],[-71.16770162572247,42.33897366621117],[-71.16772962513284,42.3389636656929],[-71.16831562531179,42.33875066574343],[-71.16863362618831,42.33863766549622],[-71.16893662577678,42.33845766574563],[-71.16908762527035,42.33825366632273],[-71.16921762533617,42.33807666538146],[-71.1691926251175,42.33789166497144],[-71.16912262624965,42.33738466529776],[-71.168859625818,42.3363126649614],[-71.16888662512844,42.33583466535768],[-71.16857062581539,42.335151665341634],[-71.16847162526449,42.33509366499005],[-71.16841062520277,42.33503066501621],[-71.16819162535096,42.334799665090834],[-71.16802162516439,42.33443466568748],[-71.16756562479345,42.3334496645746],[-71.16676662366369,42.333536665532854],[-71.16646162413949,42.333569665271185],[-71.1654376249429,42.33368066474774],[-71.16519062332316,42.333699664717365],[-71.1647766244319,42.33375566451805],[-71.16431062310612,42.33380666562927],[-71.16403262370599,42.33383766439727],[-71.16366762333169,42.333878665006424],[-71.16297262293372,42.33395566521908],[-71.16273262319457,42.33396966491953],[-71.16252562375884,42.333974665361545],[-71.16229862300504,42.33397366476044],[-71.16209962277283,42.33395266503223],[-71.16172162259727,42.33389466490962],[-71.16129562273397,42.33379166514865],[-71.16091762271957,42.33364766480412],[-71.16034762280184,42.33337366489419],[-71.160260621943,42.333327664939446],[-71.16017062222438,42.33328066483304],[-71.15972362200354,42.33304466468054],[-71.15932562264172,42.3327766649003],[-71.1589566221291,42.33243266435218],[-71.15871662191479,42.33217066511938],[-71.15854662209337,42.33199266520478],[-71.15766762130906,42.33106766475597],[-71.15750862115117,42.33089466471082],[-71.15734662191845,42.330722664724036],[-71.15711362060995,42.33047466529865],[-71.15703662030876,42.33039866526194],[-71.1562626203599,42.330855664192924],[-71.15496262055844,42.331624665346126],[-71.14985361913661,42.33464366555155],[-71.14995661856531,42.33469966581473],[-71.15046161940731,42.3349766661758],[-71.15013461912072,42.33521866541128],[-71.1501046194414,42.33529066580413],[-71.15024661908413,42.3354036657641],[-71.1503706193706,42.335503666424636],[-71.15043261909244,42.335562666459445],[-71.15068961989931,42.33584866604402],[-71.15077661897124,42.3360126662252],[-71.15060161870011,42.33625966583139]]]},"properties":{"WARD":"21","PRECINCT":"16","WP_DISTRICT":"21-16","WP_NAME":"Boston Ward 21 Precinct 16","TOWN":"BOSTON","TOWN_ID":35}},{"type":"Feature","geometry":{"type":"Polygon","coordinates":[[[-71.12320461175193,42.36894667351119],[-71.1233216121482,42.368986672873234],[-71.12334361205532,42.36899367261076],[-71.12340061171808,42.36901367272452],[-71.12382761219979,42.36916567327973],[-71.12417361249133,42.36933867325297],[-71.12445461237049,42.36952067259314],[-71.12450161330827,42.369574672993345],[-71.12454261362439,42.36962367250915],[-71.12458261345259,42.369644672575774],[-71.12459361325239,42.369663672983094],[-71.12460061303487,42.369676672538226],[-71.12460661240988,42.36969867258017],[-71.12465461335943,42.36976567359534],[-71.12472461293109,42.36986167342329],[-71.12490261306391,42.37010767262818],[-71.1249906132994,42.37025267317797],[-71.12505161340054,42.37035467356213],[-71.12511361319962,42.37045867310085],[-71.12517761312398,42.370564673251714],[-71.12520861320448,42.37061667298912],[-71.12524561355994,42.3706776735086],[-71.125291613337,42.37075767323492],[-71.12535661271103,42.370877673262164],[-71.12539161279363,42.37094067395038],[-71.12540561297219,42.37096667295557],[-71.12542361334175,42.37099867367994],[-71.12545961308497,42.37106367263172],[-71.12553361333575,42.37119967290821],[-71.12602461385305,42.37195667396145],[-71.12646961423219,42.372386674197934],[-71.12668861435888,42.372575673326345],[-71.12701061320857,42.372847673758194],[-71.12727761365706,42.37303167323523],[-71.12763461380189,42.37326767307499],[-71.12792261415434,42.373437673859435],[-71.12820361483986,42.37358067337135],[-71.12862861388682,42.373749673714485],[-71.1289516154671,42.37384367395844],[-71.1296256143303,42.37395267369517],[-71.13016961505843,42.37396967381877],[-71.13064461546428,42.37393267317711],[-71.13068561518247,42.3739306738396],[-71.13099761526055,42.37390067379623],[-71.13114761563799,42.37387667343687],[-71.13152561603545,42.37381067324607],[-71.1320706155739,42.3736036733179],[-71.13245761588462,42.373390673466],[-71.13271961541571,42.37320767316788],[-71.13296261584979,42.37294867358587],[-71.13310161570539,42.372709673835686],[-71.13315061544063,42.37257167339937],[-71.13316461593516,42.37245567321305],[-71.13317961629289,42.37234667411998],[-71.1331426161749,42.372174672954245],[-71.13309161606105,42.37198467274504],[-71.13304461614362,42.37191867332611],[-71.13302461651438,42.371826673387254],[-71.13297861585383,42.371773673631466],[-71.13290661612542,42.37168967332319],[-71.13287161670254,42.37164967272498],[-71.13278261603391,42.37155267288525],[-71.13232161521347,42.371135673083685],[-71.13221061458093,42.37101767354768],[-71.1320606148723,42.3708336726374],[-71.1319376149744,42.370599673280545],[-71.13184761555158,42.37039567335428],[-71.13179461497562,42.37011267296061],[-71.13178061581358,42.37001267313091],[-71.13176261481453,42.3698726725357],[-71.13177461545048,42.369796672896584],[-71.13179061487438,42.36969467322505],[-71.13187461547822,42.36950567249728],[-71.1319716152467,42.36934267300886],[-71.13211761456348,42.36915467259469],[-71.13237361539963,42.36889967239109],[-71.13293661538589,42.368495672316904],[-71.13344461524585,42.36816367277076],[-71.13380361544118,42.367950672644945],[-71.13416861559485,42.367767671774686],[-71.13472461663126,42.367576672432584],[-71.1350656163305,42.367490672945415],[-71.1352206163887,42.36744267255069],[-71.1353536161746,42.3674016721435],[-71.1355106159206,42.36735167276279],[-71.13559461683522,42.367323671764055],[-71.13571961678288,42.367282671697694],[-71.13580961626741,42.36723967188272],[-71.13594661618916,42.367150672147794],[-71.13616161681163,42.367012672506554],[-71.13630361662241,42.36692067220508],[-71.13623161590466,42.366643672527935],[-71.13581161638022,42.36568367187441],[-71.13554861582725,42.36508067203595],[-71.1355676162402,42.365033672509526],[-71.13555161617921,42.36494467179153],[-71.1354526157125,42.36485767225052],[-71.13540361604385,42.36474967171557],[-71.13539961669747,42.36456967121815],[-71.13535561622976,42.3641106713757],[-71.13535261609101,42.36406567188052],[-71.13531561628628,42.36351167168361],[-71.13530961662156,42.3633076712677],[-71.1353316159875,42.363183670807],[-71.13455861608819,42.363292671841926],[-71.1342856158697,42.36333267169255],[-71.13381061549357,42.36338967174682],[-71.13358561513711,42.363404671459584],[-71.13333661534554,42.36340067111361],[-71.13308861454288,42.363391671425944],[-71.13264561490887,42.3633406714031],[-71.13220961527209,42.36325467182525],[-71.13178961470852,42.36316967161162],[-71.13152161504868,42.36309667159108],[-71.13141661462147,42.36306267164743],[-71.13092261356222,42.362901671997896],[-71.13036761433743,42.36271167223332],[-71.13021861484009,42.36270267117312],[-71.13030161456298,42.36252067142081],[-71.13036161465469,42.36236167202796],[-71.13041161436763,42.36212967134769],[-71.13041761405631,42.36196567193785],[-71.13057861384894,42.361994671544046],[-71.13073761390928,42.3618646712125],[-71.13137461492123,42.361323671694684],[-71.13157361416005,42.36116867139484],[-71.13198361522647,42.360814671541846],[-71.13239861447781,42.36047567056112],[-71.13281361541593,42.36011867134489],[-71.13291161524316,42.35999067081367],[-71.13298161515091,42.35988667072018],[-71.13306861514101,42.359731670457286],[-71.13311261469028,42.35960767117831],[-71.13316161484131,42.35939667150355],[-71.13315761574836,42.359228670615884],[-71.13311361544103,42.358952670638324],[-71.13308361537679,42.35856467007022],[-71.13247661463194,42.358578671482945],[-71.13224061511059,42.3585936711889],[-71.13217061502915,42.35860567052477],[-71.13203661376285,42.358653671009925],[-71.13183661486411,42.358740670287496],[-71.13162161538754,42.35880767080888],[-71.13148861390205,42.358603670900095],[-71.13126761418522,42.35873067097502],[-71.13099261426588,42.35892567071284],[-71.13083061359075,42.35903267029454],[-71.13080461420434,42.358916670373766],[-71.13073061386146,42.35875667054793],[-71.13065161440039,42.35855667105993],[-71.13050761459697,42.358328670826495],[-71.13027861483135,42.358063670852424],[-71.13020361392184,42.35796767065773],[-71.13014061380888,42.35780767066914],[-71.13006061455589,42.35763967092307],[-71.12990661470171,42.3574076710427],[-71.12968061342531,42.35708867030725],[-71.12970761374835,42.35678267119229],[-71.12971861315732,42.35666267036664],[-71.13023361383637,42.356486670937386],[-71.13073861462037,42.356368670534806],[-71.13080261457785,42.35634466998151],[-71.13127661440691,42.356166669757286],[-71.13139661429987,42.35611367008699],[-71.13119061391002,42.35610367004978],[-71.13027361467907,42.35596866960313],[-71.1299056135367,42.3559296702219],[-71.12840861272515,42.355713669585036],[-71.1272716127601,42.355558669715926],[-71.12615761326468,42.3553986710343],[-71.12508861266133,42.35524467092229],[-71.12477861295095,42.35520067022366],[-71.12410261213773,42.3551046705774],[-71.12284761230197,42.35492667088828],[-71.12164461089652,42.35475467053356],[-71.12072961051489,42.35462366969387],[-71.12002260956538,42.35472567024409],[-71.11949161060606,42.354758670147234],[-71.11909461047293,42.354893671250565],[-71.11856161003377,42.355007670889535],[-71.11849961036141,42.35502167088029],[-71.11834160984002,42.355054670662945],[-71.11830361055281,42.35506267054944],[-71.11824360988179,42.355075670514765],[-71.11812661019123,42.35510067019544],[-71.11804060977356,42.355119670566644],[-71.11780560981923,42.355170669892914],[-71.11709960968813,42.35560267094427],[-71.11697960918077,42.355543670664545],[-71.11690260873816,42.35550567049175],[-71.11706660905698,42.35587467051653],[-71.11707760940754,42.355988670141144],[-71.11711360972475,42.356381670401134],[-71.11716560940532,42.35700567118492],[-71.11707260958046,42.3575536711912],[-71.11697860995649,42.35782867072701],[-71.11673460908871,42.35853967134287],[-71.11668160959078,42.358744671194586],[-71.11664960899802,42.35884767178838],[-71.11659760922821,42.35919367167833],[-71.11657861020728,42.35957567150985],[-71.11660860902923,42.36009367183521],[-71.1167016094329,42.36119267183861],[-71.11670460978998,42.36126367218973],[-71.11684160975473,42.36275967211392],[-71.11693661025022,42.36368567250461],[-71.11692160973956,42.36425467216251],[-71.11689360995834,42.36531367238699],[-71.11687361070142,42.36589367198674],[-71.11696861038817,42.366659672825485],[-71.11708260958679,42.367041672874926],[-71.11714761072257,42.367189673006386],[-71.11723061112271,42.367375672846606],[-71.1175406107859,42.367883673048745],[-71.11769261054582,42.36815467373771],[-71.11793461072344,42.368393672732104],[-71.1181906101693,42.368537673605374],[-71.11844461026146,42.36862467288257],[-71.11852461017659,42.368652673326956],[-71.11896061067621,42.3687686735193],[-71.1195506114175,42.36884667269619],[-71.1200906118117,42.36882967303047],[-71.12075861163693,42.36879367285852],[-71.12126161145463,42.36875167351199],[-71.12146261249534,42.36873967354615],[-71.12159461211155,42.36871967318717],[-71.12204461245078,42.36871167269051],[-71.12248061150318,42.36877067324231],[-71.12311361185324,42.36891467363289],[-71.12320461175193,42.36894667351119]]]},"properties":{"WARD":"22","PRECINCT":"1","WP_DISTRICT":"22-1","WP_NAME":"Boston Ward 22 Precinct 1","TOWN":"BOSTON","TOWN_ID":35}},{"type":"Feature","geometry":{"type":"Polygon","coordinates":[[[-71.13139661429987,42.35611367008699],[-71.13127661440691,42.356166669757286],[-71.13080261457785,42.35634466998151],[-71.13073861462037,42.356368670534806],[-71.13023361383637,42.356486670937386],[-71.12971861315732,42.35666267036664],[-71.12970761374835,42.35678267119229],[-71.12968061342531,42.35708867030725],[-71.12990661470171,42.3574076710427],[-71.13006061455589,42.35763967092307],[-71.13014061380888,42.35780767066914],[-71.13020361392184,42.35796767065773],[-71.13027861483135,42.358063670852424],[-71.13050761459697,42.358328670826495],[-71.13065161440039,42.35855667105993],[-71.13073061386146,42.35875667054793],[-71.13080461420434,42.358916670373766],[-71.13083061359075,42.35903267029454],[-71.13099261426588,42.35892567071284],[-71.13126761418522,42.35873067097502],[-71.13148861390205,42.358603670900095],[-71.13162161538754,42.35880767080888],[-71.13183661486411,42.358740670287496],[-71.13203661376285,42.358653671009925],[-71.13217061502915,42.35860567052477],[-71.13224061511059,42.3585936711889],[-71.13247661463194,42.358578671482945],[-71.13308361537679,42.35856467007022],[-71.13311361544103,42.358952670638324],[-71.13315761574836,42.359228670615884],[-71.13316161484131,42.35939667150355],[-71.13311261469028,42.35960767117831],[-71.13306861514101,42.359731670457286],[-71.13298161515091,42.35988667072018],[-71.13291161524316,42.35999067081367],[-71.13281361541593,42.36011867134489],[-71.13239861447781,42.36047567056112],[-71.13198361522647,42.360814671541846],[-71.13157361416005,42.36116867139484],[-71.13137461492123,42.361323671694684],[-71.13073761390928,42.3618646712125],[-71.13057861384894,42.361994671544046],[-71.13041761405631,42.36196567193785],[-71.13041161436763,42.36212967134769],[-71.13036161465469,42.36236167202796],[-71.13030161456298,42.36252067142081],[-71.13021861484009,42.36270267117312],[-71.13036761433743,42.36271167223332],[-71.13092261356222,42.362901671997896],[-71.13141661462147,42.36306267164743],[-71.13152161504868,42.36309667159108],[-71.13178961470852,42.36316967161162],[-71.13220961527209,42.36325467182525],[-71.13264561490887,42.3633406714031],[-71.13308861454288,42.363391671425944],[-71.13333661534554,42.36340067111361],[-71.13358561513711,42.363404671459584],[-71.13381061549357,42.36338967174682],[-71.1342856158697,42.36333267169255],[-71.13455861608819,42.363292671841926],[-71.1353316159875,42.363183670807],[-71.13641061602164,42.363033671797176],[-71.13736961624163,42.36292467143755],[-71.1377036172022,42.36287567082543],[-71.13847361714488,42.36278567129165],[-71.13841061762773,42.36225367160269],[-71.13849261683272,42.36211867129041],[-71.13860661695207,42.36193067169901],[-71.13897761644766,42.36131967107245],[-71.13899361771011,42.36126067062526],[-71.13924361758772,42.36080967071276],[-71.1395586177895,42.3602316706851],[-71.1397376168723,42.35990666994649],[-71.13987361825211,42.359669671431405],[-71.14012261718742,42.35924667066764],[-71.14018061748862,42.35911467026532],[-71.14046261660724,42.35854767027846],[-71.14078261754977,42.3579856705035],[-71.13987661712468,42.35786667035283],[-71.13847161650426,42.35768366958855],[-71.1380326172445,42.35762267081482],[-71.13797961685917,42.35761667012925],[-71.13808061571677,42.357427671158106],[-71.1381406159034,42.35728667064445],[-71.1381896172915,42.35714266994781],[-71.13819861576758,42.35710167037345],[-71.13830961744672,42.356801670238326],[-71.13832561689307,42.35675966994316],[-71.13835061673733,42.35662067039807],[-71.13836261682371,42.35657266970928],[-71.13842161651385,42.35632166968575],[-71.13849661631993,42.35605667003236],[-71.13859561650727,42.355672670134894],[-71.1386336169032,42.355449669523246],[-71.138623616981,42.355349670184246],[-71.13860861603654,42.35526966941684],[-71.1386086162062,42.35518166991901],[-71.13862561694648,42.35506966906145],[-71.13882361682938,42.35456266935588],[-71.13906661634589,42.353799669652616],[-71.13808561638791,42.35368466992333],[-71.13762561665352,42.35362067022212],[-71.13744561667038,42.35360366992156],[-71.13734161570494,42.35359866949577],[-71.13707561585655,42.35372067010207],[-71.13674761639021,42.353847669828454],[-71.13667961550289,42.353874669809926],[-71.1362836162871,42.35404967007248],[-71.13602461583253,42.35415166978544],[-71.13571961556922,42.354281669809],[-71.13507961520223,42.354551669864726],[-71.13449661480968,42.35479766940927],[-71.1343956143505,42.35484467017997],[-71.13401361522847,42.355003670310055],[-71.13359161500445,42.355178670383545],[-71.13327561559353,42.35532466930747],[-71.13276661436475,42.355545669974276],[-71.13240461482214,42.35572067001759],[-71.13221661420211,42.35579166970833],[-71.13139661429987,42.35611367008699]]]},"properties":{"WARD":"22","PRECINCT":"2","WP_DISTRICT":"22-2","WP_NAME":"Boston Ward 22 Precinct 2","TOWN":"BOSTON","TOWN_ID":35}},{"type":"Feature","geometry":{"type":"Polygon","coordinates":[[[-71.14707961926948,42.350173668993385],[-71.1475016190986,42.350262668542385],[-71.14786261958538,42.350353668356526],[-71.14736461928361,42.351203668826],[-71.14727961954999,42.35136466859953],[-71.14714161951314,42.351583668781316],[-71.14674361920054,42.35230266893525],[-71.14726162008665,42.352442669248234],[-71.14810061986994,42.35265266869998],[-71.14863961918942,42.352793668732836],[-71.14928461954747,42.35294666898646],[-71.1503946205533,42.353245669060044],[-71.15088161998592,42.35335866895615],[-71.15113462014781,42.35290666875392],[-71.15136662042401,42.35255566876519],[-71.15171862073163,42.3519526685964],[-71.15191562078438,42.35164866898485],[-71.15209662123623,42.35134566855167],[-71.15238462136807,42.35091166905356],[-71.15327262118292,42.35114066879924],[-71.15402562199074,42.351379669198955],[-71.15385862119172,42.35165366880365],[-71.15356862113241,42.35215666930712],[-71.1544306215097,42.352404668645924],[-71.15479562109739,42.35187466828908],[-71.15493962172707,42.35161266848777],[-71.15501662171518,42.35142766806503],[-71.1552986222222,42.350600668692415],[-71.15591862174102,42.350722668016296],[-71.15691962251528,42.35090466843457],[-71.15697462284194,42.35042466863986],[-71.15698362171601,42.35031266819229],[-71.15704762262048,42.34949666814406],[-71.1570786220985,42.34922766816436],[-71.15707962225956,42.34909866889889],[-71.1564756221597,42.349113668143886],[-71.15574662194315,42.34912266776424],[-71.1552246208961,42.3491336682421],[-71.15471562133821,42.34913766874093],[-71.15499462135774,42.348509668490195],[-71.15512462076258,42.34816866740793],[-71.15513962136046,42.34807366807655],[-71.15523062134798,42.34781866784589],[-71.1550816223393,42.347782667719144],[-71.1543916216328,42.347607667632936],[-71.15409862168738,42.347550668037194],[-71.15394962180618,42.34755566826602],[-71.15378662047249,42.347264668053874],[-71.15344862004973,42.34679066802865],[-71.15334662186916,42.34664766754587],[-71.15306762142983,42.34616266709101],[-71.15281262077944,42.346163667382484],[-71.15244662140864,42.346104667724774],[-71.15164662108798,42.34591766784718],[-71.15123562032802,42.345821668356365],[-71.15066262005749,42.34567366710009],[-71.15023061916891,42.34556166778652],[-71.14941761997595,42.34536366708219],[-71.14881061926918,42.345216668341614],[-71.14834961914418,42.34582466858763],[-71.14831061959657,42.34587566771343],[-71.14804661839571,42.34632766831865],[-71.14787761967555,42.346558668276764],[-71.14774161884627,42.34675566793583],[-71.14804361972084,42.34686566810248],[-71.14834461901114,42.3470276677813],[-71.1486516192143,42.34720666804254],[-71.14904761946718,42.347465667799405],[-71.14936862003515,42.34776266824479],[-71.14975562063032,42.348193667875115],[-71.14995861905362,42.348417668257866],[-71.15027161942605,42.348781668197915],[-71.15036462082084,42.348978668490666],[-71.1501546193487,42.348994667996365],[-71.14994362012123,42.349044667966666],[-71.14952562016404,42.34918666837518],[-71.14934161995795,42.34924866844381],[-71.14898461929103,42.34941666774967],[-71.14862062003826,42.349587668629],[-71.14816061980919,42.349766668113816],[-71.14802761945893,42.349812668245264],[-71.1473936192998,42.35006266883422],[-71.14707961926948,42.350173668993385]]]},"properties":{"WARD":"22","PRECINCT":"3","WP_DISTRICT":"22-3","WP_NAME":"Boston Ward 22 Precinct 3","TOWN":"BOSTON","TOWN_ID":35}},{"type":"Feature","geometry":{"type":"Polygon","coordinates":[[[-71.08975759976246,42.351371670856516],[-71.08982059980009,42.351501670675795],[-71.08986259986756,42.35158467061719],[-71.08993159945862,42.35171867014956],[-71.090076600122,42.35197267020966],[-71.09016460013221,42.35214967036537],[-71.09060960104516,42.35304067113552],[-71.09085760118306,42.3535606709442],[-71.0911416000736,42.354155670750586],[-71.09118460140259,42.35424167167322],[-71.09123560162051,42.354346671918854],[-71.09300260122151,42.35390267089714],[-71.09323760139668,42.35386067107126],[-71.09329460178286,42.353851670811856],[-71.09402560107986,42.35373167119746],[-71.09498560203441,42.35357267098673],[-71.09598760290913,42.353407671260335],[-71.09724460294422,42.35319967065916],[-71.09762760307069,42.35315767145942],[-71.09789060270042,42.35312867116125],[-71.1018156042328,42.35269667007488],[-71.10239960404269,42.35263167048501],[-71.10303260528696,42.352522670686604],[-71.10315760434612,42.351493670285244],[-71.10324560502075,42.351166670848116],[-71.10326860511739,42.35108367054613],[-71.1033186048712,42.35099366999536],[-71.10342560477929,42.35061266991142],[-71.10348360470263,42.35027866964672],[-71.10362460485892,42.34974166994221],[-71.1028436047665,42.34964566997768],[-71.1005556045833,42.34936566989445],[-71.10056460407299,42.34930166980001],[-71.10056860349069,42.34928567022664],[-71.10059260409507,42.34919266986356],[-71.10063660378185,42.34899566987537],[-71.10066960424741,42.348720670106204],[-71.10072860393302,42.3483456698834],[-71.10076460416843,42.34810966935405],[-71.10099560331236,42.34797866949721],[-71.10081560362498,42.347960670048856],[-71.1005646030635,42.3479266695144],[-71.10097860402985,42.34781266982871],[-71.10114360405447,42.34776666934666],[-71.10087160392162,42.34773266955888],[-71.10062260363095,42.34770166955611],[-71.1001536036639,42.34767166968175],[-71.09980260345182,42.34765966941991],[-71.09811560285549,42.34764566950924],[-71.09484660099217,42.347648669866594],[-71.0928716020031,42.34765167014567],[-71.09240260111646,42.34763767012413],[-71.09227260121435,42.34763767018337],[-71.09212060110275,42.347637670384024],[-71.0919446006516,42.34763767074324],[-71.09194460071545,42.34774266990359],[-71.09194660127848,42.34776066932202],[-71.09196160008531,42.34792266962067],[-71.091939599903,42.348116670006696],[-71.09186460031384,42.34841266981376],[-71.09184660013987,42.34848566994237],[-71.09176860117911,42.34886567057148],[-71.09183360057118,42.34886567083865],[-71.09193960015207,42.348864670503396],[-71.09193360119497,42.34918867021843],[-71.09183860090357,42.349192670649934],[-71.09173760128199,42.34919667040955],[-71.09161860086591,42.349201670296445],[-71.09162760091886,42.349703671126626],[-71.09163360077939,42.35029067119414],[-71.0916346007305,42.35045467079279],[-71.09165060033003,42.350809670786425],[-71.09158060107941,42.35089367138254],[-71.09058760121766,42.35114367108367],[-71.09026160103825,42.3512356702219],[-71.09021960074507,42.351247669981724],[-71.08975759976246,42.351371670856516]]]},"properties":{"WARD":"5","PRECINCT":"10","WP_DISTRICT":"5-10","WP_NAME":"Boston Ward 5 Precinct 10","TOWN":"BOSTON","TOWN_ID":35}},{"type":"Feature","geometry":{"type":"Polygon","coordinates":[[[-71.0919446006516,42.34763767074324],[-71.09212060110275,42.347637670384024],[-71.09227260121435,42.34763767018337],[-71.09240260111646,42.34763767012413],[-71.0928716020031,42.34765167014567],[-71.09484660099217,42.347648669866594],[-71.09811560285549,42.34764566950924],[-71.09816660230942,42.34760767000876],[-71.09857560279971,42.34718166926693],[-71.09895560343178,42.34682366932128],[-71.09934760383662,42.346447669887226],[-71.09950160325441,42.346281669639446],[-71.0997026031533,42.3460756699298],[-71.10031860351184,42.345478669033554],[-71.10059560416919,42.345231668852584],[-71.10080460368559,42.34504466951931],[-71.10098260344192,42.34488966841706],[-71.10076060381127,42.34477866883574],[-71.10047460372003,42.344707669672246],[-71.1003276025805,42.34457466921433],[-71.1000586030483,42.344099669197],[-71.09998460306191,42.34397766895622],[-71.09977260383931,42.34354466882215],[-71.09961360283701,42.343221668593074],[-71.09955460330792,42.34311866871999],[-71.0988666021532,42.343297668472054],[-71.09741260205048,42.34370266859186],[-71.09650760180365,42.34395266910248],[-71.09574460148778,42.34415466943164],[-71.09493260163788,42.3443896687434],[-71.0948396018305,42.34442166874837],[-71.09476860169534,42.34445166924192],[-71.09464460171472,42.34455767003977],[-71.09461260079149,42.34469866893237],[-71.09457460149638,42.3448626698194],[-71.09445160236841,42.3451976693958],[-71.09440160188794,42.34533366932758],[-71.09430360114531,42.34558566989636],[-71.09418560064877,42.34570966927164],[-71.09329560075025,42.346519669726185],[-71.09309560045573,42.34667867022567],[-71.092903600904,42.346767669542174],[-71.092699600967,42.34684466926212],[-71.0924886004335,42.346917669024286],[-71.09238860068848,42.34696766967151],[-71.0922956003718,42.34704566980136],[-71.09227060031536,42.34711966972684],[-71.09223160071458,42.34699666957824],[-71.09215860117995,42.3469366700484],[-71.09212360056124,42.346907669955215],[-71.09207960117078,42.34688066988494],[-71.09204460038717,42.346858670431985],[-71.09199360166302,42.34695367008281],[-71.09194660038287,42.34712566960533],[-71.09194560123498,42.34750566999623],[-71.0919446006516,42.34763767074324]]]},"properties":{"WARD":"5","PRECINCT":"12","WP_DISTRICT":"5-12","WP_NAME":"Boston Ward 5 Precinct 12","TOWN":"BOSTON","TOWN_ID":35}},{"type":"Feature","geometry":{"type":"Polygon","coordinates":[[[-71.08775859933642,42.34730866930018],[-71.08791660029378,42.3474696702856],[-71.08797059933524,42.34756967009952],[-71.08803059978081,42.34770066951328],[-71.0881516001319,42.34814467020104],[-71.08832259945207,42.3484876705015],[-71.08853159913207,42.34889166978085],[-71.08862359973503,42.34908467025031],[-71.08865160021945,42.34913967106901],[-71.08871059930017,42.34926066965851],[-71.08893760024033,42.349708670296536],[-71.0891196004238,42.350063670752625],[-71.08930060003972,42.35046767013867],[-71.08949760039502,42.35085667075548],[-71.08975759976246,42.351371670856516],[-71.09021960074507,42.351247669981724],[-71.09026160103825,42.3512356702219],[-71.09058760121766,42.35114367108367],[-71.09158060107941,42.35089367138254],[-71.09165060033003,42.350809670786425],[-71.0916346007305,42.35045467079279],[-71.09163360077939,42.35029067119414],[-71.09162760091886,42.349703671126626],[-71.09161860086591,42.349201670296445],[-71.09173760128199,42.34919667040955],[-71.09183860090357,42.349192670649934],[-71.09193360119497,42.34918867021843],[-71.09193960015207,42.348864670503396],[-71.09183360057118,42.34886567083865],[-71.09176860117911,42.34886567057148],[-71.09184660013987,42.34848566994237],[-71.09186460031384,42.34841266981376],[-71.091939599903,42.348116670006696],[-71.09196160008531,42.34792266962067],[-71.09194660127848,42.34776066932202],[-71.09194460071545,42.34774266990359],[-71.0919446006516,42.34763767074324],[-71.09194560123498,42.34750566999623],[-71.09194660038287,42.34712566960533],[-71.09199360166302,42.34695367008281],[-71.09204460038717,42.346858670431985],[-71.09211160179089,42.34673267017384],[-71.0918196016888,42.34664067034231],[-71.09128760125483,42.346494670027994],[-71.09098360007286,42.34649866939689],[-71.09092759964821,42.346520669568385],[-71.09090260032065,42.3465526697158],[-71.09070060039043,42.346543669971766],[-71.09055060058954,42.3465586695626],[-71.09039959984204,42.34658467055541],[-71.09008760016704,42.34666566980455],[-71.09000560041767,42.346687669569135],[-71.08941360053797,42.34685966905722],[-71.08926460053834,42.34689566984193],[-71.08775859933642,42.34730866930018]]]},"properties":{"WARD":"5","PRECINCT":"15","WP_DISTRICT":"5-15","WP_NAME":"Boston Ward 5 Precinct 15","TOWN":"BOSTON","TOWN_ID":35}},{"type":"Feature","geometry":{"type":"Polygon","coordinates":[[[-71.16760562588252,42.35061266769142],[-71.16775562597566,42.35062566738819],[-71.16788462606962,42.350657668019],[-71.16811162701724,42.3506716683632],[-71.16825462600646,42.350673668200386],[-71.16842562583793,42.350665668087444],[-71.16870962646426,42.350862668190196],[-71.16895662567842,42.351024668640704],[-71.16908562705314,42.35107966845289],[-71.16924862616192,42.35114866814192],[-71.16978862684877,42.35134566784788],[-71.1699736270261,42.35141966865001],[-71.17030362627108,42.35156066748067],[-71.17086462661642,42.35184166864117],[-71.17174862691016,42.352290668281086],[-71.17260762750598,42.35271366792453],[-71.17352062769717,42.353185668438755],[-71.17386662774545,42.3533686683136],[-71.17390662750509,42.353389668388985],[-71.17393562832888,42.353405668584166],[-71.17399762869518,42.35320366796007],[-71.17402962789366,42.353091668514594],[-71.17413262788062,42.35274866771882],[-71.17426062747505,42.35231966753295],[-71.17430462759918,42.35217366845276],[-71.17437662824524,42.35193366779315],[-71.17440462795638,42.351838667806085],[-71.17443862749842,42.35172566826056],[-71.17446362802659,42.35164266778763],[-71.17457262757841,42.35127466811844],[-71.17462662778009,42.35109366792757],[-71.17464262908067,42.351040668306155],[-71.17470662760013,42.35082566821772],[-71.17475262788025,42.350672667649405],[-71.17479862821952,42.35051866773988],[-71.17485062828729,42.350345668012196],[-71.17479862909903,42.350285668094436],[-71.17479862888302,42.35027366726933],[-71.17470862814461,42.3501636677321],[-71.174265627466,42.34959266707094],[-71.17341862682358,42.34853966728918],[-71.17317162742147,42.348216667145],[-71.17232062697146,42.34718166764089],[-71.17189862657611,42.34666366763335],[-71.17161862705444,42.346689667200586],[-71.17092262637264,42.3467646673243],[-71.17057862641133,42.34679466751794],[-71.17026862645682,42.346814667458915],[-71.1699936264713,42.346818668073006],[-71.16933962707797,42.34676566730114],[-71.16865062575125,42.346722666778035],[-71.16766462573219,42.346647666749625],[-71.1672856251883,42.346615667435756],[-71.16695662559948,42.34658766673841],[-71.1666536249733,42.34656266731001],[-71.16487862430878,42.34643466709854],[-71.1651626256594,42.346558667376165],[-71.16646062523199,42.34697266774594],[-71.1662196253247,42.347344667799554],[-71.16614262473401,42.3475026680433],[-71.16597662516344,42.34784466803113],[-71.16581362448238,42.3480576679472],[-71.16579962555956,42.34807566722682],[-71.16567462436149,42.34823966758078],[-71.16525662544366,42.3485316679911],[-71.1653136244082,42.34854666794627],[-71.16569862517908,42.34867466722099],[-71.16660162603463,42.34892566835432],[-71.16736662542966,42.34913266772598],[-71.16830762550126,42.34939366847425],[-71.16851062561275,42.349471668662275],[-71.16837462634216,42.34956066785753],[-71.16798262592168,42.34984466757624],[-71.16778762522509,42.350001667254425],[-71.16774862593107,42.35011266802935],[-71.16773262573916,42.35024066784852],[-71.16760562588252,42.35061266769142]]]},"properties":{"WARD":"22","PRECINCT":"4","WP_DISTRICT":"22-4","WP_NAME":"Boston Ward 22 Precinct 4","TOWN":"BOSTON","TOWN_ID":35}},{"type":"Feature","geometry":{"type":"Polygon","coordinates":[[[-71.1353316159875,42.363183670807],[-71.13530961662156,42.3633076712677],[-71.13531561628628,42.36351167168361],[-71.13535261609101,42.36406567188052],[-71.13535561622976,42.3641106713757],[-71.13539961669747,42.36456967121815],[-71.13540361604385,42.36474967171557],[-71.1354526157125,42.36485767225052],[-71.13555161617921,42.36494467179153],[-71.1355676162402,42.365033672509526],[-71.13554861582725,42.36508067203595],[-71.13581161638022,42.36568367187441],[-71.13623161590466,42.366643672527935],[-71.13630361662241,42.36692067220508],[-71.1365736170255,42.36674367247519],[-71.13697861617825,42.36647867134148],[-71.13705261683788,42.36642967187224],[-71.13753661614085,42.36600867260661],[-71.13856061767565,42.3651076717427],[-71.13897461716935,42.36482367149305],[-71.13914761702206,42.36471167149116],[-71.13946461686707,42.364564672156895],[-71.1396926180575,42.364483672206404],[-71.1398926183446,42.36444867245845],[-71.14012661794551,42.364424672202084],[-71.14040861710706,42.364409672253174],[-71.14064261808554,42.36443067082391],[-71.14099961813187,42.364503671665105],[-71.14139161797932,42.36458167177468],[-71.14190661857266,42.36474067231377],[-71.14213761829593,42.36482167151551],[-71.14248361845081,42.364946671800126],[-71.14290961912,42.365034671932],[-71.14329461845031,42.365092671866435],[-71.14366761933711,42.36508967232338],[-71.14380261833085,42.36506367160478],[-71.14406561891744,42.3650126716634],[-71.14449261886853,42.36483067167045],[-71.14473561953332,42.36464267228762],[-71.1449566191175,42.36444467162792],[-71.14524061898805,42.36415867111944],[-71.14539561960144,42.36395267134679],[-71.14554961890677,42.363707671508585],[-71.14564161989804,42.36345567069794],[-71.14576561883666,42.36324967121485],[-71.14592761964028,42.36294767139634],[-71.14613561975777,42.362697671122106],[-71.14633662004161,42.36248367116887],[-71.14665461934848,42.362219671081284],[-71.14697961918976,42.36194567141432],[-71.14717061935102,42.36176267033884],[-71.14702561971913,42.36174867072361],[-71.14694962014428,42.361741670907726],[-71.1469346197559,42.36173967034021],[-71.14651061889481,42.361698671661514],[-71.14621561959616,42.361669671188984],[-71.14617161978099,42.36166567090794],[-71.14612661921059,42.36166067091447],[-71.14605461955152,42.36165067045694],[-71.14601961940471,42.36164567058716],[-71.14583261932718,42.361631670732635],[-71.14570761912476,42.36161867093606],[-71.14588561973581,42.361510670756],[-71.14577661893308,42.361496670559866],[-71.146171619296,42.36088467017524],[-71.14625161930913,42.36074267107644],[-71.1464676192943,42.3603946706628],[-71.14695161948869,42.359639670392],[-71.14710762033083,42.359368670557906],[-71.14739561937107,42.35885566957724],[-71.147604619829,42.35887566992471],[-71.14758261937727,42.35862967038563],[-71.14775261983334,42.35841267029665],[-71.14785561906618,42.358235669806476],[-71.14790161951895,42.35813366954869],[-71.14791262014326,42.35811067029813],[-71.1479816203275,42.35802467008598],[-71.14829961988391,42.357418669819964],[-71.14856662036274,42.357002669531056],[-71.14908261969461,42.35615966999581],[-71.14840762026654,42.355985669743355],[-71.14839162067875,42.355980670149684],[-71.14799362009313,42.355867670287786],[-71.14753661970373,42.35575766984481],[-71.14658761909811,42.35552666966388],[-71.1463166195921,42.355450669763584],[-71.14611661829554,42.35539566994781],[-71.14589861883145,42.35534566947756],[-71.1456216194542,42.3552766698962],[-71.14516161848772,42.35516167033991],[-71.1441766179769,42.35489766960472],[-71.14380261836159,42.35480566920915],[-71.14334961731532,42.35469466962531],[-71.14257961766974,42.35450466904307],[-71.14237061785511,42.354453669802],[-71.1416636183708,42.354271668956066],[-71.14068161700976,42.35401267019466],[-71.14052061682241,42.35398266910504],[-71.13993161780597,42.35391066969839],[-71.13962161667851,42.3538756695696],[-71.13906661634589,42.353799669652616],[-71.13882361682938,42.35456266935588],[-71.13862561694648,42.35506966906145],[-71.1386086162062,42.35518166991901],[-71.13860861603654,42.35526966941684],[-71.138623616981,42.355349670184246],[-71.1386336169032,42.355449669523246],[-71.13859561650727,42.355672670134894],[-71.13849661631993,42.35605667003236],[-71.13842161651385,42.35632166968575],[-71.13836261682371,42.35657266970928],[-71.13835061673733,42.35662067039807],[-71.13832561689307,42.35675966994316],[-71.13830961744672,42.356801670238326],[-71.13819861576758,42.35710167037345],[-71.1381896172915,42.35714266994781],[-71.1381406159034,42.35728667064445],[-71.13808061571677,42.357427671158106],[-71.13797961685917,42.35761667012925],[-71.1380326172445,42.35762267081482],[-71.13847161650426,42.35768366958855],[-71.13987661712468,42.35786667035283],[-71.14078261754977,42.3579856705035],[-71.14046261660724,42.35854767027846],[-71.14018061748862,42.35911467026532],[-71.14012261718742,42.35924667066764],[-71.13987361825211,42.359669671431405],[-71.1397376168723,42.35990666994649],[-71.1395586177895,42.3602316706851],[-71.13924361758772,42.36080967071276],[-71.13899361771011,42.36126067062526],[-71.13897761644766,42.36131967107245],[-71.13860661695207,42.36193067169901],[-71.13849261683272,42.36211867129041],[-71.13841061762773,42.36225367160269],[-71.13847361714488,42.36278567129165],[-71.1377036172022,42.36287567082543],[-71.13736961624163,42.36292467143755],[-71.13641061602164,42.363033671797176],[-71.1353316159875,42.363183670807]]]},"properties":{"WARD":"22","PRECINCT":"5","WP_DISTRICT":"22-5","WP_NAME":"Boston Ward 22 Precinct 5","TOWN":"BOSTON","TOWN_ID":35}}]}
